[2026-06-13 18:32:27] [+] Inicializando motores del Quant Sniper Bot...
[2026-06-13 18:32:29] [+] Conexión establecida con éxito en servidor: Exness-MT5Trial11
[2026-06-13 18:32:29] [+] Conexiones cerradas de forma segura. Motores apagados.
[2026-06-13 19:00:21] [+] Inicializando motores del Quant Sniper Bot...
[2026-06-13 19:00:21] [+] Conexión establecida con éxito en servidor: Exness-MT5Trial11
[2026-06-13 19:04:29] [-] Apagado del sistema solicitado por el operador.
[2026-06-13 19:04:29] [+] Conexiones cerradas de forma segura. Motores apagados.
[2026-06-13 19:04:35] [+] Inicializando motores del Quant Sniper Bot...
[2026-06-13 19:04:35] [+] Conexión establecida con éxito en servidor: Exness-MT5Trial11
[2026-06-13 19:14:45] [-] Apagado del sistema solicitado por el operador.
[2026-06-13 19:14:45] [+] Conexiones cerradas de forma segura. Motores apagados.
[2026-06-13 19:14:50] [+] Inicializando motores del Quant Sniper Bot...
[2026-06-13 19:14:50] [+] Conexión establecida con éxito en servidor: Exness-MT5Trial11
[2026-06-13 19:27:02] [-] Apagado del sistema solicitado por el operador.
[2026-06-13 19:27:02] [+] Conexiones cerradas de forma segura. Motores apagados.
[2026-06-13 19:29:48] [+] Inicializando motores del Quant Sniper Bot...
[2026-06-13 19:29:48] [+] Conexión establecida con éxito en servidor: Exness-MT5Trial11
[2026-06-13 19:34:37] [-] Apagado del sistema solicitado por el operador.
[2026-06-13 19:34:37] [+] Conexiones cerradas de forma segura. Motores apagados.
[2026-06-13 19:34:42] [+] Inicializando motores del Quant Sniper Bot...
[2026-06-13 19:34:42] [+] Conexión establecida con éxito en servidor: Exness-MT5Trial11
[2026-06-13 19:34:42] [🔥] Señal detectada para BTCUSDm: Lanzando orden BUY...
[2026-06-13 19:34:42] [🔥] Señal detectada para ETHUSDm: Lanzando orden BUY...
[2026-06-13 19:34:42] [🔥] Señal detectada para SOLUSDm: Lanzando orden BUY...
[2026-06-13 19:34:57] [🔥] Señal detectada para BTCUSDm: Lanzando orden BUY...
[2026-06-13 19:34:57] [🔥] Señal detectada para ETHUSDm: Lanzando orden BUY...
[2026-06-13 19:34:57] [🔥] Señal detectada para SOLUSDm: Lanzando orden BUY...
[2026-06-13 19:35:12] [🔥] Señal detectada para BTCUSDm: Lanzando orden BUY...
[2026-06-13 19:35:12] [🔥] Señal detectada para ETHUSDm: Lanzando orden BUY...
[2026-06-13 19:35:12] [🔥] Señal detectada para SOLUSDm: Lanzando orden BUY...
[2026-06-13 19:35:27] [🔥] Señal detectada para BTCUSDm: Lanzando orden BUY...
[2026-06-13 19:35:27] [🔥] Señal detectada para ETHUSDm: Lanzando orden BUY...
[2026-06-13 19:35:27] [🔥] Señal detectada para SOLUSDm: Lanzando orden BUY...
[2026-06-13 19:35:42] [🔥] Señal detectada para BTCUSDm: Lanzando orden BUY...
[2026-06-13 19:35:42] [🔥] Señal detectada para ETHUSDm: Lanzando orden BUY...
[2026-06-13 19:35:42] [🔥] Señal detectada para SOLUSDm: Lanzando orden BUY...
[2026-06-13 19:35:57] [🔥] Señal detectada para BTCUSDm: Lanzando orden BUY...
[2026-06-13 19:35:57] [🔥] Señal detectada para ETHUSDm: Lanzando orden BUY...
[2026-06-13 19:35:57] [🔥] Señal detectada para SOLUSDm: Lanzando orden BUY...
[2026-06-13 19:36:12] [🔥] Señal detectada para BTCUSDm: Lanzando orden BUY...
[2026-06-13 19:36:12] [🔥] Señal detectada para ETHUSDm: Lanzando orden BUY...
[2026-06-13 19:36:12] [🔥] Señal detectada para SOLUSDm: Lanzando orden BUY...
[2026-06-13 19:36:27] [🔥] Señal detectada para BTCUSDm: Lanzando orden BUY...
[2026-06-13 19:36:27] [🔥] Señal detectada para ETHUSDm: Lanzando orden BUY...
[2026-06-13 19:36:27] [🔥] Señal detectada para SOLUSDm: Lanzando orden BUY...
[2026-06-13 19:36:42] [🔥] Señal detectada para BTCUSDm: Lanzando orden BUY...
[2026-06-13 19:36:42] [🔥] Señal detectada para ETHUSDm: Lanzando orden BUY...
[2026-06-13 19:36:42] [🔥] Señal detectada para SOLUSDm: Lanzando orden BUY...
[2026-06-13 19:36:57] [🔥] Señal detectada para BTCUSDm: Lanzando orden BUY...
[2026-06-13 19:36:58] [🔥] Señal detectada para ETHUSDm: Lanzando orden BUY...
[2026-06-13 19:36:58] [🔥] Señal detectada para SOLUSDm: Lanzando orden BUY...
[2026-06-13 19:37:13] [🔥] Señal detectada para BTCUSDm: Lanzando orden BUY...
[2026-06-13 19:37:13] [🔥] Señal detectada para ETHUSDm: Lanzando orden BUY...
[2026-06-13 19:37:13] [🔥] Señal detectada para SOLUSDm: Lanzando orden BUY...
[2026-06-13 19:37:28] [🔥] Señal detectada para BTCUSDm: Lanzando orden BUY...
[2026-06-13 19:37:28] [🔥] Señal detectada para ETHUSDm: Lanzando orden BUY...
[2026-06-13 19:37:28] [🔥] Señal detectada para SOLUSDm: Lanzando orden BUY...
[2026-06-13 19:37:43] [🔥] Señal detectada para BTCUSDm: Lanzando orden BUY...
[2026-06-13 19:37:43] [🔥] Señal detectada para ETHUSDm: Lanzando orden BUY...
[2026-06-13 19:37:43] [🔥] Señal detectada para SOLUSDm: Lanzando orden BUY...
[2026-06-13 19:37:58] [🔥] Señal detectada para BTCUSDm: Lanzando orden BUY...
[2026-06-13 19:37:58] [🔥] Señal detectada para ETHUSDm: Lanzando orden BUY...
[2026-06-13 19:37:58] [🔥] Señal detectada para SOLUSDm: Lanzando orden BUY...
[2026-06-13 19:38:13] [🔥] Señal detectada para BTCUSDm: Lanzando orden BUY...
[2026-06-13 19:38:13] [🔥] Señal detectada para ETHUSDm: Lanzando orden BUY...
[2026-06-13 19:38:13] [🔥] Señal detectada para SOLUSDm: Lanzando orden BUY...
[2026-06-13 19:38:28] [🔥] Señal detectada para BTCUSDm: Lanzando orden BUY...
[2026-06-13 19:38:28] [🔥] Señal detectada para ETHUSDm: Lanzando orden BUY...
[2026-06-13 19:38:28] [🔥] Señal detectada para SOLUSDm: Lanzando orden BUY...
[2026-06-13 19:38:43] [🔥] Señal detectada para BTCUSDm: Lanzando orden BUY...
[2026-06-13 19:38:43] [🔥] Señal detectada para ETHUSDm: Lanzando orden BUY...
[2026-06-13 19:38:43] [🔥] Señal detectada para SOLUSDm: Lanzando orden BUY...
[2026-06-13 19:38:58] [🔥] Señal detectada para BTCUSDm: Lanzando orden BUY...
[2026-06-13 19:38:58] [🔥] Señal detectada para ETHUSDm: Lanzando orden BUY...
[2026-06-13 19:38:58] [🔥] Señal detectada para SOLUSDm: Lanzando orden BUY...
[2026-06-13 19:39:13] [🔥] Señal detectada para BTCUSDm: Lanzando orden BUY...
[2026-06-13 19:39:13] [🔥] Señal detectada para ETHUSDm: Lanzando orden BUY...
[2026-06-13 19:39:13] [🔥] Señal detectada para SOLUSDm: Lanzando orden BUY...
[2026-06-13 19:39:28] [🔥] Señal detectada para BTCUSDm: Lanzando orden BUY...
[2026-06-13 19:39:29] [🔥] Señal detectada para ETHUSDm: Lanzando orden BUY...
[2026-06-13 19:39:29] [🔥] Señal detectada para SOLUSDm: Lanzando orden BUY...
[2026-06-13 19:39:44] [🔥] Señal detectada para BTCUSDm: Lanzando orden BUY...
[2026-06-13 19:39:44] [🔥] Señal detectada para ETHUSDm: Lanzando orden BUY...
[2026-06-13 19:39:44] [🔥] Señal detectada para SOLUSDm: Lanzando orden BUY...
[2026-06-13 19:39:59] [🔥] Señal detectada para BTCUSDm: Lanzando orden BUY...
[2026-06-13 19:39:59] [🔥] Señal detectada para ETHUSDm: Lanzando orden BUY...
[2026-06-13 19:39:59] [🔥] Señal detectada para SOLUSDm: Lanzando orden BUY...
[2026-06-13 19:40:14] [🔥] Señal detectada para BTCUSDm: Lanzando orden BUY...
[2026-06-13 19:40:14] [🔥] Señal detectada para ETHUSDm: Lanzando orden BUY...
[2026-06-13 19:40:14] [🔥] Señal detectada para SOLUSDm: Lanzando orden BUY...
[2026-06-13 19:40:29] [🔥] Señal detectada para BTCUSDm: Lanzando orden BUY...
[2026-06-13 19:40:29] [🔥] Señal detectada para ETHUSDm: Lanzando orden BUY...
[2026-06-13 19:40:29] [🔥] Señal detectada para SOLUSDm: Lanzando orden BUY...
[2026-06-13 19:40:44] [🔥] Señal detectada para BTCUSDm: Lanzando orden BUY...
[2026-06-13 19:40:44] [🔥] Señal detectada para ETHUSDm: Lanzando orden BUY...
[2026-06-13 19:40:44] [🔥] Señal detectada para SOLUSDm: Lanzando orden BUY...
[2026-06-13 19:40:59] [🔥] Señal detectada para BTCUSDm: Lanzando orden BUY...
[2026-06-13 19:40:59] [🔥] Señal detectada para ETHUSDm: Lanzando orden BUY...
[2026-06-13 19:40:59] [🔥] Señal detectada para SOLUSDm: Lanzando orden BUY...
[2026-06-13 19:41:14] [🔥] Señal detectada para BTCUSDm: Lanzando orden BUY...
[2026-06-13 19:41:14] [🔥] Señal detectada para ETHUSDm: Lanzando orden BUY...
[2026-06-13 19:41:14] [🔥] Señal detectada para SOLUSDm: Lanzando orden BUY...
[2026-06-13 19:41:29] [🔥] Señal detectada para BTCUSDm: Lanzando orden BUY...
[2026-06-13 19:41:29] [🔥] Señal detectada para ETHUSDm: Lanzando orden BUY...
[2026-06-13 19:41:29] [🔥] Señal detectada para SOLUSDm: Lanzando orden BUY...
[2026-06-13 19:41:44] [🔥] Señal detectada para BTCUSDm: Lanzando orden BUY...
[2026-06-13 19:41:44] [🔥] Señal detectada para ETHUSDm: Lanzando orden BUY...
[2026-06-13 19:41:44] [🔥] Señal detectada para SOLUSDm: Lanzando orden BUY...
[2026-06-13 19:41:59] [🔥] Señal detectada para BTCUSDm: Lanzando orden BUY...
[2026-06-13 19:41:59] [🔥] Señal detectada para ETHUSDm: Lanzando orden BUY...
[2026-06-13 19:41:59] [🔥] Señal detectada para SOLUSDm: Lanzando orden BUY...
[2026-06-13 19:42:14] [🔥] Señal detectada para BTCUSDm: Lanzando orden BUY...
[2026-06-13 19:42:14] [🔥] Señal detectada para ETHUSDm: Lanzando orden BUY...
[2026-06-13 19:42:14] [🔥] Señal detectada para SOLUSDm: Lanzando orden BUY...
[2026-06-13 19:42:29] [🔥] Señal detectada para BTCUSDm: Lanzando orden BUY...
[2026-06-13 19:42:29] [🔥] Señal detectada para ETHUSDm: Lanzando orden BUY...
[2026-06-13 19:42:29] [🔥] Señal detectada para SOLUSDm: Lanzando orden BUY...
[2026-06-13 19:42:44] [🔥] Señal detectada para BTCUSDm: Lanzando orden BUY...
[2026-06-13 19:42:44] [🔥] Señal detectada para ETHUSDm: Lanzando orden BUY...
[2026-06-13 19:42:44] [🔥] Señal detectada para SOLUSDm: Lanzando orden BUY...
[2026-06-13 19:42:59] [🔥] Señal detectada para BTCUSDm: Lanzando orden BUY...
[2026-06-13 19:42:59] [🔥] Señal detectada para ETHUSDm: Lanzando orden BUY...
[2026-06-13 19:42:59] [🔥] Señal detectada para SOLUSDm: Lanzando orden BUY...
[2026-06-13 19:43:14] [🔥] Señal detectada para BTCUSDm: Lanzando orden BUY...
[2026-06-13 19:43:14] [🔥] Señal detectada para ETHUSDm: Lanzando orden BUY...
[2026-06-13 19:43:14] [🔥] Señal detectada para SOLUSDm: Lanzando orden BUY...
[2026-06-13 19:43:17] [-] Apagado del sistema solicitado por el operador.
[2026-06-13 19:43:17] [+] Conexiones cerradas de forma segura. Motores apagados.
[2026-06-13 19:47:40] [+] Inicializando motores del Quant Sniper Bot...
[2026-06-13 19:47:40] [+] Conexión establecida con éxito en servidor: Exness-MT5Trial11
[2026-06-13 20:22:31] [-] Apagado del sistema solicitado por el operador.
[2026-06-13 20:22:31] [+] Conexiones cerradas de forma segura. Motores apagados.
[2026-06-13 20:22:53] [+] Inicializando motores del Quant Sniper Bot...
[2026-06-13 20:22:53] [+] Conexión establecida con éxito en servidor: Exness-MT5Trial11
[2026-06-13 20:33:18] [-] Apagado del sistema solicitado por el operador.
[2026-06-13 20:33:18] [+] Conexiones cerradas de forma segura. Motores apagados.
[2026-06-13 20:35:48] [+] Inicializando motores del Quant Sniper Bot...
[2026-06-13 20:35:48] [+] Conexión establecida con éxito en servidor: Exness-MT5Trial11
[2026-06-13 20:38:49] [🔥] Señal detectada para BTCUSDm: Lanzando orden BUY...
[2026-06-13 20:42:53] [-] Apagado del sistema solicitado por el operador.
[2026-06-13 20:42:53] [+] Conexiones cerradas de forma segura. Motores apagados.
[2026-06-13 20:44:11] [+] Inicializando motores del Quant Sniper Bot...
[2026-06-13 20:44:11] [+] Conexión establecida con éxito en servidor: Exness-MT5Trial11
[2026-06-13 20:57:14] [🔥] Señal detectada para ETHUSDm: Lanzando orden BUY...
[2026-06-13 20:57:29] [🔥] Señal detectada para ETHUSDm: Lanzando orden BUY...
[2026-06-13 20:57:44] [🔥] Señal detectada para ETHUSDm: Lanzando orden BUY...
[2026-06-13 20:57:59] [🔥] Señal detectada para ETHUSDm: Lanzando orden BUY...
[2026-06-13 20:58:14] [🔥] Señal detectada para ETHUSDm: Lanzando orden BUY...
[2026-06-13 20:58:29] [🔥] Señal detectada para ETHUSDm: Lanzando orden BUY...
[2026-06-13 20:58:44] [🔥] Señal detectada para ETHUSDm: Lanzando orden BUY...
[2026-06-13 20:58:59] [🔥] Señal detectada para ETHUSDm: Lanzando orden BUY...
[2026-06-13 20:59:14] [🔥] Señal detectada para ETHUSDm: Lanzando orden BUY...
[2026-06-13 20:59:59] [🔥] Señal detectada para BTCUSDm: Lanzando orden BUY...
[2026-06-13 20:59:59] [🔥] Señal detectada para ETHUSDm: Lanzando orden BUY...
[2026-06-13 21:00:14] [🔥] Señal detectada para ETHUSDm: Lanzando orden BUY...
[2026-06-13 21:00:29] [🔥] Señal detectada para ETHUSDm: Lanzando orden BUY...
[2026-06-13 21:00:44] [🔥] Señal detectada para ETHUSDm: Lanzando orden BUY...
[2026-06-13 21:00:59] [🔥] Señal detectada para BTCUSDm: Lanzando orden BUY...
[2026-06-13 21:00:59] [🔥] Señal detectada para ETHUSDm: Lanzando orden BUY...
[2026-06-13 21:01:15] [🔥] Señal detectada para ETHUSDm: Lanzando orden BUY...
[2026-06-13 21:01:30] [🔥] Señal detectada para ETHUSDm: Lanzando orden BUY...
[2026-06-13 21:01:45] [🔥] Señal detectada para ETHUSDm: Lanzando orden BUY...
[2026-06-13 21:01:52] [-] Apagado del sistema solicitado por el operador.
[2026-06-13 21:01:52] [+] Conexiones cerradas de forma segura. Motores apagados.
[2026-06-13 21:08:05] [+] Inicializando motores del Quant Sniper Bot...
[2026-06-13 21:08:05] [+] Conexión establecida con éxito en servidor: Exness-MT5Trial11
[2026-06-13 21:08:05] [🔥] Señal detectada para LTCUSDm: Lanzando orden BUY...
[2026-06-13 21:08:20] [🔥] Señal detectada para LTCUSDm: Lanzando orden BUY...
[2026-06-13 21:08:35] [🔥] Señal detectada para LTCUSDm: Lanzando orden BUY...
[2026-06-13 21:08:50] [🔥] Señal detectada para LTCUSDm: Lanzando orden BUY...
[2026-06-13 21:09:05] [🔥] Señal detectada para LTCUSDm: Lanzando orden BUY...
[2026-06-13 21:09:20] [🔥] Señal detectada para LTCUSDm: Lanzando orden BUY...
[2026-06-13 21:09:35] [🔥] Señal detectada para LTCUSDm: Lanzando orden BUY...
[2026-06-13 21:09:50] [🔥] Señal detectada para LTCUSDm: Lanzando orden BUY...
[2026-06-13 21:11:06] [🔥] Señal detectada para LTCUSDm: Lanzando orden BUY...
[2026-06-13 21:11:21] [🔥] Señal detectada para LTCUSDm: Lanzando orden BUY...
[2026-06-13 21:11:36] [🔥] Señal detectada para LTCUSDm: Lanzando orden BUY...
[2026-06-13 21:11:51] [🔥] Señal detectada para LTCUSDm: Lanzando orden BUY...
[2026-06-13 21:12:06] [🔥] Señal detectada para LTCUSDm: Lanzando orden BUY...
[2026-06-13 21:12:21] [🔥] Señal detectada para LTCUSDm: Lanzando orden BUY...
[2026-06-13 21:12:36] [🔥] Señal detectada para LTCUSDm: Lanzando orden BUY...
[2026-06-13 21:12:40] [-] Apagado del sistema solicitado por el operador.
[2026-06-13 21:12:40] [+] Conexiones cerradas de forma segura. Motores apagados.
[2026-06-13 21:12:47] [+] Inicializando motores del Quant Sniper Bot...
[2026-06-13 21:12:47] [+] Conexión establecida con éxito en servidor: Exness-MT5Trial11
[2026-06-13 21:21:50] [🔥] Señal detectada para ETHUSDm: Lanzando orden BUY...
[2026-06-13 21:23:20] [🔥] Señal detectada para BTCUSDm: Lanzando orden BUY...
[2026-06-13 21:24:51] [🔥] Señal detectada para BTCUSDm: Lanzando orden BUY...
[2026-06-13 21:25:06] [🔥] Señal detectada para BTCUSDm: Lanzando orden BUY...
[2026-06-13 21:25:36] [🔥] Señal detectada para BTCUSDm: Lanzando orden BUY...
[2026-06-13 21:26:06] [🔥] Señal detectada para BTCUSDm: Lanzando orden BUY...
[2026-06-13 21:26:21] [🔥] Señal detectada para BTCUSDm: Lanzando orden BUY...
[2026-06-13 21:27:06] [🔥] Señal detectada para BTCUSDm: Lanzando orden BUY...
[2026-06-13 21:27:21] [🔥] Señal detectada para BTCUSDm: Lanzando orden BUY...
[2026-06-13 21:29:21] [🔥] Señal detectada para BTCUSDm: Lanzando orden BUY...
[2026-06-13 21:30:06] [🔥] Señal detectada para BTCUSDm: Lanzando orden BUY...
[2026-06-13 21:30:22] [🔥] Señal detectada para BTCUSDm: Lanzando orden BUY...
[2026-06-13 21:30:37] [🔥] Señal detectada para BTCUSDm: Lanzando orden BUY...
[2026-06-13 22:14:29] [+] Inicializando motores del Quant Sniper Bot...
[2026-06-13 22:14:31] [+] Conexión establecida con éxito en servidor: Exness-MT5Trial11
[2026-06-14 14:47:45] [🔥] Señal detectada para ETHUSDm: Lanzando orden BUY...
[2026-06-14 15:54:12] [-] Apagado del sistema solicitado por el operador.
[2026-06-14 15:54:12] [+] Conexiones cerradas de forma segura. Motores apagados.
[2026-06-14 18:36:33] Fila de patrullaje activada con Firma: 1000
[2026-06-14 18:36:33] Fila de patrullaje activada con Firma: 3000
[2026-06-14 18:36:33] Patrullando 3 activos...
[2026-06-14 18:36:33] Fila de patrullaje activada con Firma: 2000
[2026-06-14 18:36:33] Patrullando 2 activos...
[2026-06-14 18:36:33] Patrullando 2 activos...
[2026-06-14 18:36:48] Patrullando 3 activos...
[2026-06-14 18:36:48] Patrullando 2 activos...
[2026-06-14 18:36:48] Patrullando 2 activos...
[2026-06-14 18:37:03] Patrullando 3 activos...
[2026-06-14 18:37:03] Patrullando 2 activos...
[2026-06-14 18:37:03] Patrullando 2 activos...
[2026-06-14 18:37:18] Patrullando 3 activos...
[2026-06-14 18:37:18] Patrullando 2 activos...
[2026-06-14 18:37:18] Patrullando 2 activos...
[2026-06-14 18:37:33] Patrullando 3 activos...
[2026-06-14 18:37:33] Patrullando 2 activos...
[2026-06-14 18:37:33] Patrullando 2 activos...
[2026-06-14 18:37:48] Patrullando 3 activos...
[2026-06-14 18:37:48] Patrullando 2 activos...
[2026-06-14 18:37:48] Patrullando 2 activos...
[2026-06-14 18:38:03] Patrullando 3 activos...
[2026-06-14 18:38:03] Patrullando 2 activos...
[2026-06-14 18:38:03] Patrullando 2 activos...
[2026-06-14 18:38:18] Patrullando 3 activos...
[2026-06-14 18:38:18] Patrullando 2 activos...
[2026-06-14 18:38:18] Patrullando 2 activos...
[2026-06-14 18:38:33] Patrullando 3 activos...
[2026-06-14 18:38:33] Patrullando 2 activos...
[2026-06-14 18:38:33] Patrullando 2 activos...
[2026-06-14 18:38:48] Patrullando 3 activos...
[2026-06-14 18:38:48] Patrullando 2 activos...
[2026-06-14 18:38:48] Patrullando 2 activos...
[2026-06-14 18:39:03] Patrullando 3 activos...
[2026-06-14 18:39:03] Patrullando 2 activos...
[2026-06-14 18:39:03] Patrullando 2 activos...
[2026-06-14 18:39:18] Patrullando 3 activos...
[2026-06-14 18:39:18] Patrullando 2 activos...
[2026-06-14 18:39:18] Patrullando 2 activos...
[2026-06-14 18:39:33] Patrullando 3 activos...
[2026-06-14 18:39:33] Patrullando 2 activos...
[2026-06-14 18:39:33] Patrullando 2 activos...
[2026-06-14 18:39:48] Patrullando 3 activos...
[2026-06-14 18:39:48] Patrullando 2 activos...
[2026-06-14 18:39:48] Patrullando 2 activos...
[2026-06-14 18:40:03] Patrullando 3 activos...
[2026-06-14 18:40:03] Patrullando 2 activos...
[2026-06-14 18:40:03] Patrullando 2 activos...
[2026-06-14 18:40:18] Patrullando 3 activos...
[2026-06-14 18:40:18] Patrullando 2 activos...
[2026-06-14 18:40:18] Patrullando 2 activos...
[2026-06-14 18:40:33] Patrullando 3 activos...
[2026-06-14 18:40:33] Patrullando 2 activos...
[2026-06-14 18:40:34] Patrullando 2 activos...
[2026-06-14 18:40:49] Patrullando 2 activos...
[2026-06-14 18:40:49] Patrullando 3 activos...
[2026-06-14 18:40:49] Patrullando 2 activos...
[2026-06-14 18:41:04] Patrullando 2 activos...
[2026-06-14 18:41:04] Patrullando 3 activos...
[2026-06-14 18:41:04] Patrullando 2 activos...
[2026-06-14 18:41:19] Patrullando 2 activos...
[2026-06-14 18:41:19] Patrullando 3 activos...
[2026-06-14 18:41:19] Patrullando 2 activos...
[2026-06-14 18:41:34] Patrullando 2 activos...
[2026-06-14 18:41:34] Patrullando 3 activos...
[2026-06-14 18:41:34] Patrullando 2 activos...
[2026-06-14 18:41:49] Patrullando 2 activos...
[2026-06-14 18:41:49] Patrullando 3 activos...
[2026-06-14 18:41:49] Patrullando 2 activos...
[2026-06-14 18:42:04] Patrullando 2 activos...
[2026-06-14 18:42:04] Patrullando 3 activos...
[2026-06-14 18:42:04] Patrullando 2 activos...
[2026-06-14 18:42:19] Patrullando 2 activos...
[2026-06-14 18:42:19] Patrullando 3 activos...
[2026-06-14 18:42:19] Patrullando 2 activos...
[2026-06-14 18:42:34] Patrullando 2 activos...
[2026-06-14 18:42:34] Patrullando 3 activos...
[2026-06-14 18:42:34] Patrullando 2 activos...
[2026-06-14 18:50:35] Fila de patrullaje activada con Firma: 1000
[2026-06-14 18:50:35] Fila de patrullaje activada con Firma: 3000
[2026-06-14 18:50:35] Patrullando 3 activos...
[2026-06-14 18:50:35] Patrullando 2 activos...
[2026-06-14 18:50:35] Fila de patrullaje activada con Firma: 2000
[2026-06-14 18:50:35] Patrullando 2 activos...
[2026-06-14 18:50:50] Patrullando 2 activos...
[2026-06-14 18:50:50] Patrullando 3 activos...
[2026-06-14 18:50:50] Patrullando 2 activos...
[2026-06-14 18:51:05] Patrullando 2 activos...
[2026-06-14 18:51:05] Patrullando 3 activos...
[2026-06-14 18:51:05] Patrullando 2 activos...
[2026-06-14 18:51:20] Patrullando 2 activos...
[2026-06-14 18:51:20] Patrullando 3 activos...
[2026-06-14 18:51:20] Patrullando 2 activos...
[2026-06-14 18:51:35] Patrullando 2 activos...
[2026-06-14 18:51:35] Patrullando 3 activos...
[2026-06-14 18:51:35] Patrullando 2 activos...
[2026-06-14 18:51:50] Patrullando 2 activos...
[2026-06-14 18:51:50] Patrullando 3 activos...
[2026-06-14 18:51:50] Patrullando 2 activos...
[2026-06-14 18:52:05] Patrullando 2 activos...
[2026-06-14 18:52:05] Patrullando 3 activos...
[2026-06-14 18:52:05] Patrullando 2 activos...
[2026-06-14 18:52:20] Patrullando 2 activos...
[2026-06-14 18:52:20] Patrullando 3 activos...
[2026-06-14 18:52:20] Patrullando 2 activos...
[2026-06-14 18:52:35] Patrullando 2 activos...
[2026-06-14 18:52:35] Patrullando 3 activos...
[2026-06-14 18:52:35] Patrullando 2 activos...
[2026-06-14 18:52:50] Patrullando 2 activos...
[2026-06-14 18:52:50] Patrullando 3 activos...
[2026-06-14 18:52:50] Patrullando 2 activos...
[2026-06-14 18:53:05] Patrullando 2 activos...
[2026-06-14 18:53:05] Patrullando 3 activos...
[2026-06-14 18:53:05] Patrullando 2 activos...
[2026-06-14 18:53:20] Patrullando 2 activos...
[2026-06-14 18:53:20] Patrullando 3 activos...
[2026-06-14 18:53:20] Patrullando 2 activos...
[2026-06-14 18:53:35] Patrullando 2 activos...
[2026-06-14 18:53:35] Patrullando 3 activos...
[2026-06-14 18:53:35] Patrullando 2 activos...
[2026-06-14 18:53:50] Patrullando 2 activos...
[2026-06-14 18:53:50] Patrullando 3 activos...
[2026-06-14 18:53:50] Patrullando 2 activos...
[2026-06-14 18:54:05] Patrullando 2 activos...
[2026-06-14 18:54:05] Patrullando 3 activos...
[2026-06-14 18:54:05] Patrullando 2 activos...
[2026-06-14 18:54:20] Patrullando 2 activos...
[2026-06-14 18:54:20] Patrullando 3 activos...
[2026-06-14 18:54:20] Patrullando 2 activos...
[2026-06-14 18:54:35] Patrullando 2 activos...
[2026-06-14 18:54:35] Patrullando 3 activos...
[2026-06-14 18:54:35] Patrullando 2 activos...
[2026-06-14 18:54:50] Patrullando 2 activos...
[2026-06-14 18:54:50] Patrullando 3 activos...
[2026-06-14 18:54:50] Patrullando 2 activos...
[2026-06-14 18:55:05] Patrullando 2 activos...
[2026-06-14 18:55:05] Patrullando 3 activos...
[2026-06-14 18:55:05] Patrullando 2 activos...
[2026-06-14 18:55:20] Patrullando 2 activos...
[2026-06-14 18:55:20] Patrullando 3 activos...
[2026-06-14 18:55:20] Patrullando 2 activos...
[2026-06-14 18:55:35] Patrullando 2 activos...
[2026-06-14 18:55:35] Patrullando 3 activos...
[2026-06-14 18:55:35] Patrullando 2 activos...
[2026-06-14 18:55:50] Patrullando 2 activos...
[2026-06-14 18:55:50] Patrullando 3 activos...
[2026-06-14 18:55:50] Patrullando 2 activos...
[2026-06-14 18:56:05] Patrullando 2 activos...
[2026-06-14 18:56:05] Patrullando 3 activos...
[2026-06-14 18:56:05] Patrullando 2 activos...
[2026-06-14 18:56:15] (Hilo: MainThread) Inicializando motores del Quant Sniper Multi-Thread Bot...
[2026-06-14 18:56:15] (Hilo: MainThread) Conexión establecida con éxito. Desplegando hilos de trabajo...
[2026-06-14 18:56:15] (Hilo: FOREX) Fila de patrullaje activada con Firma: 1000
[2026-06-14 18:56:15] (Hilo: FOREX) Patrullando 3 activos...
[2026-06-14 18:56:15] (Hilo: METALES) Fila de patrullaje activada con Firma: 3000
[2026-06-14 18:56:15] (Hilo: CRIPTO) Fila de patrullaje activada con Firma: 2000
[2026-06-14 18:56:15] (Hilo: METALES) Patrullando 2 activos...
[2026-06-14 18:56:15] (Hilo: INDICES) Fila de patrullaje activada con Firma: 4000
[2026-06-14 18:56:15] (Hilo: CRIPTO) Patrullando 2 activos...
[2026-06-14 18:56:15] (Hilo: INDICES) Patrullando 3 activos...
[2026-06-14 18:56:15] (Hilo: ENERGIA) Fila de patrullaje activada con Firma: 5000
[2026-06-14 18:56:15] (Hilo: ENERGIA) Patrullando 3 activos...
[2026-06-14 18:56:30] (Hilo: FOREX) Patrullando 3 activos...
[2026-06-14 18:56:30] (Hilo: METALES) Patrullando 2 activos...
[2026-06-14 18:56:30] (Hilo: CRIPTO) Patrullando 2 activos...
[2026-06-14 18:56:30] (Hilo: INDICES) Patrullando 3 activos...
[2026-06-14 18:56:31] (Hilo: ENERGIA) Patrullando 3 activos...
[2026-06-14 18:56:45] (Hilo: FOREX) Patrullando 3 activos...
[2026-06-14 18:56:45] (Hilo: METALES) Patrullando 2 activos...
[2026-06-14 18:56:45] (Hilo: CRIPTO) Patrullando 2 activos...
[2026-06-14 18:56:45] (Hilo: INDICES) Patrullando 3 activos...
[2026-06-14 18:56:46] (Hilo: ENERGIA) Patrullando 3 activos...
[2026-06-14 18:57:00] (Hilo: FOREX) Patrullando 3 activos...
[2026-06-14 18:57:00] (Hilo: METALES) Patrullando 2 activos...
[2026-06-14 18:57:00] (Hilo: CRIPTO) Patrullando 2 activos...
[2026-06-14 18:57:00] (Hilo: INDICES) Patrullando 3 activos...
[2026-06-14 18:57:01] (Hilo: ENERGIA) Patrullando 3 activos...
[2026-06-14 18:57:15] (Hilo: FOREX) Patrullando 3 activos...
[2026-06-14 18:57:15] (Hilo: METALES) Patrullando 2 activos...
[2026-06-14 18:57:15] (Hilo: CRIPTO) Patrullando 2 activos...
[2026-06-14 18:57:15] (Hilo: INDICES) Patrullando 3 activos...
[2026-06-14 18:57:16] (Hilo: ENERGIA) Patrullando 3 activos...
[2026-06-14 18:57:30] (Hilo: FOREX) Patrullando 3 activos...
[2026-06-14 18:57:30] (Hilo: METALES) Patrullando 2 activos...
[2026-06-14 18:57:30] (Hilo: CRIPTO) Patrullando 2 activos...
[2026-06-14 18:57:30] (Hilo: INDICES) Patrullando 3 activos...
[2026-06-14 18:57:31] (Hilo: ENERGIA) Patrullando 3 activos...
[2026-06-14 18:57:45] (Hilo: FOREX) Patrullando 3 activos...
[2026-06-14 18:57:45] (Hilo: METALES) Patrullando 2 activos...
[2026-06-14 18:57:45] (Hilo: CRIPTO) Patrullando 2 activos...
[2026-06-14 18:57:45] (Hilo: INDICES) Patrullando 3 activos...
[2026-06-14 18:57:46] (Hilo: ENERGIA) Patrullando 3 activos...
[2026-06-14 18:58:00] (Hilo: FOREX) Patrullando 3 activos...
[2026-06-14 18:58:00] (Hilo: METALES) Patrullando 2 activos...
[2026-06-14 18:58:00] (Hilo: CRIPTO) Patrullando 2 activos...
[2026-06-14 18:58:00] (Hilo: INDICES) Patrullando 3 activos...
[2026-06-14 18:58:01] (Hilo: ENERGIA) Patrullando 3 activos...
[2026-06-14 18:58:15] (Hilo: FOREX) Patrullando 3 activos...
[2026-06-14 18:58:15] (Hilo: METALES) Patrullando 2 activos...
[2026-06-14 18:58:15] (Hilo: CRIPTO) Patrullando 2 activos...
[2026-06-14 18:58:15] (Hilo: INDICES) Patrullando 3 activos...
[2026-06-14 18:58:16] (Hilo: ENERGIA) Patrullando 3 activos...
[2026-06-14 18:58:30] (Hilo: FOREX) Patrullando 3 activos...
[2026-06-14 18:58:30] (Hilo: METALES) Patrullando 2 activos...
[2026-06-14 18:58:30] (Hilo: CRIPTO) Patrullando 2 activos...
[2026-06-14 18:58:30] (Hilo: INDICES) Patrullando 3 activos...
[2026-06-14 18:58:31] (Hilo: ENERGIA) Patrullando 3 activos...
[2026-06-14 18:58:45] (Hilo: FOREX) Patrullando 3 activos...
[2026-06-14 18:58:45] (Hilo: METALES) Patrullando 2 activos...
[2026-06-14 18:58:45] (Hilo: CRIPTO) Patrullando 2 activos...
[2026-06-14 18:58:45] (Hilo: INDICES) Patrullando 3 activos...
[2026-06-14 18:58:46] (Hilo: ENERGIA) Patrullando 3 activos...
[2026-06-14 18:59:00] (Hilo: FOREX) Patrullando 3 activos...
[2026-06-14 18:59:00] (Hilo: CRIPTO) Patrullando 2 activos...
[2026-06-14 18:59:00] (Hilo: METALES) Patrullando 2 activos...
[2026-06-14 18:59:00] (Hilo: INDICES) Patrullando 3 activos...
[2026-06-14 18:59:01] (Hilo: ENERGIA) Patrullando 3 activos...
[2026-06-14 18:59:15] (Hilo: FOREX) Patrullando 3 activos...
[2026-06-14 18:59:15] (Hilo: CRIPTO) Patrullando 2 activos...
[2026-06-14 18:59:15] (Hilo: METALES) Patrullando 2 activos...
[2026-06-14 18:59:15] (Hilo: INDICES) Patrullando 3 activos...
[2026-06-14 18:59:16] (Hilo: ENERGIA) Patrullando 3 activos...
[2026-06-14 18:59:30] (Hilo: FOREX) Patrullando 3 activos...
[2026-06-14 18:59:30] (Hilo: CRIPTO) Patrullando 2 activos...
[2026-06-14 18:59:30] (Hilo: METALES) Patrullando 2 activos...
[2026-06-14 18:59:30] (Hilo: INDICES) Patrullando 3 activos...
[2026-06-14 18:59:31] (Hilo: ENERGIA) Patrullando 3 activos...
[2026-06-14 18:59:45] (Hilo: FOREX) Patrullando 3 activos...
[2026-06-14 18:59:45] (Hilo: CRIPTO) Patrullando 2 activos...
[2026-06-14 18:59:45] (Hilo: METALES) Patrullando 2 activos...
[2026-06-14 18:59:45] (Hilo: INDICES) Patrullando 3 activos...
[2026-06-14 18:59:46] (Hilo: ENERGIA) Patrullando 3 activos...
[2026-06-14 19:00:00] (Hilo: FOREX) Patrullando 3 activos...
[2026-06-14 19:00:00] (Hilo: CRIPTO) Patrullando 2 activos...
[2026-06-14 19:00:00] (Hilo: METALES) Patrullando 2 activos...
[2026-06-14 19:00:00] (Hilo: INDICES) Patrullando 3 activos...
[2026-06-14 19:00:01] (Hilo: ENERGIA) Patrullando 3 activos...
[2026-06-14 19:00:15] (Hilo: FOREX) Patrullando 3 activos...
[2026-06-14 19:00:15] (Hilo: METALES) Patrullando 2 activos...
[2026-06-14 19:00:15] (Hilo: CRIPTO) Patrullando 2 activos...
[2026-06-14 19:00:16] (Hilo: INDICES) Patrullando 3 activos...
[2026-06-14 19:00:16] (Hilo: ENERGIA) Patrullando 3 activos...
[2026-06-14 19:00:30] (Hilo: FOREX) Patrullando 3 activos...
[2026-06-14 19:00:30] (Hilo: METALES) Patrullando 2 activos...
[2026-06-14 19:00:30] (Hilo: CRIPTO) Patrullando 2 activos...
[2026-06-14 19:00:31] (Hilo: INDICES) Patrullando 3 activos...
[2026-06-14 19:00:31] (Hilo: ENERGIA) Patrullando 3 activos...
[2026-06-14 19:00:45] (Hilo: FOREX) Patrullando 3 activos...
[2026-06-14 19:00:45] (Hilo: METALES) Patrullando 2 activos...
[2026-06-14 19:00:45] (Hilo: CRIPTO) Patrullando 2 activos...
[2026-06-14 19:00:46] (Hilo: INDICES) Patrullando 3 activos...
[2026-06-14 19:00:46] (Hilo: ENERGIA) Patrullando 3 activos...
[2026-06-14 19:01:00] (Hilo: FOREX) Patrullando 3 activos...
[2026-06-14 19:01:00] (Hilo: METALES) Patrullando 2 activos...
[2026-06-14 19:01:00] (Hilo: CRIPTO) Patrullando 2 activos...
[2026-06-14 19:01:01] (Hilo: INDICES) Patrullando 3 activos...
[2026-06-14 19:01:01] (Hilo: ENERGIA) Patrullando 3 activos...
[2026-06-14 19:01:15] (Hilo: FOREX) Patrullando 3 activos...
[2026-06-14 19:01:15] (Hilo: METALES) Patrullando 2 activos...
[2026-06-14 19:01:15] (Hilo: CRIPTO) Patrullando 2 activos...
[2026-06-14 19:01:16] (Hilo: INDICES) Patrullando 3 activos...
[2026-06-14 19:01:16] (Hilo: ENERGIA) Patrullando 3 activos...
[2026-06-14 19:01:30] (Hilo: FOREX) Patrullando 3 activos...
[2026-06-14 19:01:30] (Hilo: METALES) Patrullando 2 activos...
[2026-06-14 19:01:30] (Hilo: CRIPTO) Patrullando 2 activos...
[2026-06-14 19:01:31] (Hilo: INDICES) Patrullando 3 activos...
[2026-06-14 19:01:31] (Hilo: ENERGIA) Patrullando 3 activos...
[2026-06-14 19:01:45] (Hilo: FOREX) Patrullando 3 activos...
[2026-06-14 19:01:45] (Hilo: METALES) Patrullando 2 activos...
[2026-06-14 19:01:45] (Hilo: CRIPTO) Patrullando 2 activos...
[2026-06-14 19:01:46] (Hilo: INDICES) Patrullando 3 activos...
[2026-06-14 19:01:46] (Hilo: ENERGIA) Patrullando 3 activos...
[2026-06-14 19:02:00] (Hilo: FOREX) Patrullando 3 activos...
[2026-06-14 19:02:00] (Hilo: METALES) Patrullando 2 activos...
[2026-06-14 19:02:00] (Hilo: CRIPTO) Patrullando 2 activos...
[2026-06-14 19:02:01] (Hilo: INDICES) Patrullando 3 activos...
[2026-06-14 19:02:01] (Hilo: ENERGIA) Patrullando 3 activos...
[2026-06-14 19:02:15] (Hilo: FOREX) Patrullando 3 activos...
[2026-06-14 19:02:15] (Hilo: METALES) Patrullando 2 activos...
[2026-06-14 19:02:15] (Hilo: CRIPTO) Patrullando 2 activos...
[2026-06-14 19:02:16] (Hilo: INDICES) Patrullando 3 activos...
[2026-06-14 19:02:16] (Hilo: ENERGIA) Patrullando 3 activos...
[2026-06-14 19:02:30] (Hilo: FOREX) Patrullando 3 activos...
[2026-06-14 19:02:30] (Hilo: METALES) Patrullando 2 activos...
[2026-06-14 19:02:30] (Hilo: CRIPTO) Patrullando 2 activos...
[2026-06-14 19:02:31] (Hilo: INDICES) Patrullando 3 activos...
[2026-06-14 19:02:31] (Hilo: ENERGIA) Patrullando 3 activos...
[2026-06-14 19:02:45] (Hilo: FOREX) Patrullando 3 activos...
[2026-06-14 19:02:45] (Hilo: METALES) Patrullando 2 activos...
[2026-06-14 19:02:45] (Hilo: CRIPTO) Patrullando 2 activos...
[2026-06-14 19:02:46] (Hilo: INDICES) Patrullando 3 activos...
[2026-06-14 19:02:46] (Hilo: ENERGIA) Patrullando 3 activos...
[2026-06-14 19:03:00] (Hilo: FOREX) Patrullando 3 activos...
[2026-06-14 19:03:00] (Hilo: METALES) Patrullando 2 activos...
[2026-06-14 19:03:00] (Hilo: CRIPTO) Patrullando 2 activos...
[2026-06-14 19:03:01] (Hilo: INDICES) Patrullando 3 activos...
[2026-06-14 19:03:01] (Hilo: ENERGIA) Patrullando 3 activos...
[2026-06-14 19:03:15] (Hilo: FOREX) Patrullando 3 activos...
[2026-06-14 19:03:15] (Hilo: METALES) Patrullando 2 activos...
[2026-06-14 19:03:15] (Hilo: CRIPTO) Patrullando 2 activos...
[2026-06-14 19:03:16] (Hilo: INDICES) Patrullando 3 activos...
[2026-06-14 19:03:16] (Hilo: ENERGIA) Patrullando 3 activos...
[2026-06-14 19:03:30] (Hilo: FOREX) Patrullando 3 activos...
[2026-06-14 19:03:30] (Hilo: METALES) Patrullando 2 activos...
[2026-06-14 19:03:30] (Hilo: CRIPTO) Patrullando 2 activos...
[2026-06-14 19:03:31] (Hilo: INDICES) Patrullando 3 activos...
[2026-06-14 19:03:31] (Hilo: ENERGIA) Patrullando 3 activos...
[2026-06-14 19:03:45] (Hilo: FOREX) Patrullando 3 activos...
[2026-06-14 19:03:45] (Hilo: METALES) Patrullando 2 activos...
[2026-06-14 19:03:45] (Hilo: CRIPTO) Patrullando 2 activos...
[2026-06-14 19:03:46] (Hilo: INDICES) Patrullando 3 activos...
[2026-06-14 19:03:46] (Hilo: ENERGIA) Patrullando 3 activos...
[2026-06-14 19:04:00] (Hilo: FOREX) Patrullando 3 activos...
[2026-06-14 19:04:00] (Hilo: METALES) Patrullando 2 activos...
[2026-06-14 19:04:00] (Hilo: CRIPTO) Patrullando 2 activos...
[2026-06-14 19:04:01] (Hilo: INDICES) Patrullando 3 activos...
[2026-06-14 19:04:01] (Hilo: ENERGIA) Patrullando 3 activos...
[2026-06-14 19:04:15] (Hilo: FOREX) Patrullando 3 activos...
[2026-06-14 19:04:15] (Hilo: METALES) Patrullando 2 activos...
[2026-06-14 19:04:15] (Hilo: CRIPTO) Patrullando 2 activos...
[2026-06-14 19:04:16] (Hilo: INDICES) Patrullando 3 activos...
[2026-06-14 19:04:16] (Hilo: ENERGIA) Patrullando 3 activos...
[2026-06-14 19:04:30] (Hilo: FOREX) Patrullando 3 activos...
[2026-06-14 19:04:30] (Hilo: METALES) Patrullando 2 activos...
[2026-06-14 19:04:30] (Hilo: CRIPTO) Patrullando 2 activos...
[2026-06-14 19:04:31] (Hilo: INDICES) Patrullando 3 activos...
[2026-06-14 19:04:31] (Hilo: ENERGIA) Patrullando 3 activos...
[2026-06-14 19:04:45] (Hilo: FOREX) Patrullando 3 activos...
[2026-06-14 19:04:45] (Hilo: METALES) Patrullando 2 activos...
[2026-06-14 19:04:45] (Hilo: CRIPTO) Patrullando 2 activos...
[2026-06-14 19:04:46] (Hilo: INDICES) Patrullando 3 activos...
[2026-06-14 19:04:46] (Hilo: ENERGIA) Patrullando 3 activos...
[2026-06-14 19:05:00] (Hilo: FOREX) Patrullando 3 activos...
[2026-06-14 19:05:00] (Hilo: METALES) Patrullando 2 activos...
[2026-06-14 19:05:00] (Hilo: CRIPTO) Patrullando 2 activos...
[2026-06-14 19:05:01] (Hilo: INDICES) Patrullando 3 activos...
[2026-06-14 19:05:01] (Hilo: ENERGIA) Patrullando 3 activos...
[2026-06-14 19:05:15] (Hilo: FOREX) Patrullando 3 activos...
[2026-06-14 19:05:15] (Hilo: METALES) Patrullando 2 activos...
[2026-06-14 19:05:15] (Hilo: CRIPTO) Patrullando 2 activos...
[2026-06-14 19:05:16] (Hilo: INDICES) Patrullando 3 activos...
[2026-06-14 19:05:16] (Hilo: ENERGIA) Patrullando 3 activos...
[2026-06-14 19:05:30] (Hilo: FOREX) Patrullando 3 activos...
[2026-06-14 19:05:30] (Hilo: METALES) Patrullando 2 activos...
[2026-06-14 19:05:30] (Hilo: CRIPTO) Patrullando 2 activos...
[2026-06-14 19:05:31] (Hilo: INDICES) Patrullando 3 activos...
[2026-06-14 19:05:31] (Hilo: ENERGIA) Patrullando 3 activos...
[2026-06-14 19:05:45] (Hilo: FOREX) Patrullando 3 activos...
[2026-06-14 19:05:45] (Hilo: METALES) Patrullando 2 activos...
[2026-06-14 19:05:45] (Hilo: CRIPTO) Patrullando 2 activos...
[2026-06-14 19:05:46] (Hilo: INDICES) Patrullando 3 activos...
[2026-06-14 19:05:46] (Hilo: ENERGIA) Patrullando 3 activos...
[2026-06-14 19:06:00] (Hilo: FOREX) Patrullando 3 activos...
[2026-06-14 19:06:00] (Hilo: METALES) Patrullando 2 activos...
[2026-06-14 19:06:00] (Hilo: CRIPTO) Patrullando 2 activos...
[2026-06-14 19:06:01] (Hilo: INDICES) Patrullando 3 activos...
[2026-06-14 19:06:01] (Hilo: ENERGIA) Patrullando 3 activos...
[2026-06-14 19:06:15] (Hilo: FOREX) Patrullando 3 activos...
[2026-06-14 19:06:15] (Hilo: METALES) Patrullando 2 activos...
[2026-06-14 19:06:15] (Hilo: CRIPTO) Patrullando 2 activos...
[2026-06-14 19:06:16] (Hilo: INDICES) Patrullando 3 activos...
[2026-06-14 19:06:16] (Hilo: ENERGIA) Patrullando 3 activos...
[2026-06-14 19:06:30] (Hilo: FOREX) Patrullando 3 activos...
[2026-06-14 19:06:30] (Hilo: METALES) Patrullando 2 activos...
[2026-06-14 19:06:30] (Hilo: CRIPTO) Patrullando 2 activos...
[2026-06-14 19:06:31] (Hilo: INDICES) Patrullando 3 activos...
[2026-06-14 19:06:31] (Hilo: ENERGIA) Patrullando 3 activos...
[2026-06-14 19:06:45] (Hilo: FOREX) Patrullando 3 activos...
[2026-06-14 19:06:45] (Hilo: METALES) Patrullando 2 activos...
[2026-06-14 19:06:45] (Hilo: CRIPTO) Patrullando 2 activos...
[2026-06-14 19:06:46] (Hilo: INDICES) Patrullando 3 activos...
[2026-06-14 19:06:46] (Hilo: ENERGIA) Patrullando 3 activos...
[2026-06-14 19:07:00] (Hilo: FOREX) Patrullando 3 activos...
[2026-06-14 19:07:00] (Hilo: METALES) Patrullando 2 activos...
[2026-06-14 19:07:00] (Hilo: CRIPTO) Patrullando 2 activos...
[2026-06-14 19:07:01] (Hilo: INDICES) Patrullando 3 activos...
[2026-06-14 19:07:01] (Hilo: ENERGIA) Patrullando 3 activos...
[2026-06-14 19:07:15] (Hilo: FOREX) Patrullando 3 activos...
[2026-06-14 19:07:15] (Hilo: METALES) Patrullando 2 activos...
[2026-06-14 19:07:15] (Hilo: CRIPTO) Patrullando 2 activos...
[2026-06-14 19:07:16] (Hilo: INDICES) Patrullando 3 activos...
[2026-06-14 19:07:16] (Hilo: ENERGIA) Patrullando 3 activos...
[2026-06-14 19:07:30] (Hilo: FOREX) Patrullando 3 activos...
[2026-06-14 19:07:30] (Hilo: METALES) Patrullando 2 activos...
[2026-06-14 19:07:30] (Hilo: CRIPTO) Patrullando 2 activos...
[2026-06-14 19:07:31] (Hilo: INDICES) Patrullando 3 activos...
[2026-06-14 19:07:31] (Hilo: ENERGIA) Patrullando 3 activos...
[2026-06-14 19:07:45] (Hilo: FOREX) Patrullando 3 activos...
[2026-06-14 19:07:45] (Hilo: METALES) Patrullando 2 activos...
[2026-06-14 19:07:45] (Hilo: CRIPTO) Patrullando 2 activos...
[2026-06-14 19:07:46] (Hilo: INDICES) Patrullando 3 activos...
[2026-06-14 19:07:46] (Hilo: ENERGIA) Patrullando 3 activos...
[2026-06-14 19:08:00] (Hilo: FOREX) Patrullando 3 activos...
[2026-06-14 19:08:00] (Hilo: METALES) Patrullando 2 activos...
[2026-06-14 19:08:00] (Hilo: CRIPTO) Patrullando 2 activos...
[2026-06-14 19:08:01] (Hilo: INDICES) Patrullando 3 activos...
[2026-06-14 19:08:01] (Hilo: ENERGIA) Patrullando 3 activos...
[2026-06-14 19:08:15] (Hilo: FOREX) Patrullando 3 activos...
[2026-06-14 19:08:15] (Hilo: METALES) Patrullando 2 activos...
[2026-06-14 19:08:15] (Hilo: CRIPTO) Patrullando 2 activos...
[2026-06-14 19:08:16] (Hilo: INDICES) Patrullando 3 activos...
[2026-06-14 19:08:16] (Hilo: ENERGIA) Patrullando 3 activos...
[2026-06-14 19:08:30] (Hilo: FOREX) Patrullando 3 activos...
[2026-06-14 19:08:30] (Hilo: METALES) Patrullando 2 activos...
[2026-06-14 19:08:30] (Hilo: CRIPTO) Patrullando 2 activos...
[2026-06-14 19:08:31] (Hilo: INDICES) Patrullando 3 activos...
[2026-06-14 19:08:31] (Hilo: ENERGIA) Patrullando 3 activos...
[2026-06-14 19:08:45] (Hilo: FOREX) Patrullando 3 activos...
[2026-06-14 19:08:45] (Hilo: METALES) Patrullando 2 activos...
[2026-06-14 19:08:45] (Hilo: CRIPTO) Patrullando 2 activos...
[2026-06-14 19:08:46] (Hilo: INDICES) Patrullando 3 activos...
[2026-06-14 19:08:46] (Hilo: ENERGIA) Patrullando 3 activos...
[2026-06-14 19:09:00] (Hilo: FOREX) Patrullando 3 activos...
[2026-06-14 19:09:00] (Hilo: METALES) Patrullando 2 activos...
[2026-06-14 19:09:00] (Hilo: CRIPTO) Patrullando 2 activos...
[2026-06-14 19:09:01] (Hilo: INDICES) Patrullando 3 activos...
[2026-06-14 19:09:01] (Hilo: ENERGIA) Patrullando 3 activos...
[2026-06-14 19:09:15] (Hilo: FOREX) Patrullando 3 activos...
[2026-06-14 19:09:15] (Hilo: METALES) Patrullando 2 activos...
[2026-06-14 19:09:15] (Hilo: CRIPTO) Patrullando 2 activos...
[2026-06-14 19:09:16] (Hilo: INDICES) Patrullando 3 activos...
[2026-06-14 19:09:16] (Hilo: ENERGIA) Patrullando 3 activos...
[2026-06-14 19:09:30] (Hilo: FOREX) Patrullando 3 activos...
[2026-06-14 19:09:30] (Hilo: METALES) Patrullando 2 activos...
[2026-06-14 19:09:30] (Hilo: CRIPTO) Patrullando 2 activos...
[2026-06-14 19:09:31] (Hilo: INDICES) Patrullando 3 activos...
[2026-06-14 19:09:31] (Hilo: ENERGIA) Patrullando 3 activos...
[2026-06-14 19:09:45] (Hilo: FOREX) Patrullando 3 activos...
[2026-06-14 19:09:45] (Hilo: METALES) Patrullando 2 activos...
[2026-06-14 19:09:45] (Hilo: CRIPTO) Patrullando 2 activos...
[2026-06-14 19:09:46] (Hilo: INDICES) Patrullando 3 activos...
[2026-06-14 19:09:46] (Hilo: ENERGIA) Patrullando 3 activos...
[2026-06-14 19:10:00] (Hilo: FOREX) Patrullando 3 activos...
[2026-06-14 19:10:00] (Hilo: METALES) Patrullando 2 activos...
[2026-06-14 19:10:00] (Hilo: CRIPTO) Patrullando 2 activos...
[2026-06-14 19:10:01] (Hilo: INDICES) Patrullando 3 activos...
[2026-06-14 19:10:01] (Hilo: ENERGIA) Patrullando 3 activos...
[2026-06-14 19:10:15] (Hilo: FOREX) Patrullando 3 activos...
[2026-06-14 19:10:15] (Hilo: METALES) Patrullando 2 activos...
[2026-06-14 19:10:15] (Hilo: CRIPTO) Patrullando 2 activos...
[2026-06-14 19:10:16] (Hilo: INDICES) Patrullando 3 activos...
[2026-06-14 19:10:16] (Hilo: ENERGIA) Patrullando 3 activos...
[2026-06-14 19:10:30] (Hilo: FOREX) Patrullando 3 activos...
[2026-06-14 19:10:30] (Hilo: METALES) Patrullando 2 activos...
[2026-06-14 19:10:30] (Hilo: CRIPTO) Patrullando 2 activos...
[2026-06-14 19:10:31] (Hilo: INDICES) Patrullando 3 activos...
[2026-06-14 19:10:31] (Hilo: ENERGIA) Patrullando 3 activos...
[2026-06-14 19:10:45] (Hilo: FOREX) Patrullando 3 activos...
[2026-06-14 19:10:45] (Hilo: METALES) Patrullando 2 activos...
[2026-06-14 19:10:45] (Hilo: CRIPTO) Patrullando 2 activos...
[2026-06-14 19:10:46] (Hilo: INDICES) Patrullando 3 activos...
[2026-06-14 19:10:46] (Hilo: ENERGIA) Patrullando 3 activos...
[2026-06-14 19:11:00] (Hilo: FOREX) Patrullando 3 activos...
[2026-06-14 19:11:00] (Hilo: METALES) Patrullando 2 activos...
[2026-06-14 19:11:00] (Hilo: CRIPTO) Patrullando 2 activos...
[2026-06-14 19:11:01] (Hilo: INDICES) Patrullando 3 activos...
[2026-06-14 19:11:01] (Hilo: ENERGIA) Patrullando 3 activos...
[2026-06-14 19:11:15] (Hilo: FOREX) Patrullando 3 activos...
[2026-06-14 19:11:15] (Hilo: METALES) Patrullando 2 activos...
[2026-06-14 19:11:15] (Hilo: CRIPTO) Patrullando 2 activos...
[2026-06-14 19:11:16] (Hilo: INDICES) Patrullando 3 activos...
[2026-06-14 19:11:16] (Hilo: ENERGIA) Patrullando 3 activos...
[2026-06-14 19:11:30] (Hilo: FOREX) Patrullando 3 activos...
[2026-06-14 19:11:30] (Hilo: METALES) Patrullando 2 activos...
[2026-06-14 19:11:30] (Hilo: CRIPTO) Patrullando 2 activos...
[2026-06-14 19:11:31] (Hilo: INDICES) Patrullando 3 activos...
[2026-06-14 19:11:31] (Hilo: ENERGIA) Patrullando 3 activos...
[2026-06-14 19:11:45] (Hilo: FOREX) Patrullando 3 activos...
[2026-06-14 19:11:45] (Hilo: METALES) Patrullando 2 activos...
[2026-06-14 19:11:45] (Hilo: CRIPTO) Patrullando 2 activos...
[2026-06-14 19:11:46] (Hilo: INDICES) Patrullando 3 activos...
[2026-06-14 19:11:46] (Hilo: ENERGIA) Patrullando 3 activos...
[2026-06-14 19:12:00] (Hilo: FOREX) Patrullando 3 activos...
[2026-06-14 19:12:00] (Hilo: METALES) Patrullando 2 activos...
[2026-06-14 19:12:00] (Hilo: CRIPTO) Patrullando 2 activos...
[2026-06-14 19:12:01] (Hilo: INDICES) Patrullando 3 activos...
[2026-06-14 19:12:01] (Hilo: ENERGIA) Patrullando 3 activos...
[2026-06-14 19:12:15] (Hilo: FOREX) Patrullando 3 activos...
[2026-06-14 19:12:15] (Hilo: METALES) Patrullando 2 activos...
[2026-06-14 19:12:15] (Hilo: CRIPTO) Patrullando 2 activos...
[2026-06-14 19:12:16] (Hilo: INDICES) Patrullando 3 activos...
[2026-06-14 19:12:16] (Hilo: ENERGIA) Patrullando 3 activos...
[2026-06-14 19:12:30] (Hilo: FOREX) Patrullando 3 activos...
[2026-06-14 19:12:30] (Hilo: METALES) Patrullando 2 activos...
[2026-06-14 19:12:30] (Hilo: CRIPTO) Patrullando 2 activos...
[2026-06-14 19:12:31] (Hilo: INDICES) Patrullando 3 activos...
[2026-06-14 19:12:32] (Hilo: ENERGIA) Patrullando 3 activos...
[2026-06-14 19:12:45] (Hilo: FOREX) Patrullando 3 activos...
[2026-06-14 19:12:45] (Hilo: METALES) Patrullando 2 activos...
[2026-06-14 19:12:45] (Hilo: CRIPTO) Patrullando 2 activos...
[2026-06-14 19:12:46] (Hilo: INDICES) Patrullando 3 activos...
[2026-06-14 19:12:47] (Hilo: ENERGIA) Patrullando 3 activos...
[2026-06-14 19:13:00] (Hilo: FOREX) Patrullando 3 activos...
[2026-06-14 19:13:00] (Hilo: METALES) Patrullando 2 activos...
[2026-06-14 19:13:00] (Hilo: CRIPTO) Patrullando 2 activos...
[2026-06-14 19:13:01] (Hilo: INDICES) Patrullando 3 activos...
[2026-06-14 19:13:02] (Hilo: ENERGIA) Patrullando 3 activos...
[2026-06-14 19:13:15] (Hilo: FOREX) Patrullando 3 activos...
[2026-06-14 19:13:15] (Hilo: METALES) Patrullando 2 activos...
[2026-06-14 19:13:15] (Hilo: CRIPTO) Patrullando 2 activos...
[2026-06-14 19:13:16] (Hilo: INDICES) Patrullando 3 activos...
[2026-06-14 19:13:17] (Hilo: ENERGIA) Patrullando 3 activos...
[2026-06-14 19:13:30] (Hilo: FOREX) Patrullando 3 activos...
[2026-06-14 19:13:30] (Hilo: METALES) Patrullando 2 activos...
[2026-06-14 19:13:30] (Hilo: CRIPTO) Patrullando 2 activos...
[2026-06-14 19:13:31] (Hilo: INDICES) Patrullando 3 activos...
[2026-06-14 19:13:32] (Hilo: ENERGIA) Patrullando 3 activos...
[2026-06-14 19:13:45] (Hilo: FOREX) Patrullando 3 activos...
[2026-06-14 19:13:45] (Hilo: METALES) Patrullando 2 activos...
[2026-06-14 19:13:45] (Hilo: CRIPTO) Patrullando 2 activos...
[2026-06-14 19:13:46] (Hilo: INDICES) Patrullando 3 activos...
[2026-06-14 19:13:47] (Hilo: ENERGIA) Patrullando 3 activos...
[2026-06-14 19:14:00] (Hilo: FOREX) Patrullando 3 activos...
[2026-06-14 19:14:00] (Hilo: METALES) Patrullando 2 activos...
[2026-06-14 19:14:00] (Hilo: CRIPTO) Patrullando 2 activos...
[2026-06-14 19:14:01] (Hilo: INDICES) Patrullando 3 activos...
[2026-06-14 19:14:02] (Hilo: ENERGIA) Patrullando 3 activos...
[2026-06-14 19:14:15] (Hilo: FOREX) Patrullando 3 activos...
[2026-06-14 19:14:15] (Hilo: METALES) Patrullando 2 activos...
[2026-06-14 19:14:15] (Hilo: CRIPTO) Patrullando 2 activos...
[2026-06-14 19:14:16] (Hilo: INDICES) Patrullando 3 activos...
[2026-06-14 19:14:17] (Hilo: ENERGIA) Patrullando 3 activos...
[2026-06-14 19:14:30] (Hilo: FOREX) Patrullando 3 activos...
[2026-06-14 19:14:30] (Hilo: METALES) Patrullando 2 activos...
[2026-06-14 19:14:30] (Hilo: CRIPTO) Patrullando 2 activos...
[2026-06-14 19:14:31] (Hilo: INDICES) Patrullando 3 activos...
[2026-06-14 19:14:32] (Hilo: ENERGIA) Patrullando 3 activos...
[2026-06-14 19:14:45] (Hilo: FOREX) Patrullando 3 activos...
[2026-06-14 19:14:45] (Hilo: METALES) Patrullando 2 activos...
[2026-06-14 19:14:45] (Hilo: CRIPTO) Patrullando 2 activos...
[2026-06-14 19:14:46] (Hilo: INDICES) Patrullando 3 activos...
[2026-06-14 19:14:47] (Hilo: ENERGIA) Patrullando 3 activos...
[2026-06-14 19:15:00] (Hilo: FOREX) Patrullando 3 activos...
[2026-06-14 19:15:00] (Hilo: METALES) Patrullando 2 activos...
[2026-06-14 19:15:00] (Hilo: CRIPTO) Patrullando 2 activos...
[2026-06-14 19:15:01] (Hilo: INDICES) Patrullando 3 activos...
[2026-06-14 19:15:02] (Hilo: ENERGIA) Patrullando 3 activos...
[2026-06-14 19:15:15] (Hilo: FOREX) Patrullando 3 activos...
[2026-06-14 19:15:15] (Hilo: METALES) Patrullando 2 activos...
[2026-06-14 19:15:15] (Hilo: CRIPTO) Patrullando 2 activos...
[2026-06-14 19:15:16] (Hilo: INDICES) Patrullando 3 activos...
[2026-06-14 19:15:17] (Hilo: ENERGIA) Patrullando 3 activos...
[2026-06-14 19:15:30] (Hilo: FOREX) Patrullando 3 activos...
[2026-06-14 19:15:30] (Hilo: METALES) Patrullando 2 activos...
[2026-06-14 19:15:30] (Hilo: CRIPTO) Patrullando 2 activos...
[2026-06-14 19:15:31] (Hilo: INDICES) Patrullando 3 activos...
[2026-06-14 19:15:32] (Hilo: ENERGIA) Patrullando 3 activos...
[2026-06-14 19:15:45] (Hilo: FOREX) Patrullando 3 activos...
[2026-06-14 19:15:45] (Hilo: METALES) Patrullando 2 activos...
[2026-06-14 19:15:45] (Hilo: CRIPTO) Patrullando 2 activos...
[2026-06-14 19:15:46] (Hilo: INDICES) Patrullando 3 activos...
[2026-06-14 19:15:47] (Hilo: ENERGIA) Patrullando 3 activos...
[2026-06-14 19:16:00] (Hilo: FOREX) Patrullando 3 activos...
[2026-06-14 19:16:00] (Hilo: METALES) Patrullando 2 activos...
[2026-06-14 19:16:00] (Hilo: CRIPTO) Patrullando 2 activos...
[2026-06-14 19:16:01] (Hilo: INDICES) Patrullando 3 activos...
[2026-06-14 19:16:02] (Hilo: ENERGIA) Patrullando 3 activos...
[2026-06-14 19:16:15] (Hilo: FOREX) Patrullando 3 activos...
[2026-06-14 19:16:15] (Hilo: METALES) Patrullando 2 activos...
[2026-06-14 19:16:15] (Hilo: CRIPTO) Patrullando 2 activos...
[2026-06-14 19:16:16] (Hilo: INDICES) Patrullando 3 activos...
[2026-06-14 19:16:17] (Hilo: ENERGIA) Patrullando 3 activos...
[2026-06-14 19:16:30] (Hilo: FOREX) Patrullando 3 activos...
[2026-06-14 19:16:30] (Hilo: METALES) Patrullando 2 activos...
[2026-06-14 19:16:30] (Hilo: CRIPTO) Patrullando 2 activos...
[2026-06-14 19:16:31] (Hilo: INDICES) Patrullando 3 activos...
[2026-06-14 19:16:32] (Hilo: ENERGIA) Patrullando 3 activos...
[2026-06-14 19:16:45] (Hilo: FOREX) Patrullando 3 activos...
[2026-06-14 19:16:45] (Hilo: METALES) Patrullando 2 activos...
[2026-06-14 19:16:45] (Hilo: CRIPTO) Patrullando 2 activos...
[2026-06-14 19:16:46] (Hilo: INDICES) Patrullando 3 activos...
[2026-06-14 19:16:47] (Hilo: ENERGIA) Patrullando 3 activos...
[2026-06-14 19:17:00] (Hilo: FOREX) Patrullando 3 activos...
[2026-06-14 19:17:00] (Hilo: METALES) Patrullando 2 activos...
[2026-06-14 19:17:00] (Hilo: CRIPTO) Patrullando 2 activos...
[2026-06-14 19:17:02] (Hilo: INDICES) Patrullando 3 activos...
[2026-06-14 19:17:02] (Hilo: ENERGIA) Patrullando 3 activos...
[2026-06-14 19:17:15] (Hilo: FOREX) Patrullando 3 activos...
[2026-06-14 19:17:15] (Hilo: METALES) Patrullando 2 activos...
[2026-06-14 19:17:15] (Hilo: CRIPTO) Patrullando 2 activos...
[2026-06-14 19:17:17] (Hilo: INDICES) Patrullando 3 activos...
[2026-06-14 19:17:17] (Hilo: ENERGIA) Patrullando 3 activos...
[2026-06-14 19:17:30] (Hilo: FOREX) Patrullando 3 activos...
[2026-06-14 19:17:30] (Hilo: METALES) Patrullando 2 activos...
[2026-06-14 19:17:30] (Hilo: CRIPTO) Patrullando 2 activos...
[2026-06-14 19:17:32] (Hilo: INDICES) Patrullando 3 activos...
[2026-06-14 19:17:32] (Hilo: ENERGIA) Patrullando 3 activos...
[2026-06-14 19:17:45] (Hilo: FOREX) Patrullando 3 activos...
[2026-06-14 19:17:45] (Hilo: METALES) Patrullando 2 activos...
[2026-06-14 19:17:45] (Hilo: CRIPTO) Patrullando 2 activos...
[2026-06-14 19:17:47] (Hilo: INDICES) Patrullando 3 activos...
[2026-06-14 19:17:47] (Hilo: ENERGIA) Patrullando 3 activos...
[2026-06-14 19:18:00] (Hilo: FOREX) Patrullando 3 activos...
[2026-06-14 19:18:00] (Hilo: METALES) Patrullando 2 activos...
[2026-06-14 19:18:00] (Hilo: CRIPTO) Patrullando 2 activos...
[2026-06-14 19:18:02] (Hilo: INDICES) Patrullando 3 activos...
[2026-06-14 19:18:02] (Hilo: ENERGIA) Patrullando 3 activos...
[2026-06-14 19:18:15] (Hilo: FOREX) Patrullando 3 activos...
[2026-06-14 19:18:15] (Hilo: METALES) Patrullando 2 activos...
[2026-06-14 19:18:15] (Hilo: CRIPTO) Patrullando 2 activos...
[2026-06-14 19:18:17] (Hilo: INDICES) Patrullando 3 activos...
[2026-06-14 19:18:17] (Hilo: ENERGIA) Patrullando 3 activos...
[2026-06-14 19:18:30] (Hilo: FOREX) Patrullando 3 activos...
[2026-06-14 19:18:30] (Hilo: METALES) Patrullando 2 activos...
[2026-06-14 19:18:30] (Hilo: CRIPTO) Patrullando 2 activos...
[2026-06-14 19:18:32] (Hilo: INDICES) Patrullando 3 activos...
[2026-06-14 19:18:32] (Hilo: ENERGIA) Patrullando 3 activos...
[2026-06-14 19:18:45] (Hilo: FOREX) Patrullando 3 activos...
[2026-06-14 19:18:45] (Hilo: METALES) Patrullando 2 activos...
[2026-06-14 19:18:45] (Hilo: CRIPTO) Patrullando 2 activos...
[2026-06-14 19:18:47] (Hilo: INDICES) Patrullando 3 activos...
[2026-06-14 19:18:47] (Hilo: ENERGIA) Patrullando 3 activos...
[2026-06-14 19:19:00] (Hilo: FOREX) Patrullando 3 activos...
[2026-06-14 19:19:00] (Hilo: METALES) Patrullando 2 activos...
[2026-06-14 19:19:00] (Hilo: CRIPTO) Patrullando 2 activos...
[2026-06-14 19:19:02] (Hilo: INDICES) Patrullando 3 activos...
[2026-06-14 19:19:02] (Hilo: ENERGIA) Patrullando 3 activos...
[2026-06-14 19:19:15] (Hilo: FOREX) Patrullando 3 activos...
[2026-06-14 19:19:15] (Hilo: METALES) Patrullando 2 activos...
[2026-06-14 19:19:15] (Hilo: CRIPTO) Patrullando 2 activos...
[2026-06-14 19:19:17] (Hilo: INDICES) Patrullando 3 activos...
[2026-06-14 19:19:17] (Hilo: ENERGIA) Patrullando 3 activos...
[2026-06-14 19:19:30] (Hilo: FOREX) Patrullando 3 activos...
[2026-06-14 19:19:30] (Hilo: METALES) Patrullando 2 activos...
[2026-06-14 19:19:31] (Hilo: CRIPTO) Patrullando 2 activos...
[2026-06-14 19:19:32] (Hilo: INDICES) Patrullando 3 activos...
[2026-06-14 19:19:32] (Hilo: ENERGIA) Patrullando 3 activos...
[2026-06-14 19:19:45] (Hilo: FOREX) Patrullando 3 activos...
[2026-06-14 19:19:46] (Hilo: CRIPTO) Patrullando 2 activos...
[2026-06-14 19:19:46] (Hilo: METALES) Patrullando 2 activos...
[2026-06-14 19:19:47] (Hilo: INDICES) Patrullando 3 activos...
[2026-06-14 19:19:47] (Hilo: ENERGIA) Patrullando 3 activos...
[2026-06-14 19:20:01] (Hilo: FOREX) Patrullando 3 activos...
[2026-06-14 19:20:01] (Hilo: CRIPTO) Patrullando 2 activos...
[2026-06-14 19:20:01] (Hilo: METALES) Patrullando 2 activos...
[2026-06-14 19:20:02] (Hilo: INDICES) Patrullando 3 activos...
[2026-06-14 19:20:02] (Hilo: ENERGIA) Patrullando 3 activos...
[2026-06-14 19:20:16] (Hilo: FOREX) Patrullando 3 activos...
[2026-06-14 19:20:16] (Hilo: CRIPTO) Patrullando 2 activos...
[2026-06-14 19:20:16] (Hilo: METALES) Patrullando 2 activos...
[2026-06-14 19:20:17] (Hilo: INDICES) Patrullando 3 activos...
[2026-06-14 19:20:17] (Hilo: ENERGIA) Patrullando 3 activos...
[2026-06-14 19:26:52] (Hilo: METALES) Patrullando 2 activos...
[2026-06-14 19:26:52] (Hilo: CRIPTO) Patrullando 2 activos...
[2026-06-14 19:26:52] (Hilo: FOREX) Patrullando 3 activos...
[2026-06-14 19:26:52] (Hilo: INDICES) Patrullando 3 activos...
[2026-06-14 19:26:52] (Hilo: ENERGIA) Patrullando 3 activos...
[2026-06-14 19:27:07] (Hilo: METALES) Patrullando 2 activos...
[2026-06-14 19:27:08] (Hilo: CRIPTO) Patrullando 2 activos...
[2026-06-14 19:27:08] (Hilo: FOREX) Patrullando 3 activos...
[2026-06-14 19:27:08] (Hilo: INDICES) Patrullando 3 activos...
[2026-06-14 19:27:08] (Hilo: ENERGIA) Patrullando 3 activos...
[2026-06-14 19:27:22] (Hilo: METALES) Patrullando 2 activos...
[2026-06-14 19:27:23] (Hilo: CRIPTO) Patrullando 2 activos...
[2026-06-14 19:27:23] (Hilo: FOREX) Patrullando 3 activos...
[2026-06-14 19:27:23] (Hilo: ENERGIA) Patrullando 3 activos...
[2026-06-14 19:27:23] (Hilo: INDICES) Patrullando 3 activos...
[2026-06-14 19:27:37] (Hilo: METALES) Patrullando 2 activos...
[2026-06-14 19:27:38] (Hilo: CRIPTO) Patrullando 2 activos...
[2026-06-14 19:27:38] (Hilo: FOREX) Patrullando 3 activos...
[2026-06-14 19:27:38] (Hilo: ENERGIA) Patrullando 3 activos...
[2026-06-14 19:27:38] (Hilo: INDICES) Patrullando 3 activos...
[2026-06-14 19:27:52] (Hilo: METALES) Patrullando 2 activos...
[2026-06-14 19:27:53] (Hilo: CRIPTO) Patrullando 2 activos...
[2026-06-14 19:27:53] (Hilo: FOREX) Patrullando 3 activos...
[2026-06-14 19:27:53] (Hilo: ENERGIA) Patrullando 3 activos...
[2026-06-14 19:27:53] (Hilo: INDICES) Patrullando 3 activos...
[2026-06-14 19:28:07] (Hilo: METALES) Patrullando 2 activos...
[2026-06-14 19:28:08] (Hilo: CRIPTO) Patrullando 2 activos...
[2026-06-14 19:28:08] (Hilo: FOREX) Patrullando 3 activos...
[2026-06-14 19:28:08] (Hilo: ENERGIA) Patrullando 3 activos...
[2026-06-14 19:28:08] (Hilo: INDICES) Patrullando 3 activos...
[2026-06-14 19:28:22] (Hilo: METALES) Patrullando 2 activos...
[2026-06-14 19:28:23] (Hilo: CRIPTO) Patrullando 2 activos...
[2026-06-14 19:28:23] (Hilo: FOREX) Patrullando 3 activos...
[2026-06-14 19:28:23] (Hilo: ENERGIA) Patrullando 3 activos...
[2026-06-14 19:28:23] (Hilo: INDICES) Patrullando 3 activos...
[2026-06-14 19:28:37] (Hilo: METALES) Patrullando 2 activos...
[2026-06-14 19:28:38] (Hilo: CRIPTO) Patrullando 2 activos...
[2026-06-14 19:28:38] (Hilo: FOREX) Patrullando 3 activos...
[2026-06-14 19:28:38] (Hilo: ENERGIA) Patrullando 3 activos...
[2026-06-14 19:28:38] (Hilo: INDICES) Patrullando 3 activos...
[2026-06-14 19:28:52] (Hilo: METALES) Patrullando 2 activos...
[2026-06-14 19:28:53] (Hilo: CRIPTO) Patrullando 2 activos...
[2026-06-14 19:28:53] (Hilo: FOREX) Patrullando 3 activos...
[2026-06-14 19:28:53] (Hilo: ENERGIA) Patrullando 3 activos...
[2026-06-14 19:28:53] (Hilo: INDICES) Patrullando 3 activos...
[2026-06-14 19:29:07] (Hilo: METALES) Patrullando 2 activos...
[2026-06-14 19:29:08] (Hilo: CRIPTO) Patrullando 2 activos...
[2026-06-14 19:29:08] (Hilo: FOREX) Patrullando 3 activos...
[2026-06-14 19:29:08] (Hilo: ENERGIA) Patrullando 3 activos...
[2026-06-14 19:29:08] (Hilo: INDICES) Patrullando 3 activos...
[2026-06-14 19:29:22] (Hilo: METALES) Patrullando 2 activos...
[2026-06-14 19:29:23] (Hilo: CRIPTO) Patrullando 2 activos...
[2026-06-14 19:29:23] (Hilo: FOREX) Patrullando 3 activos...
[2026-06-14 19:29:23] (Hilo: ENERGIA) Patrullando 3 activos...
[2026-06-14 19:29:23] (Hilo: INDICES) Patrullando 3 activos...
[2026-06-14 19:29:37] (Hilo: METALES) Patrullando 2 activos...
[2026-06-14 19:29:38] (Hilo: CRIPTO) Patrullando 2 activos...
[2026-06-14 19:29:38] (Hilo: FOREX) Patrullando 3 activos...
[2026-06-14 19:29:38] (Hilo: ENERGIA) Patrullando 3 activos...
[2026-06-14 19:29:38] (Hilo: INDICES) Patrullando 3 activos...
[2026-06-14 19:29:52] (Hilo: METALES) Patrullando 2 activos...
[2026-06-14 19:29:53] (Hilo: CRIPTO) Patrullando 2 activos...
[2026-06-14 19:29:53] (Hilo: FOREX) Patrullando 3 activos...
[2026-06-14 19:29:53] (Hilo: ENERGIA) Patrullando 3 activos...
[2026-06-14 19:29:53] (Hilo: INDICES) Patrullando 3 activos...
[2026-06-14 19:30:07] (Hilo: METALES) Patrullando 2 activos...
[2026-06-14 19:30:08] (Hilo: CRIPTO) Patrullando 2 activos...
[2026-06-14 19:30:08] (Hilo: FOREX) Patrullando 3 activos...
[2026-06-14 19:30:08] (Hilo: ENERGIA) Patrullando 3 activos...
[2026-06-14 19:30:08] (Hilo: INDICES) Patrullando 3 activos...
[2026-06-14 19:30:22] (Hilo: METALES) Patrullando 2 activos...
[2026-06-14 19:30:23] (Hilo: CRIPTO) Patrullando 2 activos...
[2026-06-14 19:30:23] (Hilo: FOREX) Patrullando 3 activos...
[2026-06-14 19:30:23] (Hilo: ENERGIA) Patrullando 3 activos...
[2026-06-14 19:30:23] (Hilo: INDICES) Patrullando 3 activos...
[2026-06-14 19:30:37] (Hilo: METALES) Patrullando 2 activos...
[2026-06-14 19:30:38] (Hilo: CRIPTO) Patrullando 2 activos...
[2026-06-14 19:30:38] (Hilo: FOREX) Patrullando 3 activos...
[2026-06-14 19:30:38] (Hilo: ENERGIA) Patrullando 3 activos...
[2026-06-14 19:30:38] (Hilo: INDICES) Patrullando 3 activos...
[2026-06-14 19:30:52] (Hilo: METALES) Patrullando 2 activos...
[2026-06-14 19:30:53] (Hilo: CRIPTO) Patrullando 2 activos...
[2026-06-14 19:30:53] (Hilo: FOREX) Patrullando 3 activos...
[2026-06-14 19:30:53] (Hilo: ENERGIA) Patrullando 3 activos...
[2026-06-14 19:30:53] (Hilo: INDICES) Patrullando 3 activos...
[2026-06-14 19:31:07] (Hilo: METALES) Patrullando 2 activos...
[2026-06-14 19:31:08] (Hilo: CRIPTO) Patrullando 2 activos...
[2026-06-14 19:31:08] (Hilo: FOREX) Patrullando 3 activos...
[2026-06-14 19:31:08] (Hilo: ENERGIA) Patrullando 3 activos...
[2026-06-14 19:31:08] (Hilo: INDICES) Patrullando 3 activos...
[2026-06-14 19:31:22] (Hilo: METALES) Patrullando 2 activos...
[2026-06-14 19:31:23] (Hilo: CRIPTO) Patrullando 2 activos...
[2026-06-14 19:31:23] (Hilo: FOREX) Patrullando 3 activos...
[2026-06-14 19:31:23] (Hilo: ENERGIA) Patrullando 3 activos...
[2026-06-14 19:31:23] (Hilo: INDICES) Patrullando 3 activos...
[2026-06-14 19:31:38] (Hilo: METALES) Patrullando 2 activos...
[2026-06-14 19:31:38] (Hilo: CRIPTO) Patrullando 2 activos...
[2026-06-14 19:31:38] (Hilo: FOREX) Patrullando 3 activos...
[2026-06-14 19:31:38] (Hilo: ENERGIA) Patrullando 3 activos...
[2026-06-14 19:31:38] (Hilo: INDICES) Patrullando 3 activos...
[2026-06-14 19:31:53] (Hilo: METALES) Patrullando 2 activos...
[2026-06-14 19:31:53] (Hilo: CRIPTO) Patrullando 2 activos...
[2026-06-14 19:31:53] (Hilo: FOREX) Patrullando 3 activos...
[2026-06-14 19:31:53] (Hilo: ENERGIA) Patrullando 3 activos...
[2026-06-14 19:31:53] (Hilo: INDICES) Patrullando 3 activos...
[2026-06-14 19:32:08] (Hilo: METALES) Patrullando 2 activos...
[2026-06-14 19:32:08] (Hilo: FOREX) Patrullando 3 activos...
[2026-06-14 19:32:08] (Hilo: CRIPTO) Patrullando 2 activos...
[2026-06-14 19:32:08] (Hilo: INDICES) Patrullando 3 activos...
[2026-06-14 19:32:08] (Hilo: ENERGIA) Patrullando 3 activos...
[2026-06-14 19:32:23] (Hilo: METALES) Patrullando 2 activos...
[2026-06-14 19:32:23] (Hilo: FOREX) Patrullando 3 activos...
[2026-06-14 19:32:23] (Hilo: CRIPTO) Patrullando 2 activos...
[2026-06-14 19:32:23] (Hilo: INDICES) Patrullando 3 activos...
[2026-06-14 19:32:23] (Hilo: ENERGIA) Patrullando 3 activos...
[2026-06-14 19:32:38] (Hilo: METALES) Patrullando 2 activos...
[2026-06-14 19:32:38] (Hilo: FOREX) Patrullando 3 activos...
[2026-06-14 19:32:38] (Hilo: INDICES) Patrullando 3 activos...
[2026-06-14 19:32:38] (Hilo: CRIPTO) Patrullando 2 activos...
[2026-06-14 19:32:38] (Hilo: ENERGIA) Patrullando 3 activos...
[2026-06-14 19:32:53] (Hilo: METALES) Patrullando 2 activos...
[2026-06-14 19:32:53] (Hilo: FOREX) Patrullando 3 activos...
[2026-06-14 19:32:53] (Hilo: CRIPTO) Patrullando 2 activos...
[2026-06-14 19:32:53] (Hilo: INDICES) Patrullando 3 activos...
[2026-06-14 19:32:53] (Hilo: ENERGIA) Patrullando 3 activos...
[2026-06-14 19:33:08] (Hilo: METALES) Patrullando 2 activos...
[2026-06-14 19:33:08] (Hilo: FOREX) Patrullando 3 activos...
[2026-06-14 19:33:08] (Hilo: CRIPTO) Patrullando 2 activos...
[2026-06-14 19:33:08] (Hilo: INDICES) Patrullando 3 activos...
[2026-06-14 19:33:08] (Hilo: ENERGIA) Patrullando 3 activos...
[2026-06-14 19:33:23] (Hilo: METALES) Patrullando 2 activos...
[2026-06-14 19:33:23] (Hilo: FOREX) Patrullando 3 activos...
[2026-06-14 19:33:23] (Hilo: CRIPTO) Patrullando 2 activos...
[2026-06-14 19:33:23] (Hilo: INDICES) Patrullando 3 activos...
[2026-06-14 19:33:23] (Hilo: ENERGIA) Patrullando 3 activos...
[2026-06-14 19:33:38] (Hilo: METALES) Patrullando 2 activos...
[2026-06-14 19:33:38] (Hilo: FOREX) Patrullando 3 activos...
[2026-06-14 19:33:38] (Hilo: CRIPTO) Patrullando 2 activos...
[2026-06-14 19:33:38] (Hilo: INDICES) Patrullando 3 activos...
[2026-06-14 19:33:38] (Hilo: ENERGIA) Patrullando 3 activos...
[2026-06-14 19:33:53] (Hilo: METALES) Patrullando 2 activos...
[2026-06-14 19:33:53] (Hilo: FOREX) Patrullando 3 activos...
[2026-06-14 19:33:53] (Hilo: CRIPTO) Patrullando 2 activos...
[2026-06-14 19:33:53] (Hilo: INDICES) Patrullando 3 activos...
[2026-06-14 19:33:53] (Hilo: ENERGIA) Patrullando 3 activos...
[2026-06-14 19:34:08] (Hilo: METALES) Patrullando 2 activos...
[2026-06-14 19:34:08] (Hilo: FOREX) Patrullando 3 activos...
[2026-06-14 19:34:08] (Hilo: CRIPTO) Patrullando 2 activos...
[2026-06-14 19:34:08] (Hilo: INDICES) Patrullando 3 activos...
[2026-06-14 19:34:08] (Hilo: ENERGIA) Patrullando 3 activos...
[2026-06-14 19:34:23] (Hilo: METALES) Patrullando 2 activos...
[2026-06-14 19:34:23] (Hilo: FOREX) Patrullando 3 activos...
[2026-06-14 19:34:23] (Hilo: CRIPTO) Patrullando 2 activos...
[2026-06-14 19:34:23] (Hilo: INDICES) Patrullando 3 activos...
[2026-06-14 19:34:23] (Hilo: ENERGIA) Patrullando 3 activos...
[2026-06-14 19:34:38] (Hilo: METALES) Patrullando 2 activos...
[2026-06-14 19:34:38] (Hilo: FOREX) Patrullando 3 activos...
[2026-06-14 19:34:38] (Hilo: CRIPTO) Patrullando 2 activos...
[2026-06-14 19:34:38] (Hilo: ENERGIA) Patrullando 3 activos...
[2026-06-14 19:34:38] (Hilo: INDICES) Patrullando 3 activos...
[2026-06-14 19:34:53] (Hilo: METALES) Patrullando 2 activos...
[2026-06-14 19:34:53] (Hilo: FOREX) Patrullando 3 activos...
[2026-06-14 19:34:53] (Hilo: CRIPTO) Patrullando 2 activos...
[2026-06-14 19:34:53] (Hilo: ENERGIA) Patrullando 3 activos...
[2026-06-14 19:34:53] (Hilo: INDICES) Patrullando 3 activos...
[2026-06-14 19:35:08] (Hilo: METALES) Patrullando 2 activos...
[2026-06-14 19:35:08] (Hilo: FOREX) Patrullando 3 activos...
[2026-06-14 19:35:08] (Hilo: CRIPTO) Patrullando 2 activos...
[2026-06-14 19:35:08] (Hilo: ENERGIA) Patrullando 3 activos...
[2026-06-14 19:35:08] (Hilo: INDICES) Patrullando 3 activos...
[2026-06-14 19:35:23] (Hilo: METALES) Patrullando 2 activos...
[2026-06-14 19:35:23] (Hilo: FOREX) Patrullando 3 activos...
[2026-06-14 19:35:23] (Hilo: CRIPTO) Patrullando 2 activos...
[2026-06-14 19:35:23] (Hilo: ENERGIA) Patrullando 3 activos...
[2026-06-14 19:35:23] (Hilo: INDICES) Patrullando 3 activos...
[2026-06-14 19:48:18] (Hilo: CRIPTO) Patrullando 2 activos...
[2026-06-14 19:48:18] (Hilo: METALES) Patrullando 2 activos...
[2026-06-14 19:48:18] (Hilo: FOREX) Patrullando 3 activos...
[2026-06-14 19:48:18] (Hilo: INDICES) Patrullando 3 activos...
[2026-06-14 19:48:18] (Hilo: ENERGIA) Patrullando 3 activos...
[2026-06-14 19:48:33] (Hilo: CRIPTO) Patrullando 2 activos...
[2026-06-14 19:48:33] (Hilo: METALES) Patrullando 2 activos...
[2026-06-14 19:48:33] (Hilo: FOREX) Patrullando 3 activos...
[2026-06-14 19:48:33] (Hilo: INDICES) Patrullando 3 activos...
[2026-06-14 19:48:33] (Hilo: ENERGIA) Patrullando 3 activos...
[2026-06-14 19:48:48] (Hilo: CRIPTO) Patrullando 2 activos...
[2026-06-14 19:48:48] (Hilo: METALES) Patrullando 2 activos...
[2026-06-14 19:48:48] (Hilo: FOREX) Patrullando 3 activos...
[2026-06-14 19:48:48] (Hilo: INDICES) Patrullando 3 activos...
[2026-06-14 19:48:48] (Hilo: ENERGIA) Patrullando 3 activos...
[2026-06-14 19:49:03] (Hilo: CRIPTO) Patrullando 2 activos...
[2026-06-14 19:49:03] (Hilo: METALES) Patrullando 2 activos...
[2026-06-14 19:49:03] (Hilo: FOREX) Patrullando 3 activos...
[2026-06-14 19:49:03] (Hilo: INDICES) Patrullando 3 activos...
[2026-06-14 19:49:03] (Hilo: ENERGIA) Patrullando 3 activos...
[2026-06-14 19:49:18] (Hilo: CRIPTO) Patrullando 2 activos...
[2026-06-14 19:49:18] (Hilo: METALES) Patrullando 2 activos...
[2026-06-14 19:49:18] (Hilo: FOREX) Patrullando 3 activos...
[2026-06-14 19:49:18] (Hilo: INDICES) Patrullando 3 activos...
[2026-06-14 19:49:18] (Hilo: ENERGIA) Patrullando 3 activos...
[2026-06-14 19:49:33] (Hilo: CRIPTO) Patrullando 2 activos...
[2026-06-14 19:49:33] (Hilo: METALES) Patrullando 2 activos...
[2026-06-14 19:49:33] (Hilo: FOREX) Patrullando 3 activos...
[2026-06-14 19:49:33] (Hilo: INDICES) Patrullando 3 activos...
[2026-06-14 19:49:33] (Hilo: ENERGIA) Patrullando 3 activos...
[2026-06-14 19:49:48] (Hilo: CRIPTO) Patrullando 2 activos...
[2026-06-14 19:49:48] (Hilo: METALES) Patrullando 2 activos...
[2026-06-14 19:49:48] (Hilo: FOREX) Patrullando 3 activos...
[2026-06-14 19:49:48] (Hilo: INDICES) Patrullando 3 activos...
[2026-06-14 19:49:48] (Hilo: ENERGIA) Patrullando 3 activos...
[2026-06-14 19:50:03] (Hilo: CRIPTO) Patrullando 2 activos...
[2026-06-14 19:50:03] (Hilo: METALES) Patrullando 2 activos...
[2026-06-14 19:50:03] (Hilo: FOREX) Patrullando 3 activos...
[2026-06-14 19:50:03] (Hilo: INDICES) Patrullando 3 activos...
[2026-06-14 19:50:03] (Hilo: ENERGIA) Patrullando 3 activos...
[2026-06-14 19:50:18] (Hilo: CRIPTO) Patrullando 2 activos...
[2026-06-14 19:50:18] (Hilo: FOREX) Patrullando 3 activos...
[2026-06-14 19:50:18] (Hilo: METALES) Patrullando 2 activos...
[2026-06-14 19:50:18] (Hilo: INDICES) Patrullando 3 activos...
[2026-06-14 19:50:18] (Hilo: ENERGIA) Patrullando 3 activos...
[2026-06-14 19:50:33] (Hilo: CRIPTO) Patrullando 2 activos...
[2026-06-14 19:50:33] (Hilo: FOREX) Patrullando 3 activos...
[2026-06-14 19:50:33] (Hilo: METALES) Patrullando 2 activos...
[2026-06-14 19:50:33] (Hilo: INDICES) Patrullando 3 activos...
[2026-06-14 19:50:33] (Hilo: ENERGIA) Patrullando 3 activos...
[2026-06-14 19:50:48] (Hilo: CRIPTO) Patrullando 2 activos...
[2026-06-14 19:50:48] (Hilo: FOREX) Patrullando 3 activos...
[2026-06-14 19:50:48] (Hilo: METALES) Patrullando 2 activos...
[2026-06-14 19:50:48] (Hilo: INDICES) Patrullando 3 activos...
[2026-06-14 19:50:48] (Hilo: ENERGIA) Patrullando 3 activos...
[2026-06-14 19:51:03] (Hilo: CRIPTO) Patrullando 2 activos...
[2026-06-14 19:51:03] (Hilo: FOREX) Patrullando 3 activos...
[2026-06-14 19:51:03] (Hilo: METALES) Patrullando 2 activos...
[2026-06-14 19:51:03] (Hilo: INDICES) Patrullando 3 activos...
[2026-06-14 19:51:03] (Hilo: ENERGIA) Patrullando 3 activos...
[2026-06-14 19:51:18] (Hilo: CRIPTO) Patrullando 2 activos...
[2026-06-14 19:51:18] (Hilo: FOREX) Patrullando 3 activos...
[2026-06-14 19:51:18] (Hilo: METALES) Patrullando 2 activos...
[2026-06-14 19:51:18] (Hilo: INDICES) Patrullando 3 activos...
[2026-06-14 19:51:18] (Hilo: ENERGIA) Patrullando 3 activos...
[2026-06-14 19:51:33] (Hilo: CRIPTO) Patrullando 2 activos...
[2026-06-14 19:51:33] (Hilo: FOREX) Patrullando 3 activos...
[2026-06-14 19:51:33] (Hilo: METALES) Patrullando 2 activos...
[2026-06-14 19:51:33] (Hilo: INDICES) Patrullando 3 activos...
[2026-06-14 19:51:33] (Hilo: ENERGIA) Patrullando 3 activos...
[2026-06-14 19:51:48] (Hilo: CRIPTO) Patrullando 2 activos...
[2026-06-14 19:51:48] (Hilo: FOREX) Patrullando 3 activos...
[2026-06-14 19:51:48] (Hilo: METALES) Patrullando 2 activos...
[2026-06-14 19:51:48] (Hilo: INDICES) Patrullando 3 activos...
[2026-06-14 19:51:48] (Hilo: ENERGIA) Patrullando 3 activos...
[2026-06-14 19:52:03] (Hilo: CRIPTO) Patrullando 2 activos...
[2026-06-14 19:52:03] (Hilo: FOREX) Patrullando 3 activos...
[2026-06-14 19:52:03] (Hilo: METALES) Patrullando 2 activos...
[2026-06-14 19:52:03] (Hilo: INDICES) Patrullando 3 activos...
[2026-06-14 19:52:03] (Hilo: ENERGIA) Patrullando 3 activos...
[2026-06-14 19:52:18] (Hilo: CRIPTO) Patrullando 2 activos...
[2026-06-14 19:52:18] (Hilo: FOREX) Patrullando 3 activos...
[2026-06-14 19:52:18] (Hilo: METALES) Patrullando 2 activos...
[2026-06-14 19:52:18] (Hilo: INDICES) Patrullando 3 activos...
[2026-06-14 19:52:19] (Hilo: ENERGIA) Patrullando 3 activos...
[2026-06-14 19:52:33] (Hilo: CRIPTO) Patrullando 2 activos...
[2026-06-14 19:52:33] (Hilo: FOREX) Patrullando 3 activos...
[2026-06-14 19:52:33] (Hilo: METALES) Patrullando 2 activos...
[2026-06-14 19:52:34] (Hilo: INDICES) Patrullando 3 activos...
[2026-06-14 19:52:34] (Hilo: ENERGIA) Patrullando 3 activos...
[2026-06-14 19:52:48] (Hilo: CRIPTO) Patrullando 2 activos...
[2026-06-14 19:52:48] (Hilo: FOREX) Patrullando 3 activos...
[2026-06-14 19:52:48] (Hilo: METALES) Patrullando 2 activos...
[2026-06-14 19:52:49] (Hilo: INDICES) Patrullando 3 activos...
[2026-06-14 19:52:49] (Hilo: ENERGIA) Patrullando 3 activos...
[2026-06-14 19:53:03] (Hilo: CRIPTO) Patrullando 2 activos...
[2026-06-14 19:53:03] (Hilo: FOREX) Patrullando 3 activos...
[2026-06-14 19:53:03] (Hilo: METALES) Patrullando 2 activos...
[2026-06-14 19:53:04] (Hilo: INDICES) Patrullando 3 activos...
[2026-06-14 19:53:04] (Hilo: ENERGIA) Patrullando 3 activos...
[2026-06-14 19:53:18] (Hilo: CRIPTO) Patrullando 2 activos...
[2026-06-14 19:53:18] (Hilo: FOREX) Patrullando 3 activos...
[2026-06-14 19:53:18] (Hilo: METALES) Patrullando 2 activos...
[2026-06-14 19:53:19] (Hilo: INDICES) Patrullando 3 activos...
[2026-06-14 19:53:19] (Hilo: ENERGIA) Patrullando 3 activos...
[2026-06-14 19:53:33] (Hilo: CRIPTO) Patrullando 2 activos...
[2026-06-14 19:53:34] (Hilo: FOREX) Patrullando 3 activos...
[2026-06-14 19:53:34] (Hilo: METALES) Patrullando 2 activos...
[2026-06-14 19:53:34] (Hilo: INDICES) Patrullando 3 activos...
[2026-06-14 19:53:34] (Hilo: ENERGIA) Patrullando 3 activos...
[2026-06-14 19:53:49] (Hilo: CRIPTO) Patrullando 2 activos...
[2026-06-14 19:53:49] (Hilo: METALES) Patrullando 2 activos...
[2026-06-14 19:53:49] (Hilo: FOREX) Patrullando 3 activos...
[2026-06-14 19:53:49] (Hilo: INDICES) Patrullando 3 activos...
[2026-06-14 19:53:49] (Hilo: ENERGIA) Patrullando 3 activos...
[2026-06-14 19:54:04] (Hilo: CRIPTO) Patrullando 2 activos...
[2026-06-14 19:54:04] (Hilo: METALES) Patrullando 2 activos...
[2026-06-14 19:54:04] (Hilo: FOREX) Patrullando 3 activos...
[2026-06-14 19:54:04] (Hilo: INDICES) Patrullando 3 activos...
[2026-06-14 19:54:04] (Hilo: ENERGIA) Patrullando 3 activos...
[2026-06-14 19:54:19] (Hilo: CRIPTO) Patrullando 2 activos...
[2026-06-14 19:54:19] (Hilo: METALES) Patrullando 2 activos...
[2026-06-14 19:54:19] (Hilo: FOREX) Patrullando 3 activos...
[2026-06-14 19:54:19] (Hilo: INDICES) Patrullando 3 activos...
[2026-06-14 19:54:19] (Hilo: ENERGIA) Patrullando 3 activos...
[2026-06-14 19:54:34] (Hilo: CRIPTO) Patrullando 2 activos...
[2026-06-14 19:54:34] (Hilo: METALES) Patrullando 2 activos...
[2026-06-14 19:54:34] (Hilo: FOREX) Patrullando 3 activos...
[2026-06-14 19:54:34] (Hilo: INDICES) Patrullando 3 activos...
[2026-06-14 19:54:34] (Hilo: ENERGIA) Patrullando 3 activos...
[2026-06-14 19:54:49] (Hilo: CRIPTO) Patrullando 2 activos...
[2026-06-14 19:54:49] (Hilo: METALES) Patrullando 2 activos...
[2026-06-14 19:54:49] (Hilo: FOREX) Patrullando 3 activos...
[2026-06-14 19:54:49] (Hilo: INDICES) Patrullando 3 activos...
[2026-06-14 19:54:49] (Hilo: ENERGIA) Patrullando 3 activos...
[2026-06-14 19:55:04] (Hilo: CRIPTO) Patrullando 2 activos...
[2026-06-14 19:55:04] (Hilo: METALES) Patrullando 2 activos...
[2026-06-14 19:55:04] (Hilo: FOREX) Patrullando 3 activos...
[2026-06-14 19:55:04] (Hilo: INDICES) Patrullando 3 activos...
[2026-06-14 19:55:04] (Hilo: ENERGIA) Patrullando 3 activos...
[2026-06-14 19:55:19] (Hilo: CRIPTO) Patrullando 2 activos...
[2026-06-14 19:55:19] (Hilo: METALES) Patrullando 2 activos...
[2026-06-14 19:55:19] (Hilo: FOREX) Patrullando 3 activos...
[2026-06-14 19:55:19] (Hilo: INDICES) Patrullando 3 activos...
[2026-06-14 19:55:19] (Hilo: ENERGIA) Patrullando 3 activos...
[2026-06-14 20:40:04] (Hilo: CRIPTO) Patrullando 2 activos...
[2026-06-14 20:40:04] (Hilo: INDICES) Patrullando 3 activos...
[2026-06-14 20:40:04] (Hilo: METALES) Patrullando 2 activos...
[2026-06-14 20:40:04] (Hilo: FOREX) Patrullando 3 activos...
[2026-06-14 20:40:04] (Hilo: ENERGIA) Patrullando 3 activos...
[2026-06-14 20:40:19] (Hilo: CRIPTO) Patrullando 2 activos...
[2026-06-14 20:40:19] (Hilo: INDICES) Patrullando 3 activos...
[2026-06-14 20:40:19] (Hilo: METALES) Patrullando 2 activos...
[2026-06-14 20:40:19] (Hilo: FOREX) Patrullando 3 activos...
[2026-06-14 20:40:19] (Hilo: ENERGIA) Patrullando 3 activos...
[2026-06-14 20:40:34] (Hilo: CRIPTO) Patrullando 2 activos...
[2026-06-14 20:40:34] (Hilo: INDICES) Patrullando 3 activos...
[2026-06-14 20:40:34] (Hilo: METALES) Patrullando 2 activos...
[2026-06-14 20:40:34] (Hilo: FOREX) Patrullando 3 activos...
[2026-06-14 20:40:34] (Hilo: ENERGIA) Patrullando 3 activos...
[2026-06-14 20:40:49] (Hilo: CRIPTO) Patrullando 2 activos...
[2026-06-14 20:40:49] (Hilo: INDICES) Patrullando 3 activos...
[2026-06-14 20:40:49] (Hilo: METALES) Patrullando 2 activos...
[2026-06-14 20:40:49] (Hilo: FOREX) Patrullando 3 activos...
[2026-06-14 20:40:49] (Hilo: ENERGIA) Patrullando 3 activos...
[2026-06-14 20:41:04] (Hilo: CRIPTO) Patrullando 2 activos...
[2026-06-14 20:41:04] (Hilo: INDICES) Patrullando 3 activos...
[2026-06-14 20:41:04] (Hilo: METALES) Patrullando 2 activos...
[2026-06-14 20:41:04] (Hilo: FOREX) Patrullando 3 activos...
[2026-06-14 20:41:04] (Hilo: ENERGIA) Patrullando 3 activos...
[2026-06-14 20:41:19] (Hilo: CRIPTO) Patrullando 2 activos...
[2026-06-14 20:41:19] (Hilo: INDICES) Patrullando 3 activos...
[2026-06-14 20:41:19] (Hilo: METALES) Patrullando 2 activos...
[2026-06-14 20:41:19] (Hilo: FOREX) Patrullando 3 activos...
[2026-06-14 20:41:19] (Hilo: ENERGIA) Patrullando 3 activos...
[2026-06-14 20:41:34] (Hilo: CRIPTO) Patrullando 2 activos...
[2026-06-14 20:41:34] (Hilo: INDICES) Patrullando 3 activos...
[2026-06-14 20:41:34] (Hilo: METALES) Patrullando 2 activos...
[2026-06-14 20:41:34] (Hilo: FOREX) Patrullando 3 activos...
[2026-06-14 20:41:34] (Hilo: ENERGIA) Patrullando 3 activos...
[2026-06-14 20:41:49] (Hilo: CRIPTO) Patrullando 2 activos...
[2026-06-14 20:41:49] (Hilo: INDICES) Patrullando 3 activos...
[2026-06-14 20:41:49] (Hilo: METALES) Patrullando 2 activos...
[2026-06-14 20:41:49] (Hilo: FOREX) Patrullando 3 activos...
[2026-06-14 20:41:49] (Hilo: ENERGIA) Patrullando 3 activos...
[2026-06-14 20:42:04] (Hilo: CRIPTO) Patrullando 2 activos...
[2026-06-14 20:42:04] (Hilo: INDICES) Patrullando 3 activos...
[2026-06-14 20:42:04] (Hilo: METALES) Patrullando 2 activos...
[2026-06-14 20:42:04] (Hilo: FOREX) Patrullando 3 activos...
[2026-06-14 20:42:04] (Hilo: ENERGIA) Patrullando 3 activos...
[2026-06-14 20:42:19] (Hilo: CRIPTO) Patrullando 2 activos...
[2026-06-14 20:42:19] (Hilo: INDICES) Patrullando 3 activos...
[2026-06-14 20:42:19] (Hilo: METALES) Patrullando 2 activos...
[2026-06-14 20:42:19] (Hilo: FOREX) Patrullando 3 activos...
[2026-06-14 20:42:19] (Hilo: ENERGIA) Patrullando 3 activos...
[2026-06-14 20:42:34] (Hilo: CRIPTO) Patrullando 2 activos...
[2026-06-14 20:42:34] (Hilo: INDICES) Patrullando 3 activos...
[2026-06-14 20:42:34] (Hilo: METALES) Patrullando 2 activos...
[2026-06-14 20:42:34] (Hilo: FOREX) Patrullando 3 activos...
[2026-06-14 20:42:34] (Hilo: ENERGIA) Patrullando 3 activos...
[2026-06-14 20:42:49] (Hilo: CRIPTO) Patrullando 2 activos...
[2026-06-14 20:42:49] (Hilo: INDICES) Patrullando 3 activos...
[2026-06-14 20:42:49] (Hilo: METALES) Patrullando 2 activos...
[2026-06-14 20:42:49] (Hilo: FOREX) Patrullando 3 activos...
[2026-06-14 20:42:49] (Hilo: ENERGIA) Patrullando 3 activos...
[2026-06-14 20:43:04] (Hilo: CRIPTO) Patrullando 2 activos...
[2026-06-14 20:43:04] (Hilo: INDICES) Patrullando 3 activos...
[2026-06-14 20:43:04] (Hilo: METALES) Patrullando 2 activos...
[2026-06-14 20:43:04] (Hilo: FOREX) Patrullando 3 activos...
[2026-06-14 20:43:04] (Hilo: ENERGIA) Patrullando 3 activos...
[2026-06-14 20:43:19] (Hilo: CRIPTO) Patrullando 2 activos...
[2026-06-14 20:43:19] (Hilo: INDICES) Patrullando 3 activos...
[2026-06-14 20:43:19] (Hilo: METALES) Patrullando 2 activos...
[2026-06-14 20:43:19] (Hilo: FOREX) Patrullando 3 activos...
[2026-06-14 20:43:19] (Hilo: ENERGIA) Patrullando 3 activos...
[2026-06-14 20:43:34] (Hilo: CRIPTO) Patrullando 2 activos...
[2026-06-14 20:43:34] (Hilo: INDICES) Patrullando 3 activos...
[2026-06-14 20:43:34] (Hilo: METALES) Patrullando 2 activos...
[2026-06-14 20:43:34] (Hilo: FOREX) Patrullando 3 activos...
[2026-06-14 20:43:34] (Hilo: ENERGIA) Patrullando 3 activos...
[2026-06-14 20:43:49] (Hilo: CRIPTO) Patrullando 2 activos...
[2026-06-14 20:43:49] (Hilo: INDICES) Patrullando 3 activos...
[2026-06-14 20:43:49] (Hilo: METALES) Patrullando 2 activos...
[2026-06-14 20:43:49] (Hilo: FOREX) Patrullando 3 activos...
[2026-06-14 20:43:49] (Hilo: ENERGIA) Patrullando 3 activos...
[2026-06-14 20:44:04] (Hilo: CRIPTO) Patrullando 2 activos...
[2026-06-14 20:44:04] (Hilo: METALES) Patrullando 2 activos...
[2026-06-14 20:44:04] (Hilo: INDICES) Patrullando 3 activos...
[2026-06-14 20:44:04] (Hilo: FOREX) Patrullando 3 activos...
[2026-06-14 20:44:04] (Hilo: ENERGIA) Patrullando 3 activos...
[2026-06-14 20:44:19] (Hilo: CRIPTO) Patrullando 2 activos...
[2026-06-14 20:44:19] (Hilo: METALES) Patrullando 2 activos...
[2026-06-14 20:44:19] (Hilo: INDICES) Patrullando 3 activos...
[2026-06-14 20:44:19] (Hilo: FOREX) Patrullando 3 activos...
[2026-06-14 20:44:19] (Hilo: ENERGIA) Patrullando 3 activos...
[2026-06-14 20:44:34] (Hilo: CRIPTO) Patrullando 2 activos...
[2026-06-14 20:44:34] (Hilo: METALES) Patrullando 2 activos...
[2026-06-14 20:44:34] (Hilo: INDICES) Patrullando 3 activos...
[2026-06-14 20:44:34] (Hilo: FOREX) Patrullando 3 activos...
[2026-06-14 20:44:34] (Hilo: ENERGIA) Patrullando 3 activos...
[2026-06-14 20:44:49] (Hilo: CRIPTO) Patrullando 2 activos...
[2026-06-14 20:44:49] (Hilo: METALES) Patrullando 2 activos...
[2026-06-14 20:44:49] (Hilo: INDICES) Patrullando 3 activos...
[2026-06-14 20:44:49] (Hilo: FOREX) Patrullando 3 activos...
[2026-06-14 20:44:49] (Hilo: ENERGIA) Patrullando 3 activos...
[2026-06-14 20:45:04] (Hilo: CRIPTO) Patrullando 2 activos...
[2026-06-14 20:45:04] (Hilo: METALES) Patrullando 2 activos...
[2026-06-14 20:45:04] (Hilo: INDICES) Patrullando 3 activos...
[2026-06-14 20:45:04] (Hilo: FOREX) Patrullando 3 activos...
[2026-06-14 20:45:04] (Hilo: ENERGIA) Patrullando 3 activos...
[2026-06-14 20:45:19] (Hilo: CRIPTO) Patrullando 2 activos...
[2026-06-14 20:45:20] (Hilo: INDICES) Patrullando 3 activos...
[2026-06-14 20:45:20] (Hilo: FOREX) Patrullando 3 activos...
[2026-06-14 20:45:20] (Hilo: METALES) Patrullando 2 activos...
[2026-06-14 20:45:20] (Hilo: ENERGIA) Patrullando 3 activos...
[2026-06-14 22:19:48] (Hilo: ENERGIA) Patrullando 3 activos...
[2026-06-14 22:19:48] (Hilo: CRIPTO) Patrullando 2 activos...
[2026-06-14 22:19:48] (Hilo: METALES) Patrullando 2 activos...
[2026-06-14 22:19:48] (Hilo: INDICES) Patrullando 3 activos...
[2026-06-14 22:19:48] (Hilo: FOREX) Patrullando 3 activos...
[2026-06-15 03:29:53] (Hilo: ENERGIA) Patrullando 3 activos...
[2026-06-15 03:29:53] (Hilo: INDICES) Patrullando 3 activos...
[2026-06-15 03:29:53] (Hilo: CRIPTO) Patrullando 2 activos...
[2026-06-15 03:29:53] (Hilo: METALES) Patrullando 2 activos...
[2026-06-15 03:29:53] (Hilo: FOREX) Patrullando 3 activos...
[2026-06-15 03:30:09] (Hilo: ENERGIA) Patrullando 3 activos...
[2026-06-15 03:30:09] (Hilo: CRIPTO) Patrullando 2 activos...
[2026-06-15 03:30:09] (Hilo: INDICES) Patrullando 3 activos...
[2026-06-15 03:30:09] (Hilo: METALES) Patrullando 2 activos...
[2026-06-15 03:30:09] (Hilo: FOREX) Patrullando 3 activos...
[2026-06-15 08:24:48] (Hilo: ENERGIA) Patrullando 3 activos...
[2026-06-15 08:24:48] (Hilo: CRIPTO) Patrullando 2 activos...
[2026-06-15 08:24:48] (Hilo: FOREX) Patrullando 3 activos...
[2026-06-15 08:24:48] (Hilo: METALES) Patrullando 2 activos...
[2026-06-15 08:24:48] (Hilo: INDICES) Patrullando 3 activos...
[2026-06-15 08:25:04] (Hilo: ENERGIA) Patrullando 3 activos...
[2026-06-15 08:25:04] (Hilo: CRIPTO) Patrullando 2 activos...
[2026-06-15 08:25:04] (Hilo: METALES) Patrullando 2 activos...
[2026-06-15 08:25:04] (Hilo: FOREX) Patrullando 3 activos...
[2026-06-15 08:25:04] (Hilo: INDICES) Patrullando 3 activos...
[2026-06-15 08:25:19] (Hilo: ENERGIA) Patrullando 3 activos...
[2026-06-15 08:25:19] (Hilo: CRIPTO) Patrullando 2 activos...
[2026-06-15 08:25:19] (Hilo: METALES) Patrullando 2 activos...
[2026-06-15 08:25:19] (Hilo: FOREX) Patrullando 3 activos...
[2026-06-15 08:25:19] (Hilo: INDICES) Patrullando 3 activos...
[2026-06-15 08:25:34] (Hilo: ENERGIA) Patrullando 3 activos...
[2026-06-15 08:25:34] (Hilo: CRIPTO) Patrullando 2 activos...
[2026-06-15 08:25:34] (Hilo: METALES) Patrullando 2 activos...
[2026-06-15 08:25:34] (Hilo: FOREX) Patrullando 3 activos...
[2026-06-15 08:25:34] (Hilo: INDICES) Patrullando 3 activos...
[2026-06-15 08:25:49] (Hilo: ENERGIA) Patrullando 3 activos...
[2026-06-15 08:25:49] (Hilo: CRIPTO) Patrullando 2 activos...
[2026-06-15 08:25:49] (Hilo: METALES) Patrullando 2 activos...
[2026-06-15 08:25:49] (Hilo: FOREX) Patrullando 3 activos...
[2026-06-15 08:25:49] (Hilo: INDICES) Patrullando 3 activos...
[2026-06-15 08:26:04] (Hilo: ENERGIA) Patrullando 3 activos...
[2026-06-15 08:26:04] (Hilo: CRIPTO) Patrullando 2 activos...
[2026-06-15 08:26:04] (Hilo: METALES) Patrullando 2 activos...
[2026-06-15 08:26:04] (Hilo: FOREX) Patrullando 3 activos...
[2026-06-15 08:26:04] (Hilo: INDICES) Patrullando 3 activos...
[2026-06-15 08:26:19] (Hilo: ENERGIA) Patrullando 3 activos...
[2026-06-15 08:26:19] (Hilo: CRIPTO) Patrullando 2 activos...
[2026-06-15 08:26:19] (Hilo: METALES) Patrullando 2 activos...
[2026-06-15 08:26:19] (Hilo: FOREX) Patrullando 3 activos...
[2026-06-15 08:26:19] (Hilo: INDICES) Patrullando 3 activos...
[2026-06-15 08:26:34] (Hilo: ENERGIA) Patrullando 3 activos...
[2026-06-15 08:26:34] (Hilo: CRIPTO) Patrullando 2 activos...
[2026-06-15 08:26:34] (Hilo: METALES) Patrullando 2 activos...
[2026-06-15 08:26:34] (Hilo: FOREX) Patrullando 3 activos...
[2026-06-15 08:26:34] (Hilo: INDICES) Patrullando 3 activos...
[2026-06-15 08:26:49] (Hilo: CRIPTO) Patrullando 2 activos...
[2026-06-15 08:26:49] (Hilo: ENERGIA) Patrullando 3 activos...
[2026-06-15 08:26:49] (Hilo: METALES) Patrullando 2 activos...
[2026-06-15 08:26:49] (Hilo: FOREX) Patrullando 3 activos...
[2026-06-15 08:26:49] (Hilo: INDICES) Patrullando 3 activos...
[2026-06-15 08:27:04] (Hilo: CRIPTO) Patrullando 2 activos...
[2026-06-15 08:27:04] (Hilo: ENERGIA) Patrullando 3 activos...
[2026-06-15 08:27:04] (Hilo: METALES) Patrullando 2 activos...
[2026-06-15 08:27:04] (Hilo: FOREX) Patrullando 3 activos...
[2026-06-15 08:27:04] (Hilo: INDICES) Patrullando 3 activos...
[2026-06-15 08:27:19] (Hilo: CRIPTO) Patrullando 2 activos...
[2026-06-15 08:27:19] (Hilo: ENERGIA) Patrullando 3 activos...
[2026-06-15 08:27:19] (Hilo: METALES) Patrullando 2 activos...
[2026-06-15 08:27:19] (Hilo: FOREX) Patrullando 3 activos...
[2026-06-15 08:27:19] (Hilo: INDICES) Patrullando 3 activos...
[2026-06-15 08:27:34] (Hilo: CRIPTO) Patrullando 2 activos...
[2026-06-15 08:27:34] (Hilo: ENERGIA) Patrullando 3 activos...
[2026-06-15 08:27:34] (Hilo: METALES) Patrullando 2 activos...
[2026-06-15 08:27:34] (Hilo: FOREX) Patrullando 3 activos...
[2026-06-15 08:27:34] (Hilo: INDICES) Patrullando 3 activos...
[2026-06-15 08:27:49] (Hilo: CRIPTO) Patrullando 2 activos...
[2026-06-15 08:27:49] (Hilo: ENERGIA) Patrullando 3 activos...
[2026-06-15 08:27:49] (Hilo: METALES) Patrullando 2 activos...
[2026-06-15 08:27:49] (Hilo: FOREX) Patrullando 3 activos...
[2026-06-15 08:27:49] (Hilo: INDICES) Patrullando 3 activos...
[2026-06-15 08:28:04] (Hilo: CRIPTO) Patrullando 2 activos...
[2026-06-15 08:28:04] (Hilo: ENERGIA) Patrullando 3 activos...
[2026-06-15 08:28:04] (Hilo: METALES) Patrullando 2 activos...
[2026-06-15 08:28:04] (Hilo: FOREX) Patrullando 3 activos...
[2026-06-15 08:28:04] (Hilo: INDICES) Patrullando 3 activos...
[2026-06-15 08:28:19] (Hilo: CRIPTO) Patrullando 2 activos...
[2026-06-15 08:28:19] (Hilo: ENERGIA) Patrullando 3 activos...
[2026-06-15 08:28:19] (Hilo: METALES) Patrullando 2 activos...
[2026-06-15 08:28:19] (Hilo: FOREX) Patrullando 3 activos...
[2026-06-15 08:28:19] (Hilo: INDICES) Patrullando 3 activos...
[2026-06-15 08:28:34] (Hilo: CRIPTO) Patrullando 2 activos...
[2026-06-15 08:28:34] (Hilo: ENERGIA) Patrullando 3 activos...
[2026-06-15 08:28:34] (Hilo: METALES) Patrullando 2 activos...
[2026-06-15 08:28:34] (Hilo: FOREX) Patrullando 3 activos...
[2026-06-15 08:28:34] (Hilo: INDICES) Patrullando 3 activos...
[2026-06-15 08:28:49] (Hilo: CRIPTO) Patrullando 2 activos...
[2026-06-15 08:28:49] (Hilo: ENERGIA) Patrullando 3 activos...
[2026-06-15 08:28:49] (Hilo: METALES) Patrullando 2 activos...
[2026-06-15 08:28:49] (Hilo: FOREX) Patrullando 3 activos...
[2026-06-15 08:28:49] (Hilo: INDICES) Patrullando 3 activos...
[2026-06-15 08:29:04] (Hilo: CRIPTO) Patrullando 2 activos...
[2026-06-15 08:29:04] (Hilo: ENERGIA) Patrullando 3 activos...
[2026-06-15 08:29:04] (Hilo: METALES) Patrullando 2 activos...
[2026-06-15 08:29:04] (Hilo: FOREX) Patrullando 3 activos...
[2026-06-15 08:29:04] (Hilo: INDICES) Patrullando 3 activos...
[2026-06-15 08:29:19] (Hilo: CRIPTO) Patrullando 2 activos...
[2026-06-15 08:29:19] (Hilo: ENERGIA) Patrullando 3 activos...
[2026-06-15 08:29:19] (Hilo: METALES) Patrullando 2 activos...
[2026-06-15 08:29:19] (Hilo: FOREX) Patrullando 3 activos...
[2026-06-15 08:29:19] (Hilo: INDICES) Patrullando 3 activos...
[2026-06-15 08:29:34] (Hilo: CRIPTO) Patrullando 2 activos...
[2026-06-15 08:29:34] (Hilo: ENERGIA) Patrullando 3 activos...
[2026-06-15 08:29:34] (Hilo: METALES) Patrullando 2 activos...
[2026-06-15 08:29:34] (Hilo: FOREX) Patrullando 3 activos...
[2026-06-15 08:29:34] (Hilo: INDICES) Patrullando 3 activos...
[2026-06-15 08:29:49] (Hilo: CRIPTO) Patrullando 2 activos...
[2026-06-15 08:29:49] (Hilo: ENERGIA) Patrullando 3 activos...
[2026-06-15 08:29:49] (Hilo: METALES) Patrullando 2 activos...
[2026-06-15 08:29:49] (Hilo: FOREX) Patrullando 3 activos...
[2026-06-15 08:29:49] (Hilo: INDICES) Patrullando 3 activos...
[2026-06-15 08:30:04] (Hilo: CRIPTO) Patrullando 2 activos...
[2026-06-15 08:30:04] (Hilo: ENERGIA) Patrullando 3 activos...
[2026-06-15 08:30:04] (Hilo: METALES) Patrullando 2 activos...
[2026-06-15 08:30:04] (Hilo: FOREX) Patrullando 3 activos...
[2026-06-15 08:30:04] (Hilo: INDICES) Patrullando 3 activos...
[2026-06-15 08:30:19] (Hilo: CRIPTO) Patrullando 2 activos...
[2026-06-15 08:30:19] (Hilo: ENERGIA) Patrullando 3 activos...
[2026-06-15 08:30:19] (Hilo: METALES) Patrullando 2 activos...
[2026-06-15 08:30:19] (Hilo: FOREX) Patrullando 3 activos...
[2026-06-15 08:30:19] (Hilo: INDICES) Patrullando 3 activos...
[2026-06-15 08:30:34] (Hilo: CRIPTO) Patrullando 2 activos...
[2026-06-15 08:30:34] (Hilo: ENERGIA) Patrullando 3 activos...
[2026-06-15 08:30:34] (Hilo: METALES) Patrullando 2 activos...
[2026-06-15 08:30:34] (Hilo: FOREX) Patrullando 3 activos...
[2026-06-15 08:30:34] (Hilo: INDICES) Patrullando 3 activos...
[2026-06-15 08:30:49] (Hilo: CRIPTO) Patrullando 2 activos...
[2026-06-15 08:30:49] (Hilo: ENERGIA) Patrullando 3 activos...
[2026-06-15 08:30:49] (Hilo: METALES) Patrullando 2 activos...
[2026-06-15 08:30:49] (Hilo: FOREX) Patrullando 3 activos...
[2026-06-15 08:30:49] (Hilo: INDICES) Patrullando 3 activos...
[2026-06-15 08:31:04] (Hilo: CRIPTO) Patrullando 2 activos...
[2026-06-15 08:31:04] (Hilo: ENERGIA) Patrullando 3 activos...
[2026-06-15 08:31:04] (Hilo: METALES) Patrullando 2 activos...
[2026-06-15 08:31:04] (Hilo: FOREX) Patrullando 3 activos...
[2026-06-15 08:31:04] (Hilo: INDICES) Patrullando 3 activos...
[2026-06-15 08:31:19] (Hilo: CRIPTO) Patrullando 2 activos...
[2026-06-15 08:31:19] (Hilo: ENERGIA) Patrullando 3 activos...
[2026-06-15 08:31:19] (Hilo: METALES) Patrullando 2 activos...
[2026-06-15 08:31:19] (Hilo: FOREX) Patrullando 3 activos...
[2026-06-15 08:31:19] (Hilo: INDICES) Patrullando 3 activos...
[2026-06-15 08:31:34] (Hilo: CRIPTO) Patrullando 2 activos...
[2026-06-15 08:31:34] (Hilo: ENERGIA) Patrullando 3 activos...
[2026-06-15 08:31:34] (Hilo: METALES) Patrullando 2 activos...
[2026-06-15 08:31:34] (Hilo: FOREX) Patrullando 3 activos...
[2026-06-15 08:31:34] (Hilo: INDICES) Patrullando 3 activos...
[2026-06-15 08:31:49] (Hilo: CRIPTO) Patrullando 2 activos...
[2026-06-15 08:31:49] (Hilo: ENERGIA) Patrullando 3 activos...
[2026-06-15 08:31:49] (Hilo: METALES) Patrullando 2 activos...
[2026-06-15 08:31:49] (Hilo: FOREX) Patrullando 3 activos...
[2026-06-15 08:31:49] (Hilo: INDICES) Patrullando 3 activos...
[2026-06-15 08:32:04] (Hilo: CRIPTO) Patrullando 2 activos...
[2026-06-15 08:32:04] (Hilo: ENERGIA) Patrullando 3 activos...
[2026-06-15 08:32:04] (Hilo: METALES) Patrullando 2 activos...
[2026-06-15 08:32:04] (Hilo: FOREX) Patrullando 3 activos...
[2026-06-15 08:32:04] (Hilo: INDICES) Patrullando 3 activos...
[2026-06-15 08:32:19] (Hilo: CRIPTO) Patrullando 2 activos...
[2026-06-15 08:32:19] (Hilo: ENERGIA) Patrullando 3 activos...
[2026-06-15 08:32:19] (Hilo: METALES) Patrullando 2 activos...
[2026-06-15 08:32:19] (Hilo: FOREX) Patrullando 3 activos...
[2026-06-15 08:32:19] (Hilo: INDICES) Patrullando 3 activos...
[2026-06-15 08:32:34] (Hilo: CRIPTO) Patrullando 2 activos...
[2026-06-15 08:32:34] (Hilo: ENERGIA) Patrullando 3 activos...
[2026-06-15 08:32:34] (Hilo: METALES) Patrullando 2 activos...
[2026-06-15 08:32:34] (Hilo: FOREX) Patrullando 3 activos...
[2026-06-15 08:32:34] (Hilo: INDICES) Patrullando 3 activos...
[2026-06-15 08:32:49] (Hilo: CRIPTO) Patrullando 2 activos...
[2026-06-15 08:32:49] (Hilo: METALES) Patrullando 2 activos...
[2026-06-15 08:32:49] (Hilo: ENERGIA) Patrullando 3 activos...
[2026-06-15 08:32:49] (Hilo: FOREX) Patrullando 3 activos...
[2026-06-15 08:32:49] (Hilo: INDICES) Patrullando 3 activos...
[2026-06-15 08:33:04] (Hilo: CRIPTO) Patrullando 2 activos...
[2026-06-15 08:33:04] (Hilo: METALES) Patrullando 2 activos...
[2026-06-15 08:33:04] (Hilo: ENERGIA) Patrullando 3 activos...
[2026-06-15 08:33:04] (Hilo: FOREX) Patrullando 3 activos...
[2026-06-15 08:33:04] (Hilo: INDICES) Patrullando 3 activos...
[2026-06-15 08:33:19] (Hilo: CRIPTO) Patrullando 2 activos...
[2026-06-15 08:33:19] (Hilo: METALES) Patrullando 2 activos...
[2026-06-15 08:33:19] (Hilo: ENERGIA) Patrullando 3 activos...
[2026-06-15 08:33:19] (Hilo: FOREX) Patrullando 3 activos...
[2026-06-15 08:33:19] (Hilo: INDICES) Patrullando 3 activos...
[2026-06-15 08:33:34] (Hilo: CRIPTO) Patrullando 2 activos...
[2026-06-15 08:33:34] (Hilo: METALES) Patrullando 2 activos...
[2026-06-15 08:33:34] (Hilo: ENERGIA) Patrullando 3 activos...
[2026-06-15 08:33:34] (Hilo: FOREX) Patrullando 3 activos...
[2026-06-15 08:33:34] (Hilo: INDICES) Patrullando 3 activos...
[2026-06-15 08:33:49] (Hilo: CRIPTO) Patrullando 2 activos...
[2026-06-15 08:33:49] (Hilo: METALES) Patrullando 2 activos...
[2026-06-15 08:33:49] (Hilo: ENERGIA) Patrullando 3 activos...
[2026-06-15 08:33:49] (Hilo: FOREX) Patrullando 3 activos...
[2026-06-15 08:33:49] (Hilo: INDICES) Patrullando 3 activos...
[2026-06-15 08:34:04] (Hilo: CRIPTO) Patrullando 2 activos...
[2026-06-15 08:34:04] (Hilo: METALES) Patrullando 2 activos...
[2026-06-15 08:34:04] (Hilo: ENERGIA) Patrullando 3 activos...
[2026-06-15 08:34:04] (Hilo: FOREX) Patrullando 3 activos...
[2026-06-15 08:34:04] (Hilo: INDICES) Patrullando 3 activos...
[2026-06-15 08:34:19] (Hilo: CRIPTO) Patrullando 2 activos...
[2026-06-15 08:34:19] (Hilo: METALES) Patrullando 2 activos...
[2026-06-15 08:34:19] (Hilo: ENERGIA) Patrullando 3 activos...
[2026-06-15 08:34:19] (Hilo: FOREX) Patrullando 3 activos...
[2026-06-15 08:34:19] (Hilo: INDICES) Patrullando 3 activos...
[2026-06-15 08:34:34] (Hilo: CRIPTO) Patrullando 2 activos...
[2026-06-15 08:34:34] (Hilo: METALES) Patrullando 2 activos...
[2026-06-15 08:34:34] (Hilo: FOREX) Patrullando 3 activos...
[2026-06-15 08:34:34] (Hilo: ENERGIA) Patrullando 3 activos...
[2026-06-15 08:34:34] (Hilo: INDICES) Patrullando 3 activos...
[2026-06-15 08:34:49] (Hilo: CRIPTO) Patrullando 2 activos...
[2026-06-15 08:34:49] (Hilo: METALES) Patrullando 2 activos...
[2026-06-15 08:34:49] (Hilo: FOREX) Patrullando 3 activos...
[2026-06-15 08:34:49] (Hilo: ENERGIA) Patrullando 3 activos...
[2026-06-15 08:34:49] (Hilo: INDICES) Patrullando 3 activos...
[2026-06-15 08:35:04] (Hilo: CRIPTO) Patrullando 2 activos...
[2026-06-15 08:35:04] (Hilo: METALES) Patrullando 2 activos...
[2026-06-15 08:35:04] (Hilo: FOREX) Patrullando 3 activos...
[2026-06-15 08:35:04] (Hilo: ENERGIA) Patrullando 3 activos...
[2026-06-15 08:35:04] (Hilo: INDICES) Patrullando 3 activos...
[2026-06-15 08:35:19] (Hilo: CRIPTO) Patrullando 2 activos...
[2026-06-15 08:35:19] (Hilo: METALES) Patrullando 2 activos...
[2026-06-15 08:35:19] (Hilo: FOREX) Patrullando 3 activos...
[2026-06-15 08:35:19] (Hilo: ENERGIA) Patrullando 3 activos...
[2026-06-15 08:35:19] (Hilo: INDICES) Patrullando 3 activos...
[2026-06-15 08:35:34] (Hilo: CRIPTO) Patrullando 2 activos...
[2026-06-15 08:35:34] (Hilo: METALES) Patrullando 2 activos...
[2026-06-15 08:35:34] (Hilo: FOREX) Patrullando 3 activos...
[2026-06-15 08:35:34] (Hilo: ENERGIA) Patrullando 3 activos...
[2026-06-15 08:35:34] (Hilo: INDICES) Patrullando 3 activos...
[2026-06-15 08:35:49] (Hilo: CRIPTO) Patrullando 2 activos...
[2026-06-15 08:35:49] (Hilo: METALES) Patrullando 2 activos...
[2026-06-15 08:35:49] (Hilo: FOREX) Patrullando 3 activos...
[2026-06-15 08:35:49] (Hilo: ENERGIA) Patrullando 3 activos...
[2026-06-15 08:35:49] (Hilo: INDICES) Patrullando 3 activos...
[2026-06-15 08:36:04] (Hilo: CRIPTO) Patrullando 2 activos...
[2026-06-15 08:36:04] (Hilo: METALES) Patrullando 2 activos...
[2026-06-15 08:36:04] (Hilo: FOREX) Patrullando 3 activos...
[2026-06-15 08:36:04] (Hilo: ENERGIA) Patrullando 3 activos...
[2026-06-15 08:36:04] (Hilo: INDICES) Patrullando 3 activos...
[2026-06-15 08:36:19] (Hilo: CRIPTO) Patrullando 2 activos...
[2026-06-15 08:36:19] (Hilo: METALES) Patrullando 2 activos...
[2026-06-15 08:36:19] (Hilo: FOREX) Patrullando 3 activos...
[2026-06-15 08:36:19] (Hilo: ENERGIA) Patrullando 3 activos...
[2026-06-15 08:36:19] (Hilo: INDICES) Patrullando 3 activos...
[2026-06-15 08:36:34] (Hilo: CRIPTO) Patrullando 2 activos...
[2026-06-15 08:36:34] (Hilo: METALES) Patrullando 2 activos...
[2026-06-15 08:36:34] (Hilo: FOREX) Patrullando 3 activos...
[2026-06-15 08:36:34] (Hilo: ENERGIA) Patrullando 3 activos...
[2026-06-15 08:36:34] (Hilo: INDICES) Patrullando 3 activos...
[2026-06-15 08:36:49] (Hilo: CRIPTO) Patrullando 2 activos...
[2026-06-15 08:36:49] (Hilo: METALES) Patrullando 2 activos...
[2026-06-15 08:36:49] (Hilo: FOREX) Patrullando 3 activos...
[2026-06-15 08:36:49] (Hilo: ENERGIA) Patrullando 3 activos...
[2026-06-15 08:36:49] (Hilo: INDICES) Patrullando 3 activos...
[2026-06-15 08:37:04] (Hilo: CRIPTO) Patrullando 2 activos...
[2026-06-15 08:37:04] (Hilo: METALES) Patrullando 2 activos...
[2026-06-15 08:37:04] (Hilo: FOREX) Patrullando 3 activos...
[2026-06-15 08:37:04] (Hilo: ENERGIA) Patrullando 3 activos...
[2026-06-15 08:37:04] (Hilo: INDICES) Patrullando 3 activos...
[2026-06-15 08:37:19] (Hilo: CRIPTO) Patrullando 2 activos...
[2026-06-15 08:37:19] (Hilo: METALES) Patrullando 2 activos...
[2026-06-15 08:37:19] (Hilo: FOREX) Patrullando 3 activos...
[2026-06-15 08:37:19] (Hilo: ENERGIA) Patrullando 3 activos...
[2026-06-15 08:37:19] (Hilo: INDICES) Patrullando 3 activos...
[2026-06-15 08:37:34] (Hilo: CRIPTO) Patrullando 2 activos...
[2026-06-15 08:37:34] (Hilo: METALES) Patrullando 2 activos...
[2026-06-15 08:37:34] (Hilo: FOREX) Patrullando 3 activos...
[2026-06-15 08:37:34] (Hilo: ENERGIA) Patrullando 3 activos...
[2026-06-15 08:37:34] (Hilo: INDICES) Patrullando 3 activos...
[2026-06-15 08:37:49] (Hilo: CRIPTO) Patrullando 2 activos...
[2026-06-15 08:37:49] (Hilo: METALES) Patrullando 2 activos...
[2026-06-15 08:37:49] (Hilo: FOREX) Patrullando 3 activos...
[2026-06-15 08:37:49] (Hilo: ENERGIA) Patrullando 3 activos...
[2026-06-15 08:37:49] (Hilo: INDICES) Patrullando 3 activos...
[2026-06-15 08:38:04] (Hilo: CRIPTO) Patrullando 2 activos...
[2026-06-15 08:38:04] (Hilo: METALES) Patrullando 2 activos...
[2026-06-15 08:38:04] (Hilo: FOREX) Patrullando 3 activos...
[2026-06-15 08:38:04] (Hilo: ENERGIA) Patrullando 3 activos...
[2026-06-15 08:38:04] (Hilo: INDICES) Patrullando 3 activos...
[2026-06-15 08:38:19] (Hilo: CRIPTO) Patrullando 2 activos...
[2026-06-15 08:38:19] (Hilo: METALES) Patrullando 2 activos...
[2026-06-15 08:38:19] (Hilo: FOREX) Patrullando 3 activos...
[2026-06-15 08:38:19] (Hilo: ENERGIA) Patrullando 3 activos...
[2026-06-15 08:38:19] (Hilo: INDICES) Patrullando 3 activos...
[2026-06-15 08:38:34] (Hilo: CRIPTO) Patrullando 2 activos...
[2026-06-15 08:38:34] (Hilo: METALES) Patrullando 2 activos...
[2026-06-15 08:38:34] (Hilo: FOREX) Patrullando 3 activos...
[2026-06-15 08:38:34] (Hilo: ENERGIA) Patrullando 3 activos...
[2026-06-15 08:38:34] (Hilo: INDICES) Patrullando 3 activos...
[2026-06-15 08:38:49] (Hilo: CRIPTO) Patrullando 2 activos...
[2026-06-15 08:38:49] (Hilo: METALES) Patrullando 2 activos...
[2026-06-15 08:38:49] (Hilo: FOREX) Patrullando 3 activos...
[2026-06-15 08:38:49] (Hilo: ENERGIA) Patrullando 3 activos...
[2026-06-15 08:38:49] (Hilo: INDICES) Patrullando 3 activos...
[2026-06-15 08:39:04] (Hilo: CRIPTO) Patrullando 2 activos...
[2026-06-15 08:39:04] (Hilo: METALES) Patrullando 2 activos...
[2026-06-15 08:39:04] (Hilo: FOREX) Patrullando 3 activos...
[2026-06-15 08:39:04] (Hilo: ENERGIA) Patrullando 3 activos...
[2026-06-15 08:39:04] (Hilo: INDICES) Patrullando 3 activos...
[2026-06-15 08:39:19] (Hilo: CRIPTO) Patrullando 2 activos...
[2026-06-15 08:39:19] (Hilo: METALES) Patrullando 2 activos...
[2026-06-15 08:39:19] (Hilo: FOREX) Patrullando 3 activos...
[2026-06-15 08:39:19] (Hilo: ENERGIA) Patrullando 3 activos...
[2026-06-15 08:39:19] (Hilo: INDICES) Patrullando 3 activos...
[2026-06-15 08:39:34] (Hilo: CRIPTO) Patrullando 2 activos...
[2026-06-15 08:39:34] (Hilo: METALES) Patrullando 2 activos...
[2026-06-15 08:39:34] (Hilo: FOREX) Patrullando 3 activos...
[2026-06-15 08:39:34] (Hilo: ENERGIA) Patrullando 3 activos...
[2026-06-15 08:39:34] (Hilo: INDICES) Patrullando 3 activos...
[2026-06-15 08:39:49] (Hilo: CRIPTO) Patrullando 2 activos...
[2026-06-15 08:39:49] (Hilo: METALES) Patrullando 2 activos...
[2026-06-15 08:39:49] (Hilo: FOREX) Patrullando 3 activos...
[2026-06-15 08:39:49] (Hilo: ENERGIA) Patrullando 3 activos...
[2026-06-15 08:39:49] (Hilo: INDICES) Patrullando 3 activos...
[2026-06-15 08:40:04] (Hilo: CRIPTO) Patrullando 2 activos...
[2026-06-15 08:40:04] (Hilo: METALES) Patrullando 2 activos...
[2026-06-15 08:40:04] (Hilo: FOREX) Patrullando 3 activos...
[2026-06-15 08:40:04] (Hilo: ENERGIA) Patrullando 3 activos...
[2026-06-15 08:40:04] (Hilo: INDICES) Patrullando 3 activos...
[2026-06-15 08:40:19] (Hilo: CRIPTO) Patrullando 2 activos...
[2026-06-15 08:40:19] (Hilo: FOREX) Patrullando 3 activos...
[2026-06-15 08:40:19] (Hilo: INDICES) Patrullando 3 activos...
[2026-06-15 08:40:19] (Hilo: METALES) Patrullando 2 activos...
[2026-06-15 08:40:19] (Hilo: ENERGIA) Patrullando 3 activos...
[2026-06-15 08:40:34] (Hilo: CRIPTO) Patrullando 2 activos...
[2026-06-15 08:40:34] (Hilo: METALES) Patrullando 2 activos...
[2026-06-15 08:40:34] (Hilo: INDICES) Patrullando 3 activos...
[2026-06-15 08:40:34] (Hilo: ENERGIA) Patrullando 3 activos...
[2026-06-15 08:40:34] (Hilo: FOREX) Patrullando 3 activos...
[2026-06-15 08:40:49] (Hilo: METALES) Patrullando 2 activos...
[2026-06-15 08:40:49] (Hilo: CRIPTO) Patrullando 2 activos...
[2026-06-15 08:40:49] (Hilo: INDICES) Patrullando 3 activos...
[2026-06-15 08:40:49] (Hilo: ENERGIA) Patrullando 3 activos...
[2026-06-15 08:40:49] (Hilo: FOREX) Patrullando 3 activos...
[2026-06-15 08:41:04] (Hilo: METALES) Patrullando 2 activos...
[2026-06-15 08:41:04] (Hilo: CRIPTO) Patrullando 2 activos...
[2026-06-15 08:41:04] (Hilo: FOREX) Patrullando 3 activos...
[2026-06-15 08:41:04] (Hilo: ENERGIA) Patrullando 3 activos...
[2026-06-15 08:41:04] (Hilo: INDICES) Patrullando 3 activos...
[2026-06-15 08:41:19] (Hilo: METALES) Patrullando 2 activos...
[2026-06-15 08:41:19] (Hilo: CRIPTO) Patrullando 2 activos...
[2026-06-15 08:41:20] (Hilo: INDICES) Patrullando 3 activos...
[2026-06-15 08:41:20] (Hilo: FOREX) Patrullando 3 activos...
[2026-06-15 08:41:20] (Hilo: ENERGIA) Patrullando 3 activos...
[2026-06-15 08:41:34] (Hilo: METALES) Patrullando 2 activos...
[2026-06-15 08:41:35] (Hilo: CRIPTO) Patrullando 2 activos...
[2026-06-15 08:41:35] (Hilo: INDICES) Patrullando 3 activos...
[2026-06-15 08:41:35] (Hilo: FOREX) Patrullando 3 activos...
[2026-06-15 08:41:35] (Hilo: ENERGIA) Patrullando 3 activos...
[2026-06-15 08:41:49] (Hilo: METALES) Patrullando 2 activos...
[2026-06-15 08:41:50] (Hilo: CRIPTO) Patrullando 2 activos...
[2026-06-15 08:41:50] (Hilo: INDICES) Patrullando 3 activos...
[2026-06-15 08:41:50] (Hilo: FOREX) Patrullando 3 activos...
[2026-06-15 08:41:50] (Hilo: ENERGIA) Patrullando 3 activos...
[2026-06-15 08:42:04] (Hilo: METALES) Patrullando 2 activos...
[2026-06-15 08:42:05] (Hilo: CRIPTO) Patrullando 2 activos...
[2026-06-15 08:42:05] (Hilo: INDICES) Patrullando 3 activos...
[2026-06-15 08:42:05] (Hilo: FOREX) Patrullando 3 activos...
[2026-06-15 08:42:05] (Hilo: ENERGIA) Patrullando 3 activos...
[2026-06-15 08:42:19] (Hilo: METALES) Patrullando 2 activos...
[2026-06-15 08:42:20] (Hilo: CRIPTO) Patrullando 2 activos...
[2026-06-15 08:42:20] (Hilo: INDICES) Patrullando 3 activos...
[2026-06-15 08:42:20] (Hilo: FOREX) Patrullando 3 activos...
[2026-06-15 08:42:20] (Hilo: ENERGIA) Patrullando 3 activos...
[2026-06-15 08:42:34] (Hilo: METALES) Patrullando 2 activos...
[2026-06-15 08:42:35] (Hilo: CRIPTO) Patrullando 2 activos...
[2026-06-15 08:42:35] (Hilo: INDICES) Patrullando 3 activos...
[2026-06-15 08:42:35] (Hilo: FOREX) Patrullando 3 activos...
[2026-06-15 08:42:35] (Hilo: ENERGIA) Patrullando 3 activos...
[2026-06-15 08:42:49] (Hilo: METALES) Patrullando 2 activos...
[2026-06-15 08:42:50] (Hilo: CRIPTO) Patrullando 2 activos...
[2026-06-15 08:42:50] (Hilo: INDICES) Patrullando 3 activos...
[2026-06-15 08:42:50] (Hilo: FOREX) Patrullando 3 activos...
[2026-06-15 08:42:50] (Hilo: ENERGIA) Patrullando 3 activos...
[2026-06-15 08:43:04] (Hilo: METALES) Patrullando 2 activos...
[2026-06-15 08:43:05] (Hilo: CRIPTO) Patrullando 2 activos...
[2026-06-15 08:43:05] (Hilo: INDICES) Patrullando 3 activos...
[2026-06-15 08:43:05] (Hilo: FOREX) Patrullando 3 activos...
[2026-06-15 08:43:05] (Hilo: ENERGIA) Patrullando 3 activos...
[2026-06-15 08:43:19] (Hilo: METALES) Patrullando 2 activos...
[2026-06-15 08:43:20] (Hilo: CRIPTO) Patrullando 2 activos...
[2026-06-15 08:43:20] (Hilo: INDICES) Patrullando 3 activos...
[2026-06-15 08:43:20] (Hilo: FOREX) Patrullando 3 activos...
[2026-06-15 08:43:20] (Hilo: ENERGIA) Patrullando 3 activos...
[2026-06-15 08:43:34] (Hilo: METALES) Patrullando 2 activos...
[2026-06-15 08:43:35] (Hilo: CRIPTO) Patrullando 2 activos...
[2026-06-15 08:43:35] (Hilo: INDICES) Patrullando 3 activos...
[2026-06-15 08:43:35] (Hilo: FOREX) Patrullando 3 activos...
[2026-06-15 08:43:35] (Hilo: ENERGIA) Patrullando 3 activos...
[2026-06-15 08:43:49] (Hilo: METALES) Patrullando 2 activos...
[2026-06-15 08:43:50] (Hilo: CRIPTO) Patrullando 2 activos...
[2026-06-15 08:43:50] (Hilo: FOREX) Patrullando 3 activos...
[2026-06-15 08:43:50] (Hilo: INDICES) Patrullando 3 activos...
[2026-06-15 08:43:50] (Hilo: ENERGIA) Patrullando 3 activos...
[2026-06-15 08:44:04] (Hilo: METALES) Patrullando 2 activos...
[2026-06-15 08:44:05] (Hilo: CRIPTO) Patrullando 2 activos...
[2026-06-15 08:44:05] (Hilo: FOREX) Patrullando 3 activos...
[2026-06-15 08:44:05] (Hilo: INDICES) Patrullando 3 activos...
[2026-06-15 08:44:05] (Hilo: ENERGIA) Patrullando 3 activos...
[2026-06-15 08:44:19] (Hilo: METALES) Patrullando 2 activos...
[2026-06-15 08:44:20] (Hilo: CRIPTO) Patrullando 2 activos...
[2026-06-15 08:44:20] (Hilo: FOREX) Patrullando 3 activos...
[2026-06-15 08:44:20] (Hilo: INDICES) Patrullando 3 activos...
[2026-06-15 08:44:20] (Hilo: ENERGIA) Patrullando 3 activos...
[2026-06-15 08:44:34] (Hilo: METALES) Patrullando 2 activos...
[2026-06-15 08:44:35] (Hilo: CRIPTO) Patrullando 2 activos...
[2026-06-15 08:44:35] (Hilo: FOREX) Patrullando 3 activos...
[2026-06-15 08:44:35] (Hilo: INDICES) Patrullando 3 activos...
[2026-06-15 08:44:35] (Hilo: ENERGIA) Patrullando 3 activos...
[2026-06-15 08:44:49] (Hilo: METALES) Patrullando 2 activos...
[2026-06-15 08:44:50] (Hilo: CRIPTO) Patrullando 2 activos...
[2026-06-15 08:44:50] (Hilo: FOREX) Patrullando 3 activos...
[2026-06-15 08:44:50] (Hilo: INDICES) Patrullando 3 activos...
[2026-06-15 08:44:50] (Hilo: ENERGIA) Patrullando 3 activos...
[2026-06-15 08:45:04] (Hilo: METALES) Patrullando 2 activos...
[2026-06-15 08:45:05] (Hilo: CRIPTO) Patrullando 2 activos...
[2026-06-15 08:45:05] (Hilo: FOREX) Patrullando 3 activos...
[2026-06-15 08:45:05] (Hilo: INDICES) Patrullando 3 activos...
[2026-06-15 08:45:05] (Hilo: ENERGIA) Patrullando 3 activos...
[2026-06-15 08:45:19] (Hilo: METALES) Patrullando 2 activos...
[2026-06-15 08:45:20] (Hilo: CRIPTO) Patrullando 2 activos...
[2026-06-15 08:45:20] (Hilo: FOREX) Patrullando 3 activos...
[2026-06-15 08:45:20] (Hilo: INDICES) Patrullando 3 activos...
[2026-06-15 08:45:20] (Hilo: ENERGIA) Patrullando 3 activos...
[2026-06-15 08:45:34] (Hilo: METALES) Patrullando 2 activos...
[2026-06-15 08:45:35] (Hilo: CRIPTO) Patrullando 2 activos...
[2026-06-15 08:45:35] (Hilo: FOREX) Patrullando 3 activos...
[2026-06-15 08:45:35] (Hilo: INDICES) Patrullando 3 activos...
[2026-06-15 08:45:35] (Hilo: ENERGIA) Patrullando 3 activos...
[2026-06-15 08:45:49] (Hilo: METALES) Patrullando 2 activos...
[2026-06-15 08:45:50] (Hilo: CRIPTO) Patrullando 2 activos...
[2026-06-15 08:45:50] (Hilo: FOREX) Patrullando 3 activos...
[2026-06-15 08:45:50] (Hilo: INDICES) Patrullando 3 activos...
[2026-06-15 08:45:50] (Hilo: ENERGIA) Patrullando 3 activos...
[2026-06-15 08:46:04] (Hilo: METALES) Patrullando 2 activos...
[2026-06-15 08:46:05] (Hilo: CRIPTO) Patrullando 2 activos...
[2026-06-15 08:46:05] (Hilo: FOREX) Patrullando 3 activos...
[2026-06-15 08:46:05] (Hilo: INDICES) Patrullando 3 activos...
[2026-06-15 08:46:05] (Hilo: ENERGIA) Patrullando 3 activos...
[2026-06-15 08:46:19] (Hilo: METALES) Patrullando 2 activos...
[2026-06-15 08:46:20] (Hilo: CRIPTO) Patrullando 2 activos...
[2026-06-15 08:46:20] (Hilo: FOREX) Patrullando 3 activos...
[2026-06-15 08:46:20] (Hilo: INDICES) Patrullando 3 activos...
[2026-06-15 08:46:20] (Hilo: ENERGIA) Patrullando 3 activos...
[2026-06-15 08:46:34] (Hilo: METALES) Patrullando 2 activos...
[2026-06-15 08:46:35] (Hilo: CRIPTO) Patrullando 2 activos...
[2026-06-15 08:46:35] (Hilo: FOREX) Patrullando 3 activos...
[2026-06-15 08:46:35] (Hilo: INDICES) Patrullando 3 activos...
[2026-06-15 08:46:35] (Hilo: ENERGIA) Patrullando 3 activos...
[2026-06-15 08:46:49] (Hilo: METALES) Patrullando 2 activos...
[2026-06-15 08:46:50] (Hilo: CRIPTO) Patrullando 2 activos...
[2026-06-15 08:46:50] (Hilo: FOREX) Patrullando 3 activos...
[2026-06-15 08:46:50] (Hilo: INDICES) Patrullando 3 activos...
[2026-06-15 08:46:50] (Hilo: ENERGIA) Patrullando 3 activos...
[2026-06-15 08:47:04] (Hilo: METALES) Patrullando 2 activos...
[2026-06-15 08:47:05] (Hilo: CRIPTO) Patrullando 2 activos...
[2026-06-15 08:47:05] (Hilo: FOREX) Patrullando 3 activos...
[2026-06-15 08:47:05] (Hilo: INDICES) Patrullando 3 activos...
[2026-06-15 08:47:05] (Hilo: ENERGIA) Patrullando 3 activos...
[2026-06-15 08:47:19] (Hilo: METALES) Patrullando 2 activos...
[2026-06-15 08:47:20] (Hilo: CRIPTO) Patrullando 2 activos...
[2026-06-15 08:47:20] (Hilo: FOREX) Patrullando 3 activos...
[2026-06-15 08:47:20] (Hilo: INDICES) Patrullando 3 activos...
[2026-06-15 08:47:20] (Hilo: ENERGIA) Patrullando 3 activos...
[2026-06-15 08:47:34] (Hilo: METALES) Patrullando 2 activos...
[2026-06-15 08:47:35] (Hilo: CRIPTO) Patrullando 2 activos...
[2026-06-15 08:47:35] (Hilo: FOREX) Patrullando 3 activos...
[2026-06-15 08:47:35] (Hilo: INDICES) Patrullando 3 activos...
[2026-06-15 08:47:35] (Hilo: ENERGIA) Patrullando 3 activos...
[2026-06-15 08:47:49] (Hilo: METALES) Patrullando 2 activos...
[2026-06-15 08:47:50] (Hilo: CRIPTO) Patrullando 2 activos...
[2026-06-15 08:47:50] (Hilo: FOREX) Patrullando 3 activos...
[2026-06-15 08:47:50] (Hilo: INDICES) Patrullando 3 activos...
[2026-06-15 08:47:50] (Hilo: ENERGIA) Patrullando 3 activos...
[2026-06-15 08:48:04] (Hilo: METALES) Patrullando 2 activos...
[2026-06-15 08:48:05] (Hilo: CRIPTO) Patrullando 2 activos...
[2026-06-15 08:48:05] (Hilo: FOREX) Patrullando 3 activos...
[2026-06-15 08:48:05] (Hilo: INDICES) Patrullando 3 activos...
[2026-06-15 08:48:05] (Hilo: ENERGIA) Patrullando 3 activos...
[2026-06-15 08:48:19] (Hilo: METALES) Patrullando 2 activos...
[2026-06-15 08:48:20] (Hilo: CRIPTO) Patrullando 2 activos...
[2026-06-15 08:48:20] (Hilo: FOREX) Patrullando 3 activos...
[2026-06-15 08:48:20] (Hilo: INDICES) Patrullando 3 activos...
[2026-06-15 08:48:20] (Hilo: ENERGIA) Patrullando 3 activos...
[2026-06-15 08:48:34] (Hilo: METALES) Patrullando 2 activos...
[2026-06-15 08:48:35] (Hilo: CRIPTO) Patrullando 2 activos...
[2026-06-15 08:48:35] (Hilo: FOREX) Patrullando 3 activos...
[2026-06-15 08:48:35] (Hilo: INDICES) Patrullando 3 activos...
[2026-06-15 08:48:35] (Hilo: ENERGIA) Patrullando 3 activos...
[2026-06-15 08:48:49] (Hilo: METALES) Patrullando 2 activos...
[2026-06-15 08:48:50] (Hilo: CRIPTO) Patrullando 2 activos...
[2026-06-15 08:48:50] (Hilo: FOREX) Patrullando 3 activos...
[2026-06-15 08:48:50] (Hilo: INDICES) Patrullando 3 activos...
[2026-06-15 08:48:50] (Hilo: ENERGIA) Patrullando 3 activos...
[2026-06-15 08:49:04] (Hilo: METALES) Patrullando 2 activos...
[2026-06-15 08:49:05] (Hilo: CRIPTO) Patrullando 2 activos...
[2026-06-15 08:49:05] (Hilo: FOREX) Patrullando 3 activos...
[2026-06-15 08:49:05] (Hilo: INDICES) Patrullando 3 activos...
[2026-06-15 08:49:05] (Hilo: ENERGIA) Patrullando 3 activos...
[2026-06-15 08:49:19] (Hilo: METALES) Patrullando 2 activos...
[2026-06-15 08:49:20] (Hilo: CRIPTO) Patrullando 2 activos...
[2026-06-15 08:49:20] (Hilo: FOREX) Patrullando 3 activos...
[2026-06-15 08:49:20] (Hilo: INDICES) Patrullando 3 activos...
[2026-06-15 08:49:20] (Hilo: ENERGIA) Patrullando 3 activos...
[2026-06-15 08:49:34] (Hilo: METALES) Patrullando 2 activos...
[2026-06-15 08:49:35] (Hilo: CRIPTO) Patrullando 2 activos...
[2026-06-15 08:49:35] (Hilo: FOREX) Patrullando 3 activos...
[2026-06-15 08:49:35] (Hilo: INDICES) Patrullando 3 activos...
[2026-06-15 08:49:35] (Hilo: ENERGIA) Patrullando 3 activos...
[2026-06-15 08:49:49] (Hilo: METALES) Patrullando 2 activos...
[2026-06-15 08:49:50] (Hilo: CRIPTO) Patrullando 2 activos...
[2026-06-15 08:49:50] (Hilo: FOREX) Patrullando 3 activos...
[2026-06-15 08:49:50] (Hilo: INDICES) Patrullando 3 activos...
[2026-06-15 08:49:50] (Hilo: ENERGIA) Patrullando 3 activos...
[2026-06-15 08:50:04] (Hilo: METALES) Patrullando 2 activos...
[2026-06-15 08:50:05] (Hilo: CRIPTO) Patrullando 2 activos...
[2026-06-15 08:50:05] (Hilo: FOREX) Patrullando 3 activos...
[2026-06-15 08:50:05] (Hilo: ENERGIA) Patrullando 3 activos...
[2026-06-15 08:50:05] (Hilo: INDICES) Patrullando 3 activos...
[2026-06-15 08:50:19] (Hilo: METALES) Patrullando 2 activos...
[2026-06-15 08:50:20] (Hilo: FOREX) Patrullando 3 activos...
[2026-06-15 08:50:20] (Hilo: CRIPTO) Patrullando 2 activos...
[2026-06-15 08:50:20] (Hilo: ENERGIA) Patrullando 3 activos...
[2026-06-15 08:50:20] (Hilo: INDICES) Patrullando 3 activos...
[2026-06-15 08:50:34] (Hilo: METALES) Patrullando 2 activos...
[2026-06-15 08:50:35] (Hilo: FOREX) Patrullando 3 activos...
[2026-06-15 08:50:35] (Hilo: CRIPTO) Patrullando 2 activos...
[2026-06-15 08:50:35] (Hilo: ENERGIA) Patrullando 3 activos...
[2026-06-15 08:50:35] (Hilo: INDICES) Patrullando 3 activos...
[2026-06-15 08:50:49] (Hilo: METALES) Patrullando 2 activos...
[2026-06-15 08:50:50] (Hilo: FOREX) Patrullando 3 activos...
[2026-06-15 08:50:50] (Hilo: CRIPTO) Patrullando 2 activos...
[2026-06-15 08:50:50] (Hilo: INDICES) Patrullando 3 activos...
[2026-06-15 08:50:50] (Hilo: ENERGIA) Patrullando 3 activos...
[2026-06-15 08:51:04] (Hilo: METALES) Patrullando 2 activos...
[2026-06-15 08:51:05] (Hilo: FOREX) Patrullando 3 activos...
[2026-06-15 08:51:05] (Hilo: INDICES) Patrullando 3 activos...
[2026-06-15 08:51:05] (Hilo: ENERGIA) Patrullando 3 activos...
[2026-06-15 08:51:05] (Hilo: CRIPTO) Patrullando 2 activos...
[2026-06-15 08:51:19] (Hilo: METALES) Patrullando 2 activos...
[2026-06-15 08:51:20] (Hilo: FOREX) Patrullando 3 activos...
[2026-06-15 08:51:20] (Hilo: INDICES) Patrullando 3 activos...
[2026-06-15 08:51:20] (Hilo: ENERGIA) Patrullando 3 activos...
[2026-06-15 08:51:20] (Hilo: CRIPTO) Patrullando 2 activos...
[2026-06-15 08:51:34] (Hilo: METALES) Patrullando 2 activos...
[2026-06-15 08:51:35] (Hilo: FOREX) Patrullando 3 activos...
[2026-06-15 08:51:35] (Hilo: INDICES) Patrullando 3 activos...
[2026-06-15 08:51:35] (Hilo: ENERGIA) Patrullando 3 activos...
[2026-06-15 08:51:35] (Hilo: CRIPTO) Patrullando 2 activos...
[2026-06-15 08:51:49] (Hilo: METALES) Patrullando 2 activos...
[2026-06-15 08:51:50] (Hilo: FOREX) Patrullando 3 activos...
[2026-06-15 08:51:50] (Hilo: INDICES) Patrullando 3 activos...
[2026-06-15 08:51:50] (Hilo: ENERGIA) Patrullando 3 activos...
[2026-06-15 08:51:50] (Hilo: CRIPTO) Patrullando 2 activos...
[2026-06-15 08:52:04] (Hilo: METALES) Patrullando 2 activos...
[2026-06-15 08:52:05] (Hilo: FOREX) Patrullando 3 activos...
[2026-06-15 08:52:05] (Hilo: INDICES) Patrullando 3 activos...
[2026-06-15 08:52:05] (Hilo: ENERGIA) Patrullando 3 activos...
[2026-06-15 08:52:05] (Hilo: CRIPTO) Patrullando 2 activos...
[2026-06-15 08:52:20] (Hilo: METALES) Patrullando 2 activos...
[2026-06-15 08:52:20] (Hilo: FOREX) Patrullando 3 activos...
[2026-06-15 08:52:20] (Hilo: INDICES) Patrullando 3 activos...
[2026-06-15 08:52:20] (Hilo: ENERGIA) Patrullando 3 activos...
[2026-06-15 08:52:20] (Hilo: CRIPTO) Patrullando 2 activos...
[2026-06-15 08:52:35] (Hilo: METALES) Patrullando 2 activos...
[2026-06-15 08:52:35] (Hilo: FOREX) Patrullando 3 activos...
[2026-06-15 08:52:35] (Hilo: INDICES) Patrullando 3 activos...
[2026-06-15 08:52:35] (Hilo: ENERGIA) Patrullando 3 activos...
[2026-06-15 08:52:35] (Hilo: CRIPTO) Patrullando 2 activos...
[2026-06-15 08:52:50] (Hilo: METALES) Patrullando 2 activos...
[2026-06-15 08:52:50] (Hilo: FOREX) Patrullando 3 activos...
[2026-06-15 08:52:50] (Hilo: INDICES) Patrullando 3 activos...
[2026-06-15 08:52:50] (Hilo: ENERGIA) Patrullando 3 activos...
[2026-06-15 08:52:50] (Hilo: CRIPTO) Patrullando 2 activos...
[2026-06-15 08:53:05] (Hilo: METALES) Patrullando 2 activos...
[2026-06-15 08:53:05] (Hilo: FOREX) Patrullando 3 activos...
[2026-06-15 08:53:05] (Hilo: INDICES) Patrullando 3 activos...
[2026-06-15 08:53:05] (Hilo: ENERGIA) Patrullando 3 activos...
[2026-06-15 08:53:05] (Hilo: CRIPTO) Patrullando 2 activos...
[2026-06-15 08:53:20] (Hilo: METALES) Patrullando 2 activos...
[2026-06-15 08:53:20] (Hilo: FOREX) Patrullando 3 activos...
[2026-06-15 08:53:20] (Hilo: INDICES) Patrullando 3 activos...
[2026-06-15 08:53:20] (Hilo: ENERGIA) Patrullando 3 activos...
[2026-06-15 08:53:20] (Hilo: CRIPTO) Patrullando 2 activos...
[2026-06-15 08:53:35] (Hilo: METALES) Patrullando 2 activos...
[2026-06-15 08:53:35] (Hilo: FOREX) Patrullando 3 activos...
[2026-06-15 08:53:35] (Hilo: INDICES) Patrullando 3 activos...
[2026-06-15 08:53:35] (Hilo: ENERGIA) Patrullando 3 activos...
[2026-06-15 08:53:35] (Hilo: CRIPTO) Patrullando 2 activos...
[2026-06-15 08:53:50] (Hilo: METALES) Patrullando 2 activos...
[2026-06-15 08:53:50] (Hilo: FOREX) Patrullando 3 activos...
[2026-06-15 08:53:50] (Hilo: INDICES) Patrullando 3 activos...
[2026-06-15 08:53:50] (Hilo: ENERGIA) Patrullando 3 activos...
[2026-06-15 08:53:50] (Hilo: CRIPTO) Patrullando 2 activos...
[2026-06-15 08:54:05] (Hilo: METALES) Patrullando 2 activos...
[2026-06-15 08:54:05] (Hilo: FOREX) Patrullando 3 activos...
[2026-06-15 08:54:05] (Hilo: INDICES) Patrullando 3 activos...
[2026-06-15 08:54:05] (Hilo: ENERGIA) Patrullando 3 activos...
[2026-06-15 08:54:05] (Hilo: CRIPTO) Patrullando 2 activos...
[2026-06-15 08:54:20] (Hilo: METALES) Patrullando 2 activos...
[2026-06-15 08:54:20] (Hilo: FOREX) Patrullando 3 activos...
[2026-06-15 08:54:20] (Hilo: INDICES) Patrullando 3 activos...
[2026-06-15 08:54:20] (Hilo: ENERGIA) Patrullando 3 activos...
[2026-06-15 08:54:21] (Hilo: CRIPTO) Patrullando 2 activos...
[2026-06-15 08:54:35] (Hilo: METALES) Patrullando 2 activos...
[2026-06-15 08:54:35] (Hilo: FOREX) Patrullando 3 activos...
[2026-06-15 08:54:35] (Hilo: INDICES) Patrullando 3 activos...
[2026-06-15 08:54:35] (Hilo: ENERGIA) Patrullando 3 activos...
[2026-06-15 08:54:36] (Hilo: CRIPTO) Patrullando 2 activos...
[2026-06-15 08:54:50] (Hilo: METALES) Patrullando 2 activos...
[2026-06-15 08:54:50] (Hilo: FOREX) Patrullando 3 activos...
[2026-06-15 08:54:50] (Hilo: INDICES) Patrullando 3 activos...
[2026-06-15 08:54:50] (Hilo: ENERGIA) Patrullando 3 activos...
[2026-06-15 08:54:51] (Hilo: CRIPTO) Patrullando 2 activos...
[2026-06-15 08:55:05] (Hilo: METALES) Patrullando 2 activos...
[2026-06-15 08:55:05] (Hilo: FOREX) Patrullando 3 activos...
[2026-06-15 08:55:05] (Hilo: INDICES) Patrullando 3 activos...
[2026-06-15 08:55:05] (Hilo: ENERGIA) Patrullando 3 activos...
[2026-06-15 08:55:06] (Hilo: CRIPTO) Patrullando 2 activos...
[2026-06-15 08:55:20] (Hilo: METALES) Patrullando 2 activos...
[2026-06-15 08:55:20] (Hilo: FOREX) Patrullando 3 activos...
[2026-06-15 08:55:20] (Hilo: INDICES) Patrullando 3 activos...
[2026-06-15 08:55:20] (Hilo: ENERGIA) Patrullando 3 activos...
[2026-06-15 08:55:21] (Hilo: CRIPTO) Patrullando 2 activos...
[2026-06-15 08:55:35] (Hilo: METALES) Patrullando 2 activos...
[2026-06-15 08:55:35] (Hilo: FOREX) Patrullando 3 activos...
[2026-06-15 08:55:35] (Hilo: INDICES) Patrullando 3 activos...
[2026-06-15 08:55:35] (Hilo: ENERGIA) Patrullando 3 activos...
[2026-06-15 08:55:36] (Hilo: CRIPTO) Patrullando 2 activos...
[2026-06-15 08:55:50] (Hilo: METALES) Patrullando 2 activos...
[2026-06-15 08:55:50] (Hilo: FOREX) Patrullando 3 activos...
[2026-06-15 08:55:50] (Hilo: INDICES) Patrullando 3 activos...
[2026-06-15 08:55:50] (Hilo: ENERGIA) Patrullando 3 activos...
[2026-06-15 08:55:51] (Hilo: CRIPTO) Patrullando 2 activos...
[2026-06-15 08:56:05] (Hilo: METALES) Patrullando 2 activos...
[2026-06-15 08:56:05] (Hilo: FOREX) Patrullando 3 activos...
[2026-06-15 08:56:05] (Hilo: INDICES) Patrullando 3 activos...
[2026-06-15 08:56:05] (Hilo: ENERGIA) Patrullando 3 activos...
[2026-06-15 08:56:06] (Hilo: CRIPTO) Patrullando 2 activos...
[2026-06-15 08:56:20] (Hilo: METALES) Patrullando 2 activos...
[2026-06-15 08:56:20] (Hilo: FOREX) Patrullando 3 activos...
[2026-06-15 08:56:20] (Hilo: INDICES) Patrullando 3 activos...
[2026-06-15 08:56:20] (Hilo: ENERGIA) Patrullando 3 activos...
[2026-06-15 08:56:21] (Hilo: CRIPTO) Patrullando 2 activos...
[2026-06-15 08:56:35] (Hilo: METALES) Patrullando 2 activos...
[2026-06-15 08:56:35] (Hilo: FOREX) Patrullando 3 activos...
[2026-06-15 08:56:35] (Hilo: INDICES) Patrullando 3 activos...
[2026-06-15 08:56:35] (Hilo: ENERGIA) Patrullando 3 activos...
[2026-06-15 08:56:36] (Hilo: CRIPTO) Patrullando 2 activos...
[2026-06-15 08:56:50] (Hilo: METALES) Patrullando 2 activos...
[2026-06-15 08:56:50] (Hilo: FOREX) Patrullando 3 activos...
[2026-06-15 08:56:50] (Hilo: INDICES) Patrullando 3 activos...
[2026-06-15 08:56:50] (Hilo: ENERGIA) Patrullando 3 activos...
[2026-06-15 08:56:51] (Hilo: CRIPTO) Patrullando 2 activos...
[2026-06-15 08:57:05] (Hilo: METALES) Patrullando 2 activos...
[2026-06-15 08:57:05] (Hilo: FOREX) Patrullando 3 activos...
[2026-06-15 08:57:05] (Hilo: INDICES) Patrullando 3 activos...
[2026-06-15 08:57:05] (Hilo: ENERGIA) Patrullando 3 activos...
[2026-06-15 08:57:06] (Hilo: CRIPTO) Patrullando 2 activos...
[2026-06-15 08:57:20] (Hilo: METALES) Patrullando 2 activos...
[2026-06-15 08:57:20] (Hilo: FOREX) Patrullando 3 activos...
[2026-06-15 08:57:20] (Hilo: INDICES) Patrullando 3 activos...
[2026-06-15 08:57:20] (Hilo: ENERGIA) Patrullando 3 activos...
[2026-06-15 08:57:21] (Hilo: CRIPTO) Patrullando 2 activos...
[2026-06-15 08:57:35] (Hilo: METALES) Patrullando 2 activos...
[2026-06-15 08:57:35] (Hilo: FOREX) Patrullando 3 activos...
[2026-06-15 08:57:35] (Hilo: INDICES) Patrullando 3 activos...
[2026-06-15 08:57:35] (Hilo: ENERGIA) Patrullando 3 activos...
[2026-06-15 08:57:36] (Hilo: CRIPTO) Patrullando 2 activos...
[2026-06-15 08:57:50] (Hilo: METALES) Patrullando 2 activos...
[2026-06-15 08:57:50] (Hilo: FOREX) Patrullando 3 activos...
[2026-06-15 08:57:50] (Hilo: INDICES) Patrullando 3 activos...
[2026-06-15 08:57:50] (Hilo: ENERGIA) Patrullando 3 activos...
[2026-06-15 08:57:51] (Hilo: CRIPTO) Patrullando 2 activos...
[2026-06-15 08:58:05] (Hilo: METALES) Patrullando 2 activos...
[2026-06-15 08:58:05] (Hilo: FOREX) Patrullando 3 activos...
[2026-06-15 08:58:05] (Hilo: INDICES) Patrullando 3 activos...
[2026-06-15 08:58:05] (Hilo: ENERGIA) Patrullando 3 activos...
[2026-06-15 08:58:06] (Hilo: CRIPTO) Patrullando 2 activos...
[2026-06-15 08:58:20] (Hilo: METALES) Patrullando 2 activos...
[2026-06-15 08:58:20] (Hilo: FOREX) Patrullando 3 activos...
[2026-06-15 08:58:20] (Hilo: INDICES) Patrullando 3 activos...
[2026-06-15 08:58:20] (Hilo: ENERGIA) Patrullando 3 activos...
[2026-06-15 08:58:21] (Hilo: CRIPTO) Patrullando 2 activos...
[2026-06-15 08:58:35] (Hilo: METALES) Patrullando 2 activos...
[2026-06-15 08:58:35] (Hilo: FOREX) Patrullando 3 activos...
[2026-06-15 08:58:35] (Hilo: INDICES) Patrullando 3 activos...
[2026-06-15 08:58:35] (Hilo: ENERGIA) Patrullando 3 activos...
[2026-06-15 08:58:36] (Hilo: CRIPTO) Patrullando 2 activos...
[2026-06-15 08:58:50] (Hilo: METALES) Patrullando 2 activos...
[2026-06-15 08:58:50] (Hilo: FOREX) Patrullando 3 activos...
[2026-06-15 08:58:50] (Hilo: INDICES) Patrullando 3 activos...
[2026-06-15 08:58:50] (Hilo: ENERGIA) Patrullando 3 activos...
[2026-06-15 08:58:51] (Hilo: CRIPTO) Patrullando 2 activos...
[2026-06-15 08:59:05] (Hilo: METALES) Patrullando 2 activos...
[2026-06-15 08:59:05] (Hilo: FOREX) Patrullando 3 activos...
[2026-06-15 08:59:05] (Hilo: INDICES) Patrullando 3 activos...
[2026-06-15 08:59:05] (Hilo: ENERGIA) Patrullando 3 activos...
[2026-06-15 08:59:06] (Hilo: CRIPTO) Patrullando 2 activos...
[2026-06-15 08:59:20] (Hilo: METALES) Patrullando 2 activos...
[2026-06-15 08:59:20] (Hilo: FOREX) Patrullando 3 activos...
[2026-06-15 08:59:20] (Hilo: INDICES) Patrullando 3 activos...
[2026-06-15 08:59:20] (Hilo: ENERGIA) Patrullando 3 activos...
[2026-06-15 08:59:21] (Hilo: CRIPTO) Patrullando 2 activos...
[2026-06-15 08:59:35] (Hilo: METALES) Patrullando 2 activos...
[2026-06-15 08:59:35] (Hilo: FOREX) Patrullando 3 activos...
[2026-06-15 08:59:35] (Hilo: INDICES) Patrullando 3 activos...
[2026-06-15 08:59:35] (Hilo: ENERGIA) Patrullando 3 activos...
[2026-06-15 08:59:36] (Hilo: CRIPTO) Patrullando 2 activos...
[2026-06-15 08:59:50] (Hilo: METALES) Patrullando 2 activos...
[2026-06-15 08:59:50] (Hilo: FOREX) Patrullando 3 activos...
[2026-06-15 08:59:50] (Hilo: INDICES) Patrullando 3 activos...
[2026-06-15 08:59:50] (Hilo: ENERGIA) Patrullando 3 activos...
[2026-06-15 08:59:51] (Hilo: CRIPTO) Patrullando 2 activos...
[2026-06-15 09:00:05] (Hilo: METALES) Patrullando 2 activos...
[2026-06-15 09:00:05] (Hilo: FOREX) Patrullando 3 activos...
[2026-06-15 09:00:05] (Hilo: INDICES) Patrullando 3 activos...
[2026-06-15 09:00:05] (Hilo: ENERGIA) Patrullando 3 activos...
[2026-06-15 09:00:06] (Hilo: CRIPTO) Patrullando 2 activos...
[2026-06-15 09:00:20] (Hilo: METALES) Patrullando 2 activos...
[2026-06-15 09:00:20] (Hilo: FOREX) Patrullando 3 activos...
[2026-06-15 09:00:20] (Hilo: INDICES) Patrullando 3 activos...
[2026-06-15 09:00:20] (Hilo: ENERGIA) Patrullando 3 activos...
[2026-06-15 09:00:21] (Hilo: CRIPTO) Patrullando 2 activos...
[2026-06-15 09:00:35] (Hilo: METALES) Patrullando 2 activos...
[2026-06-15 09:00:35] (Hilo: FOREX) Patrullando 3 activos...
[2026-06-15 09:00:35] (Hilo: INDICES) Patrullando 3 activos...
[2026-06-15 09:00:35] (Hilo: ENERGIA) Patrullando 3 activos...
[2026-06-15 09:00:36] (Hilo: CRIPTO) Patrullando 2 activos...
[2026-06-15 09:00:50] (Hilo: METALES) Patrullando 2 activos...
[2026-06-15 09:00:50] (Hilo: FOREX) Patrullando 3 activos...
[2026-06-15 09:00:50] (Hilo: INDICES) Patrullando 3 activos...
[2026-06-15 09:00:50] (Hilo: ENERGIA) Patrullando 3 activos...
[2026-06-15 09:00:51] (Hilo: CRIPTO) Patrullando 2 activos...
[2026-06-15 09:01:05] (Hilo: METALES) Patrullando 2 activos...
[2026-06-15 09:01:05] (Hilo: FOREX) Patrullando 3 activos...
[2026-06-15 09:01:05] (Hilo: INDICES) Patrullando 3 activos...
[2026-06-15 09:01:05] (Hilo: ENERGIA) Patrullando 3 activos...
[2026-06-15 09:01:06] (Hilo: CRIPTO) Patrullando 2 activos...
[2026-06-15 09:01:20] (Hilo: METALES) Patrullando 2 activos...
[2026-06-15 09:01:20] (Hilo: FOREX) Patrullando 3 activos...
[2026-06-15 09:01:20] (Hilo: INDICES) Patrullando 3 activos...
[2026-06-15 09:01:20] (Hilo: ENERGIA) Patrullando 3 activos...
[2026-06-15 09:01:21] (Hilo: CRIPTO) Patrullando 2 activos...
[2026-06-15 09:01:35] (Hilo: METALES) Patrullando 2 activos...
[2026-06-15 09:01:35] (Hilo: FOREX) Patrullando 3 activos...
[2026-06-15 09:01:35] (Hilo: INDICES) Patrullando 3 activos...
[2026-06-15 09:01:35] (Hilo: ENERGIA) Patrullando 3 activos...
[2026-06-15 09:01:36] (Hilo: CRIPTO) Patrullando 2 activos...
[2026-06-15 09:01:50] (Hilo: METALES) Patrullando 2 activos...
[2026-06-15 09:01:50] (Hilo: FOREX) Patrullando 3 activos...
[2026-06-15 09:01:50] (Hilo: INDICES) Patrullando 3 activos...
[2026-06-15 09:01:50] (Hilo: ENERGIA) Patrullando 3 activos...
[2026-06-15 09:01:51] (Hilo: CRIPTO) Patrullando 2 activos...
[2026-06-15 09:02:05] (Hilo: METALES) Patrullando 2 activos...
[2026-06-15 09:02:05] (Hilo: FOREX) Patrullando 3 activos...
[2026-06-15 09:02:05] (Hilo: INDICES) Patrullando 3 activos...
[2026-06-15 09:02:05] (Hilo: ENERGIA) Patrullando 3 activos...
[2026-06-15 09:02:06] (Hilo: CRIPTO) Patrullando 2 activos...
[2026-06-15 09:02:20] (Hilo: METALES) Patrullando 2 activos...
[2026-06-15 09:02:20] (Hilo: FOREX) Patrullando 3 activos...
[2026-06-15 09:02:20] (Hilo: INDICES) Patrullando 3 activos...
[2026-06-15 09:02:20] (Hilo: ENERGIA) Patrullando 3 activos...
[2026-06-15 09:02:21] (Hilo: CRIPTO) Patrullando 2 activos...
[2026-06-15 09:02:35] (Hilo: METALES) Patrullando 2 activos...
[2026-06-15 09:02:35] (Hilo: FOREX) Patrullando 3 activos...
[2026-06-15 09:02:35] (Hilo: INDICES) Patrullando 3 activos...
[2026-06-15 09:02:35] (Hilo: ENERGIA) Patrullando 3 activos...
[2026-06-15 09:02:36] (Hilo: CRIPTO) Patrullando 2 activos...
[2026-06-15 09:02:50] (Hilo: METALES) Patrullando 2 activos...
[2026-06-15 09:02:50] (Hilo: FOREX) Patrullando 3 activos...
[2026-06-15 09:02:50] (Hilo: INDICES) Patrullando 3 activos...
[2026-06-15 09:02:50] (Hilo: ENERGIA) Patrullando 3 activos...
[2026-06-15 09:02:51] (Hilo: CRIPTO) Patrullando 2 activos...
[2026-06-15 09:03:05] (Hilo: METALES) Patrullando 2 activos...
[2026-06-15 09:03:05] (Hilo: FOREX) Patrullando 3 activos...
[2026-06-15 09:03:05] (Hilo: INDICES) Patrullando 3 activos...
[2026-06-15 09:03:05] (Hilo: ENERGIA) Patrullando 3 activos...
[2026-06-15 09:03:06] (Hilo: CRIPTO) Patrullando 2 activos...
[2026-06-15 09:03:20] (Hilo: METALES) Patrullando 2 activos...
[2026-06-15 09:03:20] (Hilo: FOREX) Patrullando 3 activos...
[2026-06-15 09:03:20] (Hilo: INDICES) Patrullando 3 activos...
[2026-06-15 09:03:21] (Hilo: ENERGIA) Patrullando 3 activos...
[2026-06-15 09:03:21] (Hilo: CRIPTO) Patrullando 2 activos...
[2026-06-15 09:03:35] (Hilo: METALES) Patrullando 2 activos...
[2026-06-15 09:03:35] (Hilo: FOREX) Patrullando 3 activos...
[2026-06-15 09:03:35] (Hilo: INDICES) Patrullando 3 activos...
[2026-06-15 09:03:36] (Hilo: ENERGIA) Patrullando 3 activos...
[2026-06-15 09:03:36] (Hilo: CRIPTO) Patrullando 2 activos...
[2026-06-15 09:03:50] (Hilo: METALES) Patrullando 2 activos...
[2026-06-15 09:03:50] (Hilo: FOREX) Patrullando 3 activos...
[2026-06-15 09:03:50] (Hilo: INDICES) Patrullando 3 activos...
[2026-06-15 09:03:51] (Hilo: ENERGIA) Patrullando 3 activos...
[2026-06-15 09:03:51] (Hilo: CRIPTO) Patrullando 2 activos...
[2026-06-15 09:04:05] (Hilo: METALES) Patrullando 2 activos...
[2026-06-15 09:04:05] (Hilo: FOREX) Patrullando 3 activos...
[2026-06-15 09:04:05] (Hilo: INDICES) Patrullando 3 activos...
[2026-06-15 09:04:06] (Hilo: ENERGIA) Patrullando 3 activos...
[2026-06-15 09:04:06] (Hilo: CRIPTO) Patrullando 2 activos...
[2026-06-15 09:04:20] (Hilo: METALES) Patrullando 2 activos...
[2026-06-15 09:04:20] (Hilo: FOREX) Patrullando 3 activos...
[2026-06-15 09:04:20] (Hilo: INDICES) Patrullando 3 activos...
[2026-06-15 09:04:21] (Hilo: ENERGIA) Patrullando 3 activos...
[2026-06-15 09:04:21] (Hilo: CRIPTO) Patrullando 2 activos...
[2026-06-15 09:04:35] (Hilo: METALES) Patrullando 2 activos...
[2026-06-15 09:04:35] (Hilo: FOREX) Patrullando 3 activos...
[2026-06-15 09:04:35] (Hilo: INDICES) Patrullando 3 activos...
[2026-06-15 09:04:36] (Hilo: ENERGIA) Patrullando 3 activos...
[2026-06-15 09:04:36] (Hilo: CRIPTO) Patrullando 2 activos...
[2026-06-15 09:04:50] (Hilo: METALES) Patrullando 2 activos...
[2026-06-15 09:04:50] (Hilo: FOREX) Patrullando 3 activos...
[2026-06-15 09:04:50] (Hilo: INDICES) Patrullando 3 activos...
[2026-06-15 09:04:51] (Hilo: ENERGIA) Patrullando 3 activos...
[2026-06-15 09:04:51] (Hilo: CRIPTO) Patrullando 2 activos...
[2026-06-15 09:05:05] (Hilo: METALES) Patrullando 2 activos...
[2026-06-15 09:05:05] (Hilo: FOREX) Patrullando 3 activos...
[2026-06-15 09:05:05] (Hilo: INDICES) Patrullando 3 activos...
[2026-06-15 09:05:06] (Hilo: ENERGIA) Patrullando 3 activos...
[2026-06-15 09:05:06] (Hilo: CRIPTO) Patrullando 2 activos...
[2026-06-15 09:05:20] (Hilo: METALES) Patrullando 2 activos...
[2026-06-15 09:05:20] (Hilo: FOREX) Patrullando 3 activos...
[2026-06-15 09:05:20] (Hilo: INDICES) Patrullando 3 activos...
[2026-06-15 09:05:21] (Hilo: ENERGIA) Patrullando 3 activos...
[2026-06-15 09:05:21] (Hilo: CRIPTO) Patrullando 2 activos...
[2026-06-15 09:05:35] (Hilo: METALES) Patrullando 2 activos...
[2026-06-15 09:05:35] (Hilo: FOREX) Patrullando 3 activos...
[2026-06-15 09:05:36] (Hilo: INDICES) Patrullando 3 activos...
[2026-06-15 09:05:36] (Hilo: ENERGIA) Patrullando 3 activos...
[2026-06-15 09:05:36] (Hilo: CRIPTO) Patrullando 2 activos...
[2026-06-15 09:05:50] (Hilo: METALES) Patrullando 2 activos...
[2026-06-15 09:05:50] (Hilo: FOREX) Patrullando 3 activos...
[2026-06-15 09:05:51] (Hilo: INDICES) Patrullando 3 activos...
[2026-06-15 09:05:51] (Hilo: ENERGIA) Patrullando 3 activos...
[2026-06-15 09:05:51] (Hilo: CRIPTO) Patrullando 2 activos...
[2026-06-15 09:06:05] (Hilo: METALES) Patrullando 2 activos...
[2026-06-15 09:06:05] (Hilo: FOREX) Patrullando 3 activos...
[2026-06-15 09:06:06] (Hilo: INDICES) Patrullando 3 activos...
[2026-06-15 09:06:06] (Hilo: ENERGIA) Patrullando 3 activos...
[2026-06-15 09:06:06] (Hilo: CRIPTO) Patrullando 2 activos...
[2026-06-15 09:06:20] (Hilo: METALES) Patrullando 2 activos...
[2026-06-15 09:06:20] (Hilo: FOREX) Patrullando 3 activos...
[2026-06-15 09:06:21] (Hilo: INDICES) Patrullando 3 activos...
[2026-06-15 09:06:21] (Hilo: ENERGIA) Patrullando 3 activos...
[2026-06-15 09:06:21] (Hilo: CRIPTO) Patrullando 2 activos...
[2026-06-15 09:06:35] (Hilo: METALES) Patrullando 2 activos...
[2026-06-15 09:06:35] (Hilo: FOREX) Patrullando 3 activos...
[2026-06-15 09:06:36] (Hilo: INDICES) Patrullando 3 activos...
[2026-06-15 09:06:36] (Hilo: ENERGIA) Patrullando 3 activos...
[2026-06-15 09:06:36] (Hilo: CRIPTO) Patrullando 2 activos...
[2026-06-15 09:06:50] (Hilo: METALES) Patrullando 2 activos...
[2026-06-15 09:06:50] (Hilo: FOREX) Patrullando 3 activos...
[2026-06-15 09:06:51] (Hilo: INDICES) Patrullando 3 activos...
[2026-06-15 09:06:51] (Hilo: ENERGIA) Patrullando 3 activos...
[2026-06-15 09:06:51] (Hilo: CRIPTO) Patrullando 2 activos...
[2026-06-15 09:07:05] (Hilo: METALES) Patrullando 2 activos...
[2026-06-15 09:07:05] (Hilo: FOREX) Patrullando 3 activos...
[2026-06-15 09:07:06] (Hilo: INDICES) Patrullando 3 activos...
[2026-06-15 09:07:06] (Hilo: ENERGIA) Patrullando 3 activos...
[2026-06-15 09:07:06] (Hilo: CRIPTO) Patrullando 2 activos...
[2026-06-15 09:07:20] (Hilo: METALES) Patrullando 2 activos...
[2026-06-15 09:07:20] (Hilo: FOREX) Patrullando 3 activos...
[2026-06-15 09:07:21] (Hilo: INDICES) Patrullando 3 activos...
[2026-06-15 09:07:21] (Hilo: ENERGIA) Patrullando 3 activos...
[2026-06-15 09:07:21] (Hilo: CRIPTO) Patrullando 2 activos...
[2026-06-15 09:07:35] (Hilo: METALES) Patrullando 2 activos...
[2026-06-15 09:07:35] (Hilo: FOREX) Patrullando 3 activos...
[2026-06-15 09:07:36] (Hilo: INDICES) Patrullando 3 activos...
[2026-06-15 09:07:36] (Hilo: ENERGIA) Patrullando 3 activos...
[2026-06-15 09:07:36] (Hilo: CRIPTO) Patrullando 2 activos...
[2026-06-15 09:07:50] (Hilo: METALES) Patrullando 2 activos...
[2026-06-15 09:07:50] (Hilo: FOREX) Patrullando 3 activos...
[2026-06-15 09:07:51] (Hilo: INDICES) Patrullando 3 activos...
[2026-06-15 09:07:51] (Hilo: ENERGIA) Patrullando 3 activos...
[2026-06-15 09:07:51] (Hilo: CRIPTO) Patrullando 2 activos...
[2026-06-15 09:08:05] (Hilo: METALES) Patrullando 2 activos...
[2026-06-15 09:08:05] (Hilo: FOREX) Patrullando 3 activos...
[2026-06-15 09:08:06] (Hilo: INDICES) Patrullando 3 activos...
[2026-06-15 09:08:06] (Hilo: ENERGIA) Patrullando 3 activos...
[2026-06-15 09:08:06] (Hilo: CRIPTO) Patrullando 2 activos...
[2026-06-15 09:08:20] (Hilo: METALES) Patrullando 2 activos...
[2026-06-15 09:08:20] (Hilo: FOREX) Patrullando 3 activos...
[2026-06-15 09:08:21] (Hilo: INDICES) Patrullando 3 activos...
[2026-06-15 09:08:21] (Hilo: ENERGIA) Patrullando 3 activos...
[2026-06-15 09:08:21] (Hilo: CRIPTO) Patrullando 2 activos...
[2026-06-15 09:08:35] (Hilo: METALES) Patrullando 2 activos...
[2026-06-15 09:08:35] (Hilo: FOREX) Patrullando 3 activos...
[2026-06-15 09:08:36] (Hilo: INDICES) Patrullando 3 activos...
[2026-06-15 09:08:36] (Hilo: ENERGIA) Patrullando 3 activos...
[2026-06-15 09:08:36] (Hilo: CRIPTO) Patrullando 2 activos...
[2026-06-15 09:08:50] (Hilo: METALES) Patrullando 2 activos...
[2026-06-15 09:08:50] (Hilo: FOREX) Patrullando 3 activos...
[2026-06-15 09:08:51] (Hilo: INDICES) Patrullando 3 activos...
[2026-06-15 09:08:51] (Hilo: ENERGIA) Patrullando 3 activos...
[2026-06-15 09:08:51] (Hilo: CRIPTO) Patrullando 2 activos...
[2026-06-15 09:09:05] (Hilo: METALES) Patrullando 2 activos...
[2026-06-15 09:09:05] (Hilo: FOREX) Patrullando 3 activos...
[2026-06-15 09:09:06] (Hilo: INDICES) Patrullando 3 activos...
[2026-06-15 09:09:06] (Hilo: ENERGIA) Patrullando 3 activos...
[2026-06-15 09:09:06] (Hilo: CRIPTO) Patrullando 2 activos...
[2026-06-15 09:09:20] (Hilo: METALES) Patrullando 2 activos...
[2026-06-15 09:09:20] (Hilo: FOREX) Patrullando 3 activos...
[2026-06-15 09:09:21] (Hilo: INDICES) Patrullando 3 activos...
[2026-06-15 09:09:21] (Hilo: ENERGIA) Patrullando 3 activos...
[2026-06-15 09:09:21] (Hilo: CRIPTO) Patrullando 2 activos...
[2026-06-15 09:09:35] (Hilo: METALES) Patrullando 2 activos...
[2026-06-15 09:09:35] (Hilo: FOREX) Patrullando 3 activos...
[2026-06-15 09:09:36] (Hilo: INDICES) Patrullando 3 activos...
[2026-06-15 09:09:36] (Hilo: ENERGIA) Patrullando 3 activos...
[2026-06-15 09:09:36] (Hilo: CRIPTO) Patrullando 2 activos...
[2026-06-15 09:09:50] (Hilo: METALES) Patrullando 2 activos...
[2026-06-15 09:09:50] (Hilo: FOREX) Patrullando 3 activos...
[2026-06-15 09:09:51] (Hilo: INDICES) Patrullando 3 activos...
[2026-06-15 09:09:51] (Hilo: ENERGIA) Patrullando 3 activos...
[2026-06-15 09:09:51] (Hilo: CRIPTO) Patrullando 2 activos...
[2026-06-15 09:10:05] (Hilo: METALES) Patrullando 2 activos...
[2026-06-15 09:10:05] (Hilo: FOREX) Patrullando 3 activos...
[2026-06-15 09:10:06] (Hilo: INDICES) Patrullando 3 activos...
[2026-06-15 09:10:06] (Hilo: ENERGIA) Patrullando 3 activos...
[2026-06-15 09:10:06] (Hilo: CRIPTO) Patrullando 2 activos...
[2026-06-15 09:10:20] (Hilo: METALES) Patrullando 2 activos...
[2026-06-15 09:10:20] (Hilo: FOREX) Patrullando 3 activos...
[2026-06-15 09:10:21] (Hilo: INDICES) Patrullando 3 activos...
[2026-06-15 09:10:21] (Hilo: ENERGIA) Patrullando 3 activos...
[2026-06-15 09:10:21] (Hilo: CRIPTO) Patrullando 2 activos...
[2026-06-15 09:10:35] (Hilo: METALES) Patrullando 2 activos...
[2026-06-15 09:10:35] (Hilo: FOREX) Patrullando 3 activos...
[2026-06-15 09:10:36] (Hilo: INDICES) Patrullando 3 activos...
[2026-06-15 09:10:36] (Hilo: ENERGIA) Patrullando 3 activos...
[2026-06-15 09:10:36] (Hilo: CRIPTO) Patrullando 2 activos...
[2026-06-15 09:10:50] (Hilo: METALES) Patrullando 2 activos...
[2026-06-15 09:10:50] (Hilo: FOREX) Patrullando 3 activos...
[2026-06-15 09:10:51] (Hilo: INDICES) Patrullando 3 activos...
[2026-06-15 09:10:51] (Hilo: ENERGIA) Patrullando 3 activos...
[2026-06-15 09:10:51] (Hilo: CRIPTO) Patrullando 2 activos...
[2026-06-15 09:11:05] (Hilo: METALES) Patrullando 2 activos...
[2026-06-15 09:11:05] (Hilo: FOREX) Patrullando 3 activos...
[2026-06-15 09:11:06] (Hilo: INDICES) Patrullando 3 activos...
[2026-06-15 09:11:06] (Hilo: ENERGIA) Patrullando 3 activos...
[2026-06-15 09:11:06] (Hilo: CRIPTO) Patrullando 2 activos...
[2026-06-15 09:11:20] (Hilo: METALES) Patrullando 2 activos...
[2026-06-15 09:11:20] (Hilo: FOREX) Patrullando 3 activos...
[2026-06-15 09:11:21] (Hilo: INDICES) Patrullando 3 activos...
[2026-06-15 09:11:21] (Hilo: ENERGIA) Patrullando 3 activos...
[2026-06-15 09:11:21] (Hilo: CRIPTO) Patrullando 2 activos...
[2026-06-15 09:11:35] (Hilo: METALES) Patrullando 2 activos...
[2026-06-15 09:11:35] (Hilo: FOREX) Patrullando 3 activos...
[2026-06-15 09:11:36] (Hilo: INDICES) Patrullando 3 activos...
[2026-06-15 09:11:36] (Hilo: ENERGIA) Patrullando 3 activos...
[2026-06-15 09:11:36] (Hilo: CRIPTO) Patrullando 2 activos...
[2026-06-15 09:11:50] (Hilo: METALES) Patrullando 2 activos...
[2026-06-15 09:11:50] (Hilo: FOREX) Patrullando 3 activos...
[2026-06-15 09:11:51] (Hilo: INDICES) Patrullando 3 activos...
[2026-06-15 09:11:51] (Hilo: ENERGIA) Patrullando 3 activos...
[2026-06-15 09:11:51] (Hilo: CRIPTO) Patrullando 2 activos...
[2026-06-15 09:12:05] (Hilo: METALES) Patrullando 2 activos...
[2026-06-15 09:12:05] (Hilo: FOREX) Patrullando 3 activos...
[2026-06-15 09:12:06] (Hilo: INDICES) Patrullando 3 activos...
[2026-06-15 09:12:06] (Hilo: ENERGIA) Patrullando 3 activos...
[2026-06-15 09:12:06] (Hilo: CRIPTO) Patrullando 2 activos...
[2026-06-15 09:12:20] (Hilo: METALES) Patrullando 2 activos...
[2026-06-15 09:12:20] (Hilo: FOREX) Patrullando 3 activos...
[2026-06-15 09:12:21] (Hilo: INDICES) Patrullando 3 activos...
[2026-06-15 09:12:21] (Hilo: ENERGIA) Patrullando 3 activos...
[2026-06-15 09:12:21] (Hilo: CRIPTO) Patrullando 2 activos...
[2026-06-15 09:12:35] (Hilo: METALES) Patrullando 2 activos...
[2026-06-15 09:12:35] (Hilo: FOREX) Patrullando 3 activos...
[2026-06-15 09:12:36] (Hilo: INDICES) Patrullando 3 activos...
[2026-06-15 09:12:36] (Hilo: ENERGIA) Patrullando 3 activos...
[2026-06-15 09:12:36] (Hilo: CRIPTO) Patrullando 2 activos...
[2026-06-15 09:12:50] (Hilo: METALES) Patrullando 2 activos...
[2026-06-15 09:12:50] (Hilo: FOREX) Patrullando 3 activos...
[2026-06-15 09:12:51] (Hilo: INDICES) Patrullando 3 activos...
[2026-06-15 09:12:51] (Hilo: ENERGIA) Patrullando 3 activos...
[2026-06-15 09:12:51] (Hilo: CRIPTO) Patrullando 2 activos...
[2026-06-15 09:13:05] (Hilo: METALES) Patrullando 2 activos...
[2026-06-15 09:13:05] (Hilo: FOREX) Patrullando 3 activos...
[2026-06-15 09:13:06] (Hilo: INDICES) Patrullando 3 activos...
[2026-06-15 09:13:06] (Hilo: ENERGIA) Patrullando 3 activos...
[2026-06-15 09:13:06] (Hilo: CRIPTO) Patrullando 2 activos...
[2026-06-15 09:13:20] (Hilo: METALES) Patrullando 2 activos...
[2026-06-15 09:13:20] (Hilo: FOREX) Patrullando 3 activos...
[2026-06-15 09:13:21] (Hilo: INDICES) Patrullando 3 activos...
[2026-06-15 09:13:21] (Hilo: ENERGIA) Patrullando 3 activos...
[2026-06-15 09:13:21] (Hilo: CRIPTO) Patrullando 2 activos...
[2026-06-15 09:13:35] (Hilo: METALES) Patrullando 2 activos...
[2026-06-15 09:13:35] (Hilo: FOREX) Patrullando 3 activos...
[2026-06-15 09:13:36] (Hilo: INDICES) Patrullando 3 activos...
[2026-06-15 09:13:36] (Hilo: ENERGIA) Patrullando 3 activos...
[2026-06-15 09:13:36] (Hilo: CRIPTO) Patrullando 2 activos...
[2026-06-15 09:13:50] (Hilo: METALES) Patrullando 2 activos...
[2026-06-15 09:13:50] (Hilo: FOREX) Patrullando 3 activos...
[2026-06-15 09:13:51] (Hilo: INDICES) Patrullando 3 activos...
[2026-06-15 09:13:51] (Hilo: ENERGIA) Patrullando 3 activos...
[2026-06-15 09:13:51] (Hilo: CRIPTO) Patrullando 2 activos...
[2026-06-15 09:14:05] (Hilo: METALES) Patrullando 2 activos...
[2026-06-15 09:14:05] (Hilo: FOREX) Patrullando 3 activos...
[2026-06-15 09:14:06] (Hilo: INDICES) Patrullando 3 activos...
[2026-06-15 09:14:06] (Hilo: ENERGIA) Patrullando 3 activos...
[2026-06-15 09:14:06] (Hilo: CRIPTO) Patrullando 2 activos...
[2026-06-15 17:24:50] (Hilo: ENERGIA) Patrullando 3 activos...
[2026-06-15 17:24:50] (Hilo: INDICES) Patrullando 3 activos...
[2026-06-15 17:24:50] (Hilo: CRIPTO) Patrullando 2 activos...
[2026-06-15 17:24:50] (Hilo: METALES) Patrullando 2 activos...
[2026-06-15 17:24:50] (Hilo: FOREX) Patrullando 3 activos...
[2026-06-15 17:25:06] (Hilo: CRIPTO) Patrullando 2 activos...
[2026-06-15 17:25:06] (Hilo: METALES) Patrullando 2 activos...
[2026-06-15 17:25:06] (Hilo: ENERGIA) Patrullando 3 activos...
[2026-06-15 17:25:07] (Hilo: INDICES) Patrullando 3 activos...
[2026-06-15 17:25:07] (Hilo: FOREX) Patrullando 3 activos...
[2026-06-15 17:25:21] (Hilo: CRIPTO) Patrullando 2 activos...
[2026-06-15 17:25:21] (Hilo: METALES) Patrullando 2 activos...
[2026-06-15 17:25:21] (Hilo: ENERGIA) Patrullando 3 activos...
[2026-06-15 17:25:22] (Hilo: INDICES) Patrullando 3 activos...
[2026-06-15 17:25:22] (Hilo: FOREX) Patrullando 3 activos...
[2026-06-15 17:25:36] (Hilo: CRIPTO) Patrullando 2 activos...
[2026-06-15 17:25:36] (Hilo: METALES) Patrullando 2 activos...
[2026-06-15 17:25:36] (Hilo: ENERGIA) Patrullando 3 activos...
[2026-06-15 17:25:37] (Hilo: INDICES) Patrullando 3 activos...
[2026-06-15 17:25:37] (Hilo: FOREX) Patrullando 3 activos...
[2026-06-15 17:25:51] (Hilo: CRIPTO) Patrullando 2 activos...
[2026-06-15 17:25:51] (Hilo: METALES) Patrullando 2 activos...
[2026-06-15 17:25:51] (Hilo: ENERGIA) Patrullando 3 activos...
[2026-06-15 17:25:52] (Hilo: INDICES) Patrullando 3 activos...
[2026-06-15 17:25:52] (Hilo: FOREX) Patrullando 3 activos...
[2026-06-15 17:26:06] (Hilo: CRIPTO) Patrullando 2 activos...
[2026-06-15 17:26:06] (Hilo: METALES) Patrullando 2 activos...
[2026-06-15 17:26:06] (Hilo: ENERGIA) Patrullando 3 activos...
[2026-06-15 17:26:07] (Hilo: INDICES) Patrullando 3 activos...
[2026-06-15 17:26:07] (Hilo: FOREX) Patrullando 3 activos...
[2026-06-15 17:26:21] (Hilo: CRIPTO) Patrullando 2 activos...
[2026-06-15 17:26:21] (Hilo: METALES) Patrullando 2 activos...
[2026-06-15 17:26:21] (Hilo: ENERGIA) Patrullando 3 activos...
[2026-06-15 17:26:22] (Hilo: INDICES) Patrullando 3 activos...
[2026-06-15 17:26:22] (Hilo: FOREX) Patrullando 3 activos...
[2026-06-15 17:26:36] (Hilo: CRIPTO) Patrullando 2 activos...
[2026-06-15 17:26:36] (Hilo: METALES) Patrullando 2 activos...
[2026-06-15 17:26:36] (Hilo: ENERGIA) Patrullando 3 activos...
[2026-06-15 17:26:37] (Hilo: INDICES) Patrullando 3 activos...
[2026-06-15 17:26:37] (Hilo: FOREX) Patrullando 3 activos...
[2026-06-15 17:26:51] (Hilo: CRIPTO) Patrullando 2 activos...
[2026-06-15 17:26:51] (Hilo: METALES) Patrullando 2 activos...
[2026-06-15 17:26:51] (Hilo: ENERGIA) Patrullando 3 activos...
[2026-06-15 17:26:52] (Hilo: INDICES) Patrullando 3 activos...
[2026-06-15 17:26:52] (Hilo: FOREX) Patrullando 3 activos...
[2026-06-15 17:27:06] (Hilo: CRIPTO) Patrullando 2 activos...
[2026-06-15 17:27:06] (Hilo: METALES) Patrullando 2 activos...
[2026-06-15 17:27:06] (Hilo: ENERGIA) Patrullando 3 activos...
[2026-06-15 17:27:07] (Hilo: INDICES) Patrullando 3 activos...
[2026-06-15 17:27:07] (Hilo: FOREX) Patrullando 3 activos...
[2026-06-15 17:27:21] (Hilo: CRIPTO) Patrullando 2 activos...
[2026-06-15 17:27:21] (Hilo: METALES) Patrullando 2 activos...
[2026-06-15 17:27:21] (Hilo: ENERGIA) Patrullando 3 activos...
[2026-06-15 17:27:22] (Hilo: INDICES) Patrullando 3 activos...
[2026-06-15 17:27:22] (Hilo: FOREX) Patrullando 3 activos...
[2026-06-15 17:27:36] (Hilo: CRIPTO) Patrullando 2 activos...
[2026-06-15 17:27:36] (Hilo: METALES) Patrullando 2 activos...
[2026-06-15 17:27:36] (Hilo: ENERGIA) Patrullando 3 activos...
[2026-06-15 17:27:37] (Hilo: INDICES) Patrullando 3 activos...
[2026-06-15 17:27:37] (Hilo: FOREX) Patrullando 3 activos...
[2026-06-15 17:27:51] (Hilo: CRIPTO) Patrullando 2 activos...
[2026-06-15 17:27:51] (Hilo: METALES) Patrullando 2 activos...
[2026-06-15 17:27:51] (Hilo: ENERGIA) Patrullando 3 activos...
[2026-06-15 17:27:52] (Hilo: INDICES) Patrullando 3 activos...
[2026-06-15 17:27:52] (Hilo: FOREX) Patrullando 3 activos...
[2026-06-15 17:28:06] (Hilo: CRIPTO) Patrullando 2 activos...
[2026-06-15 17:28:06] (Hilo: METALES) Patrullando 2 activos...
[2026-06-15 17:28:06] (Hilo: ENERGIA) Patrullando 3 activos...
[2026-06-15 17:28:07] (Hilo: INDICES) Patrullando 3 activos...
[2026-06-15 17:28:07] (Hilo: FOREX) Patrullando 3 activos...
[2026-06-15 17:28:21] (Hilo: CRIPTO) Patrullando 2 activos...
[2026-06-15 17:28:21] (Hilo: METALES) Patrullando 2 activos...
[2026-06-15 17:28:21] (Hilo: ENERGIA) Patrullando 3 activos...
[2026-06-15 17:28:22] (Hilo: INDICES) Patrullando 3 activos...
[2026-06-15 17:28:22] (Hilo: FOREX) Patrullando 3 activos...
[2026-06-15 17:28:36] (Hilo: CRIPTO) Patrullando 2 activos...
[2026-06-15 17:28:36] (Hilo: METALES) Patrullando 2 activos...
[2026-06-15 17:28:36] (Hilo: ENERGIA) Patrullando 3 activos...
[2026-06-15 17:28:37] (Hilo: INDICES) Patrullando 3 activos...
[2026-06-15 17:28:37] (Hilo: FOREX) Patrullando 3 activos...
[2026-06-15 17:28:51] (Hilo: CRIPTO) Patrullando 2 activos...
[2026-06-15 17:28:51] (Hilo: METALES) Patrullando 2 activos...
[2026-06-15 17:28:51] (Hilo: ENERGIA) Patrullando 3 activos...
[2026-06-15 17:28:52] (Hilo: INDICES) Patrullando 3 activos...
[2026-06-15 17:28:52] (Hilo: FOREX) Patrullando 3 activos...
[2026-06-15 17:29:06] (Hilo: CRIPTO) Patrullando 2 activos...
[2026-06-15 17:29:06] (Hilo: METALES) Patrullando 2 activos...
[2026-06-15 17:29:06] (Hilo: ENERGIA) Patrullando 3 activos...
[2026-06-15 17:29:07] (Hilo: INDICES) Patrullando 3 activos...
[2026-06-15 17:29:07] (Hilo: FOREX) Patrullando 3 activos...
[2026-06-15 17:29:21] (Hilo: CRIPTO) Patrullando 2 activos...
[2026-06-15 17:29:21] (Hilo: METALES) Patrullando 2 activos...
[2026-06-15 17:29:21] (Hilo: ENERGIA) Patrullando 3 activos...
[2026-06-15 17:29:22] (Hilo: INDICES) Patrullando 3 activos...
[2026-06-15 17:29:22] (Hilo: FOREX) Patrullando 3 activos...
[2026-06-15 17:29:36] (Hilo: CRIPTO) Patrullando 2 activos...
[2026-06-15 17:29:36] (Hilo: METALES) Patrullando 2 activos...
[2026-06-15 17:29:36] (Hilo: ENERGIA) Patrullando 3 activos...
[2026-06-15 17:29:37] (Hilo: INDICES) Patrullando 3 activos...
[2026-06-15 17:29:37] (Hilo: FOREX) Patrullando 3 activos...
[2026-06-15 17:29:51] (Hilo: CRIPTO) Patrullando 2 activos...
[2026-06-15 17:29:51] (Hilo: METALES) Patrullando 2 activos...
[2026-06-15 17:29:51] (Hilo: ENERGIA) Patrullando 3 activos...
[2026-06-15 17:29:52] (Hilo: INDICES) Patrullando 3 activos...
[2026-06-15 17:29:52] (Hilo: FOREX) Patrullando 3 activos...
[2026-06-15 17:30:06] (Hilo: CRIPTO) Patrullando 2 activos...
[2026-06-15 17:30:06] (Hilo: METALES) Patrullando 2 activos...
[2026-06-15 17:30:06] (Hilo: ENERGIA) Patrullando 3 activos...
[2026-06-15 17:30:07] (Hilo: INDICES) Patrullando 3 activos...
[2026-06-15 17:30:07] (Hilo: FOREX) Patrullando 3 activos...
[2026-06-15 17:30:21] (Hilo: CRIPTO) Patrullando 2 activos...
[2026-06-15 17:30:21] (Hilo: METALES) Patrullando 2 activos...
[2026-06-15 17:30:21] (Hilo: ENERGIA) Patrullando 3 activos...
[2026-06-15 17:30:22] (Hilo: INDICES) Patrullando 3 activos...
[2026-06-15 17:30:22] (Hilo: FOREX) Patrullando 3 activos...
[2026-06-15 17:30:36] (Hilo: CRIPTO) Patrullando 2 activos...
[2026-06-15 17:30:36] (Hilo: METALES) Patrullando 2 activos...
[2026-06-15 17:30:36] (Hilo: ENERGIA) Patrullando 3 activos...
[2026-06-15 17:30:37] (Hilo: INDICES) Patrullando 3 activos...
[2026-06-15 17:30:37] (Hilo: FOREX) Patrullando 3 activos...
[2026-06-15 17:30:51] (Hilo: CRIPTO) Patrullando 2 activos...
[2026-06-15 17:30:51] (Hilo: METALES) Patrullando 2 activos...
[2026-06-15 17:30:51] (Hilo: ENERGIA) Patrullando 3 activos...
[2026-06-15 17:30:52] (Hilo: INDICES) Patrullando 3 activos...
[2026-06-15 17:30:52] (Hilo: FOREX) Patrullando 3 activos...
[2026-06-15 17:31:06] (Hilo: CRIPTO) Patrullando 2 activos...
[2026-06-15 17:31:06] (Hilo: METALES) Patrullando 2 activos...
[2026-06-15 17:31:06] (Hilo: ENERGIA) Patrullando 3 activos...
[2026-06-15 17:31:07] (Hilo: INDICES) Patrullando 3 activos...
[2026-06-15 17:31:07] (Hilo: FOREX) Patrullando 3 activos...
[2026-06-15 17:31:21] (Hilo: CRIPTO) Patrullando 2 activos...
[2026-06-15 17:31:21] (Hilo: METALES) Patrullando 2 activos...
[2026-06-15 17:31:21] (Hilo: ENERGIA) Patrullando 3 activos...
[2026-06-15 18:13:53] (Hilo: CRIPTO) Patrullando 2 activos...
[2026-06-15 18:13:53] (Hilo: ENERGIA) Patrullando 3 activos...
[2026-06-15 18:13:53] (Hilo: FOREX) Patrullando 3 activos...
[2026-06-15 18:13:53] (Hilo: INDICES) Patrullando 3 activos...
[2026-06-15 18:13:53] (Hilo: METALES) Patrullando 2 activos...
[2026-06-15 18:14:08] (Hilo: CRIPTO) Patrullando 2 activos...
[2026-06-15 18:14:09] (Hilo: ENERGIA) Patrullando 3 activos...
[2026-06-15 18:14:09] (Hilo: FOREX) Patrullando 3 activos...
[2026-06-15 18:14:09] (Hilo: INDICES) Patrullando 3 activos...
[2026-06-15 18:14:09] (Hilo: METALES) Patrullando 2 activos...
[2026-06-15 18:14:23] (Hilo: CRIPTO) Patrullando 2 activos...
[2026-06-15 18:14:24] (Hilo: ENERGIA) Patrullando 3 activos...
[2026-06-15 18:14:24] (Hilo: FOREX) Patrullando 3 activos...
[2026-06-15 18:14:24] (Hilo: INDICES) Patrullando 3 activos...
[2026-06-15 18:14:24] (Hilo: METALES) Patrullando 2 activos...
[2026-06-15 18:14:38] (Hilo: CRIPTO) Patrullando 2 activos...
[2026-06-15 18:14:39] (Hilo: ENERGIA) Patrullando 3 activos...
[2026-06-15 18:14:39] (Hilo: FOREX) Patrullando 3 activos...
[2026-06-15 18:14:39] (Hilo: INDICES) Patrullando 3 activos...
[2026-06-15 18:14:39] (Hilo: METALES) Patrullando 2 activos...
[2026-06-15 18:14:53] (Hilo: CRIPTO) Patrullando 2 activos...
[2026-06-15 18:14:54] (Hilo: ENERGIA) Patrullando 3 activos...
[2026-06-15 18:14:54] (Hilo: FOREX) Patrullando 3 activos...
[2026-06-15 18:14:54] (Hilo: INDICES) Patrullando 3 activos...
[2026-06-15 18:14:54] (Hilo: METALES) Patrullando 2 activos...
[2026-06-15 18:15:08] (Hilo: CRIPTO) Patrullando 2 activos...
[2026-06-15 18:15:09] (Hilo: ENERGIA) Patrullando 3 activos...
[2026-06-15 18:15:09] (Hilo: FOREX) Patrullando 3 activos...
[2026-06-15 18:15:09] (Hilo: INDICES) Patrullando 3 activos...
[2026-06-15 18:15:09] (Hilo: METALES) Patrullando 2 activos...
[2026-06-15 18:15:23] (Hilo: CRIPTO) Patrullando 2 activos...
[2026-06-15 18:15:24] (Hilo: ENERGIA) Patrullando 3 activos...
[2026-06-15 18:15:24] (Hilo: FOREX) Patrullando 3 activos...
[2026-06-15 18:15:24] (Hilo: INDICES) Patrullando 3 activos...
[2026-06-15 18:15:24] (Hilo: METALES) Patrullando 2 activos...
[2026-06-15 18:15:38] (Hilo: CRIPTO) Patrullando 2 activos...
[2026-06-15 18:15:39] (Hilo: ENERGIA) Patrullando 3 activos...
[2026-06-15 18:15:39] (Hilo: FOREX) Patrullando 3 activos...
[2026-06-15 18:15:39] (Hilo: METALES) Patrullando 2 activos...
[2026-06-15 18:15:39] (Hilo: INDICES) Patrullando 3 activos...
[2026-06-15 18:15:53] (Hilo: CRIPTO) Patrullando 2 activos...
[2026-06-15 18:15:54] (Hilo: ENERGIA) Patrullando 3 activos...
[2026-06-15 18:15:54] (Hilo: FOREX) Patrullando 3 activos...
[2026-06-15 18:15:54] (Hilo: METALES) Patrullando 2 activos...
[2026-06-15 18:15:54] (Hilo: INDICES) Patrullando 3 activos...
[2026-06-15 18:16:08] (Hilo: CRIPTO) Patrullando 2 activos...
[2026-06-15 18:16:09] (Hilo: ENERGIA) Patrullando 3 activos...
[2026-06-15 18:16:09] (Hilo: FOREX) Patrullando 3 activos...
[2026-06-15 18:16:09] (Hilo: METALES) Patrullando 2 activos...
[2026-06-15 18:16:09] (Hilo: INDICES) Patrullando 3 activos...
[2026-06-15 18:16:23] (Hilo: CRIPTO) Patrullando 2 activos...
[2026-06-15 18:16:24] (Hilo: ENERGIA) Patrullando 3 activos...
[2026-06-15 18:16:24] (Hilo: FOREX) Patrullando 3 activos...
[2026-06-15 18:16:24] (Hilo: METALES) Patrullando 2 activos...
[2026-06-15 18:16:24] (Hilo: INDICES) Patrullando 3 activos...
[2026-06-15 20:07:56] (Hilo: ENERGIA) Patrullando 3 activos...
[2026-06-15 20:07:56] (Hilo: INDICES) Patrullando 3 activos...
[2026-06-15 20:07:56] (Hilo: CRIPTO) Patrullando 2 activos...
[2026-06-15 20:07:56] (Hilo: METALES) Patrullando 2 activos...
[2026-06-15 20:07:56] (Hilo: FOREX) Patrullando 3 activos...
[2026-06-15 20:08:11] (Hilo: INDICES) Patrullando 3 activos...
[2026-06-15 20:08:11] (Hilo: CRIPTO) Patrullando 2 activos...
[2026-06-15 20:08:11] (Hilo: METALES) Patrullando 2 activos...
[2026-06-15 20:08:11] (Hilo: ENERGIA) Patrullando 3 activos...
[2026-06-15 20:08:11] (Hilo: FOREX) Patrullando 3 activos...
[2026-06-15 20:08:26] (Hilo: INDICES) Patrullando 3 activos...
[2026-06-15 20:08:26] (Hilo: CRIPTO) Patrullando 2 activos...
[2026-06-15 20:08:26] (Hilo: METALES) Patrullando 2 activos...
[2026-06-15 20:08:26] (Hilo: ENERGIA) Patrullando 3 activos...
[2026-06-15 20:08:26] (Hilo: FOREX) Patrullando 3 activos...
[2026-06-15 20:08:41] (Hilo: INDICES) Patrullando 3 activos...
[2026-06-15 20:08:41] (Hilo: CRIPTO) Patrullando 2 activos...
[2026-06-15 20:08:41] (Hilo: METALES) Patrullando 2 activos...
[2026-06-15 20:08:41] (Hilo: ENERGIA) Patrullando 3 activos...
[2026-06-15 20:08:41] (Hilo: FOREX) Patrullando 3 activos...
[2026-06-15 20:08:56] (Hilo: INDICES) Patrullando 3 activos...
[2026-06-15 20:08:56] (Hilo: CRIPTO) Patrullando 2 activos...
[2026-06-15 20:08:56] (Hilo: METALES) Patrullando 2 activos...
[2026-06-15 20:08:56] (Hilo: ENERGIA) Patrullando 3 activos...
[2026-06-15 20:08:56] (Hilo: FOREX) Patrullando 3 activos...
[2026-06-15 20:09:11] (Hilo: INDICES) Patrullando 3 activos...
[2026-06-15 20:09:11] (Hilo: CRIPTO) Patrullando 2 activos...
[2026-06-15 20:09:11] (Hilo: METALES) Patrullando 2 activos...
[2026-06-15 20:09:11] (Hilo: ENERGIA) Patrullando 3 activos...
[2026-06-15 20:09:11] (Hilo: FOREX) Patrullando 3 activos...
[2026-06-15 20:09:26] (Hilo: INDICES) Patrullando 3 activos...
[2026-06-15 20:09:26] (Hilo: CRIPTO) Patrullando 2 activos...
[2026-06-15 20:09:26] (Hilo: METALES) Patrullando 2 activos...
[2026-06-15 20:09:26] (Hilo: ENERGIA) Patrullando 3 activos...
[2026-06-15 20:09:27] (Hilo: FOREX) Patrullando 3 activos...
[2026-06-15 20:09:41] (Hilo: INDICES) Patrullando 3 activos...
[2026-06-15 20:09:41] (Hilo: CRIPTO) Patrullando 2 activos...
[2026-06-15 20:09:41] (Hilo: METALES) Patrullando 2 activos...
[2026-06-15 20:09:41] (Hilo: ENERGIA) Patrullando 3 activos...
[2026-06-15 20:09:42] (Hilo: FOREX) Patrullando 3 activos...
[2026-06-15 20:09:56] (Hilo: INDICES) Patrullando 3 activos...
[2026-06-15 20:09:56] (Hilo: CRIPTO) Patrullando 2 activos...
[2026-06-15 20:09:56] (Hilo: METALES) Patrullando 2 activos...
[2026-06-15 20:09:56] (Hilo: ENERGIA) Patrullando 3 activos...
[2026-06-15 20:09:57] (Hilo: FOREX) Patrullando 3 activos...
[2026-06-15 20:10:11] (Hilo: INDICES) Patrullando 3 activos...
[2026-06-15 20:10:11] (Hilo: CRIPTO) Patrullando 2 activos...
[2026-06-15 20:10:11] (Hilo: METALES) Patrullando 2 activos...
[2026-06-15 20:10:12] (Hilo: ENERGIA) Patrullando 3 activos...
[2026-06-15 20:10:12] (Hilo: FOREX) Patrullando 3 activos...
[2026-06-15 20:10:26] (Hilo: INDICES) Patrullando 3 activos...
[2026-06-15 20:10:26] (Hilo: CRIPTO) Patrullando 2 activos...
[2026-06-15 20:10:26] (Hilo: METALES) Patrullando 2 activos...
[2026-06-15 20:10:27] (Hilo: ENERGIA) Patrullando 3 activos...
[2026-06-15 20:10:27] (Hilo: FOREX) Patrullando 3 activos...
[2026-06-15 20:10:41] (Hilo: INDICES) Patrullando 3 activos...
[2026-06-15 20:10:41] (Hilo: CRIPTO) Patrullando 2 activos...
[2026-06-15 20:10:41] (Hilo: METALES) Patrullando 2 activos...
[2026-06-15 20:10:42] (Hilo: ENERGIA) Patrullando 3 activos...
[2026-06-15 20:10:42] (Hilo: FOREX) Patrullando 3 activos...
[2026-06-15 20:10:56] (Hilo: INDICES) Patrullando 3 activos...
[2026-06-15 20:10:56] (Hilo: CRIPTO) Patrullando 2 activos...
[2026-06-15 20:10:56] (Hilo: METALES) Patrullando 2 activos...
[2026-06-15 20:10:57] (Hilo: ENERGIA) Patrullando 3 activos...
[2026-06-15 20:10:57] (Hilo: FOREX) Patrullando 3 activos...
[2026-06-15 20:11:11] (Hilo: INDICES) Patrullando 3 activos...
[2026-06-15 20:11:11] (Hilo: CRIPTO) Patrullando 2 activos...
[2026-06-15 20:11:11] (Hilo: METALES) Patrullando 2 activos...
[2026-06-15 20:11:12] (Hilo: ENERGIA) Patrullando 3 activos...
[2026-06-15 20:11:12] (Hilo: FOREX) Patrullando 3 activos...
[2026-06-15 20:11:26] (Hilo: INDICES) Patrullando 3 activos...
[2026-06-15 20:11:26] (Hilo: CRIPTO) Patrullando 2 activos...
[2026-06-15 20:11:26] (Hilo: METALES) Patrullando 2 activos...
[2026-06-15 20:11:27] (Hilo: ENERGIA) Patrullando 3 activos...
[2026-06-15 20:11:27] (Hilo: FOREX) Patrullando 3 activos...
[2026-06-15 20:11:41] (Hilo: INDICES) Patrullando 3 activos...
[2026-06-15 20:11:41] (Hilo: CRIPTO) Patrullando 2 activos...
[2026-06-15 20:11:41] (Hilo: METALES) Patrullando 2 activos...
[2026-06-15 20:11:42] (Hilo: ENERGIA) Patrullando 3 activos...
[2026-06-15 20:11:42] (Hilo: FOREX) Patrullando 3 activos...
[2026-06-15 20:11:56] (Hilo: INDICES) Patrullando 3 activos...
[2026-06-15 20:11:56] (Hilo: CRIPTO) Patrullando 2 activos...
[2026-06-15 20:11:57] (Hilo: METALES) Patrullando 2 activos...
[2026-06-15 20:11:57] (Hilo: ENERGIA) Patrullando 3 activos...
[2026-06-15 20:11:57] (Hilo: FOREX) Patrullando 3 activos...
[2026-06-15 20:12:11] (Hilo: INDICES) Patrullando 3 activos...
[2026-06-15 20:12:11] (Hilo: CRIPTO) Patrullando 2 activos...
[2026-06-15 20:12:12] (Hilo: METALES) Patrullando 2 activos...
[2026-06-15 20:12:12] (Hilo: ENERGIA) Patrullando 3 activos...
[2026-06-15 20:12:12] (Hilo: FOREX) Patrullando 3 activos...
[2026-06-15 20:12:26] (Hilo: INDICES) Patrullando 3 activos...
[2026-06-15 20:12:26] (Hilo: CRIPTO) Patrullando 2 activos...
[2026-06-15 20:12:27] (Hilo: METALES) Patrullando 2 activos...
[2026-06-15 20:12:27] (Hilo: ENERGIA) Patrullando 3 activos...
[2026-06-15 20:12:27] (Hilo: FOREX) Patrullando 3 activos...
[2026-06-15 20:12:41] (Hilo: INDICES) Patrullando 3 activos...
[2026-06-15 20:12:41] (Hilo: CRIPTO) Patrullando 2 activos...
[2026-06-15 20:12:42] (Hilo: METALES) Patrullando 2 activos...
[2026-06-15 20:12:42] (Hilo: ENERGIA) Patrullando 3 activos...
[2026-06-15 20:12:42] (Hilo: FOREX) Patrullando 3 activos...
[2026-06-15 20:12:56] (Hilo: INDICES) Patrullando 3 activos...
[2026-06-15 20:12:57] (Hilo: CRIPTO) Patrullando 2 activos...
[2026-06-15 20:12:57] (Hilo: METALES) Patrullando 2 activos...
[2026-06-15 20:12:57] (Hilo: ENERGIA) Patrullando 3 activos...
[2026-06-15 20:12:57] (Hilo: FOREX) Patrullando 3 activos...
[2026-06-15 20:13:11] (Hilo: INDICES) Patrullando 3 activos...
[2026-06-15 20:13:12] (Hilo: CRIPTO) Patrullando 2 activos...
[2026-06-15 20:13:12] (Hilo: METALES) Patrullando 2 activos...
[2026-06-15 20:13:12] (Hilo: ENERGIA) Patrullando 3 activos...
[2026-06-15 20:13:12] (Hilo: FOREX) Patrullando 3 activos...
[2026-06-15 20:13:26] (Hilo: INDICES) Patrullando 3 activos...
[2026-06-15 20:13:27] (Hilo: CRIPTO) Patrullando 2 activos...
[2026-06-15 20:13:27] (Hilo: METALES) Patrullando 2 activos...
[2026-06-15 20:13:27] (Hilo: ENERGIA) Patrullando 3 activos...
[2026-06-15 20:13:27] (Hilo: FOREX) Patrullando 3 activos...
[2026-06-15 20:13:41] (Hilo: INDICES) Patrullando 3 activos...
[2026-06-15 20:13:42] (Hilo: CRIPTO) Patrullando 2 activos...
[2026-06-15 20:13:42] (Hilo: METALES) Patrullando 2 activos...
[2026-06-15 20:13:42] (Hilo: ENERGIA) Patrullando 3 activos...
[2026-06-15 20:13:42] (Hilo: FOREX) Patrullando 3 activos...
[2026-06-15 20:13:56] (Hilo: INDICES) Patrullando 3 activos...
[2026-06-15 20:13:57] (Hilo: CRIPTO) Patrullando 2 activos...
[2026-06-15 20:13:57] (Hilo: METALES) Patrullando 2 activos...
[2026-06-15 20:13:57] (Hilo: ENERGIA) Patrullando 3 activos...
[2026-06-15 20:13:57] (Hilo: FOREX) Patrullando 3 activos...
[2026-06-15 20:14:11] (Hilo: INDICES) Patrullando 3 activos...
[2026-06-15 20:14:12] (Hilo: CRIPTO) Patrullando 2 activos...
[2026-06-15 20:14:12] (Hilo: METALES) Patrullando 2 activos...
[2026-06-15 20:14:12] (Hilo: ENERGIA) Patrullando 3 activos...
[2026-06-15 20:14:12] (Hilo: FOREX) Patrullando 3 activos...
[2026-06-15 20:14:27] (Hilo: INDICES) Patrullando 3 activos...
[2026-06-15 20:14:27] (Hilo: CRIPTO) Patrullando 2 activos...
[2026-06-15 20:14:27] (Hilo: METALES) Patrullando 2 activos...
[2026-06-15 20:14:27] (Hilo: ENERGIA) Patrullando 3 activos...
[2026-06-15 20:14:27] (Hilo: FOREX) Patrullando 3 activos...
[2026-06-15 20:14:42] (Hilo: INDICES) Patrullando 3 activos...
[2026-06-15 20:14:42] (Hilo: CRIPTO) Patrullando 2 activos...
[2026-06-15 20:14:42] (Hilo: METALES) Patrullando 2 activos...
[2026-06-15 20:14:42] (Hilo: ENERGIA) Patrullando 3 activos...
[2026-06-15 20:14:42] (Hilo: FOREX) Patrullando 3 activos...
[2026-06-15 20:14:57] (Hilo: INDICES) Patrullando 3 activos...
[2026-06-15 20:14:57] (Hilo: CRIPTO) Patrullando 2 activos...
[2026-06-15 20:14:57] (Hilo: METALES) Patrullando 2 activos...
[2026-06-15 20:14:57] (Hilo: ENERGIA) Patrullando 3 activos...
[2026-06-15 20:14:57] (Hilo: FOREX) Patrullando 3 activos...
[2026-06-15 20:15:12] (Hilo: INDICES) Patrullando 3 activos...
[2026-06-15 20:15:12] (Hilo: CRIPTO) Patrullando 2 activos...
[2026-06-15 20:15:12] (Hilo: METALES) Patrullando 2 activos...
[2026-06-15 20:15:12] (Hilo: ENERGIA) Patrullando 3 activos...
[2026-06-15 20:15:12] (Hilo: FOREX) Patrullando 3 activos...
[2026-06-15 20:15:27] (Hilo: INDICES) Patrullando 3 activos...
[2026-06-15 20:15:27] (Hilo: CRIPTO) Patrullando 2 activos...
[2026-06-15 20:15:27] (Hilo: METALES) Patrullando 2 activos...
[2026-06-15 20:15:27] (Hilo: ENERGIA) Patrullando 3 activos...
[2026-06-15 20:15:27] (Hilo: FOREX) Patrullando 3 activos...
[2026-06-15 20:15:42] (Hilo: INDICES) Patrullando 3 activos...
[2026-06-15 20:15:42] (Hilo: CRIPTO) Patrullando 2 activos...
[2026-06-15 20:15:42] (Hilo: METALES) Patrullando 2 activos...
[2026-06-15 20:15:42] (Hilo: ENERGIA) Patrullando 3 activos...
[2026-06-15 20:15:42] (Hilo: FOREX) Patrullando 3 activos...
[2026-06-15 20:15:57] (Hilo: INDICES) Patrullando 3 activos...
[2026-06-15 20:15:57] (Hilo: CRIPTO) Patrullando 2 activos...
[2026-06-15 20:15:57] (Hilo: METALES) Patrullando 2 activos...
[2026-06-15 20:15:57] (Hilo: ENERGIA) Patrullando 3 activos...
[2026-06-15 20:15:57] (Hilo: FOREX) Patrullando 3 activos...
[2026-06-15 20:16:12] (Hilo: INDICES) Patrullando 3 activos...
[2026-06-15 20:16:12] (Hilo: CRIPTO) Patrullando 2 activos...
[2026-06-15 20:16:12] (Hilo: METALES) Patrullando 2 activos...
[2026-06-15 20:16:12] (Hilo: ENERGIA) Patrullando 3 activos...
[2026-06-15 20:16:12] (Hilo: FOREX) Patrullando 3 activos...
[2026-06-15 20:16:27] (Hilo: INDICES) Patrullando 3 activos...
[2026-06-15 20:16:27] (Hilo: CRIPTO) Patrullando 2 activos...
[2026-06-15 20:16:27] (Hilo: METALES) Patrullando 2 activos...
[2026-06-15 20:16:27] (Hilo: ENERGIA) Patrullando 3 activos...
[2026-06-15 20:16:27] (Hilo: FOREX) Patrullando 3 activos...
[2026-06-15 20:16:42] (Hilo: INDICES) Patrullando 3 activos...
[2026-06-15 20:16:42] (Hilo: CRIPTO) Patrullando 2 activos...
[2026-06-15 20:16:42] (Hilo: METALES) Patrullando 2 activos...
[2026-06-15 20:16:42] (Hilo: ENERGIA) Patrullando 3 activos...
[2026-06-15 20:16:42] (Hilo: FOREX) Patrullando 3 activos...
[2026-06-15 20:16:57] (Hilo: INDICES) Patrullando 3 activos...
[2026-06-15 20:16:57] (Hilo: CRIPTO) Patrullando 2 activos...
[2026-06-15 20:16:57] (Hilo: METALES) Patrullando 2 activos...
[2026-06-15 20:16:57] (Hilo: ENERGIA) Patrullando 3 activos...
[2026-06-15 20:16:57] (Hilo: FOREX) Patrullando 3 activos...
[2026-06-15 20:17:12] (Hilo: INDICES) Patrullando 3 activos...
[2026-06-15 20:17:12] (Hilo: CRIPTO) Patrullando 2 activos...
[2026-06-15 20:17:12] (Hilo: METALES) Patrullando 2 activos...
[2026-06-15 20:17:12] (Hilo: ENERGIA) Patrullando 3 activos...
[2026-06-15 20:17:12] (Hilo: FOREX) Patrullando 3 activos...
[2026-06-15 20:17:27] (Hilo: INDICES) Patrullando 3 activos...
[2026-06-15 20:17:27] (Hilo: CRIPTO) Patrullando 2 activos...
[2026-06-15 20:17:27] (Hilo: METALES) Patrullando 2 activos...
[2026-06-15 20:17:27] (Hilo: ENERGIA) Patrullando 3 activos...
[2026-06-15 20:17:27] (Hilo: FOREX) Patrullando 3 activos...
[2026-06-15 20:17:42] (Hilo: INDICES) Patrullando 3 activos...
[2026-06-15 20:17:42] (Hilo: CRIPTO) Patrullando 2 activos...
[2026-06-15 20:17:42] (Hilo: METALES) Patrullando 2 activos...
[2026-06-15 20:17:42] (Hilo: ENERGIA) Patrullando 3 activos...
[2026-06-15 20:17:42] (Hilo: FOREX) Patrullando 3 activos...
[2026-06-15 20:17:57] (Hilo: INDICES) Patrullando 3 activos...
[2026-06-15 20:17:57] (Hilo: CRIPTO) Patrullando 2 activos...
[2026-06-15 20:17:57] (Hilo: METALES) Patrullando 2 activos...
[2026-06-15 20:17:57] (Hilo: ENERGIA) Patrullando 3 activos...
[2026-06-15 20:17:57] (Hilo: FOREX) Patrullando 3 activos...
[2026-06-15 20:18:12] (Hilo: INDICES) Patrullando 3 activos...
[2026-06-15 20:18:12] (Hilo: CRIPTO) Patrullando 2 activos...
[2026-06-15 20:18:12] (Hilo: METALES) Patrullando 2 activos...
[2026-06-15 20:18:12] (Hilo: FOREX) Patrullando 3 activos...
[2026-06-15 20:18:12] (Hilo: ENERGIA) Patrullando 3 activos...
[2026-06-15 20:18:27] (Hilo: INDICES) Patrullando 3 activos...
[2026-06-15 20:18:27] (Hilo: CRIPTO) Patrullando 2 activos...
[2026-06-15 20:18:27] (Hilo: METALES) Patrullando 2 activos...
[2026-06-15 20:18:27] (Hilo: FOREX) Patrullando 3 activos...
[2026-06-15 20:18:27] (Hilo: ENERGIA) Patrullando 3 activos...
[2026-06-15 20:18:42] (Hilo: INDICES) Patrullando 3 activos...
[2026-06-15 20:18:42] (Hilo: CRIPTO) Patrullando 2 activos...
[2026-06-15 20:18:42] (Hilo: METALES) Patrullando 2 activos...
[2026-06-15 20:18:42] (Hilo: FOREX) Patrullando 3 activos...
[2026-06-15 20:18:42] (Hilo: ENERGIA) Patrullando 3 activos...
[2026-06-15 20:18:57] (Hilo: INDICES) Patrullando 3 activos...
[2026-06-15 20:18:57] (Hilo: CRIPTO) Patrullando 2 activos...
[2026-06-15 20:18:57] (Hilo: METALES) Patrullando 2 activos...
[2026-06-15 20:18:57] (Hilo: FOREX) Patrullando 3 activos...
[2026-06-15 20:18:57] (Hilo: ENERGIA) Patrullando 3 activos...
[2026-06-15 20:19:12] (Hilo: INDICES) Patrullando 3 activos...
[2026-06-15 20:19:12] (Hilo: CRIPTO) Patrullando 2 activos...
[2026-06-15 20:19:12] (Hilo: METALES) Patrullando 2 activos...
[2026-06-15 20:19:12] (Hilo: FOREX) Patrullando 3 activos...
[2026-06-15 20:19:12] (Hilo: ENERGIA) Patrullando 3 activos...
[2026-06-15 20:19:27] (Hilo: INDICES) Patrullando 3 activos...
[2026-06-15 20:19:27] (Hilo: CRIPTO) Patrullando 2 activos...
[2026-06-15 20:19:27] (Hilo: METALES) Patrullando 2 activos...
[2026-06-15 20:19:27] (Hilo: FOREX) Patrullando 3 activos...
[2026-06-15 20:19:27] (Hilo: ENERGIA) Patrullando 3 activos...
[2026-06-15 20:19:42] (Hilo: INDICES) Patrullando 3 activos...
[2026-06-15 20:19:42] (Hilo: CRIPTO) Patrullando 2 activos...
[2026-06-15 20:19:42] (Hilo: METALES) Patrullando 2 activos...
[2026-06-15 20:19:42] (Hilo: FOREX) Patrullando 3 activos...
[2026-06-15 20:19:42] (Hilo: ENERGIA) Patrullando 3 activos...
[2026-06-15 20:19:57] (Hilo: INDICES) Patrullando 3 activos...
[2026-06-15 20:19:57] (Hilo: CRIPTO) Patrullando 2 activos...
[2026-06-15 20:19:57] (Hilo: METALES) Patrullando 2 activos...
[2026-06-15 20:19:57] (Hilo: FOREX) Patrullando 3 activos...
[2026-06-15 20:19:57] (Hilo: ENERGIA) Patrullando 3 activos...
[2026-06-15 20:24:23] (Hilo: MainThread) Inicializando motores del Quant Sniper Multi-Thread Bot...
[2026-06-15 20:24:23] (Hilo: MainThread) Conexión establecida con éxito. Desplegando hilos de trabajo...
[2026-06-15 20:24:23] (Hilo: FOREX) Fila de patrullaje activada con Firma: 1000
[2026-06-15 20:24:23] (Hilo: METALES) Fila de patrullaje activada con Firma: 3000
[2026-06-15 20:24:23] (Hilo: FOREX) Patrullando 3 activos...
[2026-06-15 20:24:23] (Hilo: CRIPTO) Fila de patrullaje activada con Firma: 2000
[2026-06-15 20:24:23] (Hilo: METALES) Patrullando 2 activos...
[2026-06-15 20:24:23] (Hilo: INDICES) Fila de patrullaje activada con Firma: 4000
[2026-06-15 20:24:23] (Hilo: CRIPTO) Patrullando 2 activos...
[2026-06-15 20:24:23] (Hilo: ENERGIA) Fila de patrullaje activada con Firma: 5000
[2026-06-15 20:24:23] (Hilo: INDICES) Patrullando 3 activos...
[2026-06-15 20:24:23] (Hilo: ENERGIA) Patrullando 3 activos...
[2026-06-15 20:24:38] (Hilo: FOREX) Patrullando 3 activos...
[2026-06-15 20:24:38] (Hilo: METALES) Patrullando 2 activos...
[2026-06-15 20:24:38] (Hilo: CRIPTO) Patrullando 2 activos...
[2026-06-15 20:24:38] (Hilo: ENERGIA) Patrullando 3 activos...
[2026-06-15 20:24:38] (Hilo: INDICES) Patrullando 3 activos...
[2026-06-15 20:24:53] (Hilo: FOREX) Patrullando 3 activos...
[2026-06-15 20:24:53] (Hilo: METALES) Patrullando 2 activos...
[2026-06-15 20:24:53] (Hilo: CRIPTO) Patrullando 2 activos...
[2026-06-15 20:24:53] (Hilo: ENERGIA) Patrullando 3 activos...
[2026-06-15 20:24:53] (Hilo: INDICES) Patrullando 3 activos...
[2026-06-15 20:25:08] (Hilo: FOREX) Patrullando 3 activos...
[2026-06-15 20:25:08] (Hilo: METALES) Patrullando 2 activos...
[2026-06-15 20:25:08] (Hilo: CRIPTO) Patrullando 2 activos...
[2026-06-15 20:25:08] (Hilo: ENERGIA) Patrullando 3 activos...
[2026-06-15 20:25:08] (Hilo: INDICES) Patrullando 3 activos...
[2026-06-15 20:25:23] (Hilo: FOREX) Patrullando 3 activos...
[2026-06-15 20:25:23] (Hilo: METALES) Patrullando 2 activos...
[2026-06-15 20:25:23] (Hilo: CRIPTO) Patrullando 2 activos...
[2026-06-15 20:25:23] (Hilo: ENERGIA) Patrullando 3 activos...
[2026-06-15 20:25:23] (Hilo: INDICES) Patrullando 3 activos...
[2026-06-15 20:25:38] (Hilo: FOREX) Patrullando 3 activos...
[2026-06-15 20:25:38] (Hilo: METALES) Patrullando 2 activos...
[2026-06-15 20:25:38] (Hilo: CRIPTO) Patrullando 2 activos...
[2026-06-15 20:25:38] (Hilo: ENERGIA) Patrullando 3 activos...
[2026-06-15 20:25:38] (Hilo: INDICES) Patrullando 3 activos...
[2026-06-15 20:25:53] (Hilo: FOREX) Patrullando 3 activos...
[2026-06-15 20:25:53] (Hilo: METALES) Patrullando 2 activos...
[2026-06-15 20:25:53] (Hilo: CRIPTO) Patrullando 2 activos...
[2026-06-15 20:25:53] (Hilo: ENERGIA) Patrullando 3 activos...
[2026-06-15 20:25:53] (Hilo: INDICES) Patrullando 3 activos...
[2026-06-15 20:26:08] (Hilo: FOREX) Patrullando 3 activos...
[2026-06-15 20:26:08] (Hilo: METALES) Patrullando 2 activos...
[2026-06-15 20:26:08] (Hilo: CRIPTO) Patrullando 2 activos...
[2026-06-15 20:26:08] (Hilo: ENERGIA) Patrullando 3 activos...
[2026-06-15 20:26:08] (Hilo: INDICES) Patrullando 3 activos...
[2026-06-15 20:26:23] (Hilo: FOREX) Patrullando 3 activos...
[2026-06-15 20:26:23] (Hilo: METALES) Patrullando 2 activos...
[2026-06-15 20:26:23] (Hilo: CRIPTO) Patrullando 2 activos...
[2026-06-15 20:26:23] (Hilo: ENERGIA) Patrullando 3 activos...
[2026-06-15 20:26:23] (Hilo: INDICES) Patrullando 3 activos...
[2026-06-15 20:26:38] (Hilo: FOREX) Patrullando 3 activos...
[2026-06-15 20:26:38] (Hilo: METALES) Patrullando 2 activos...
[2026-06-15 20:26:38] (Hilo: CRIPTO) Patrullando 2 activos...
[2026-06-15 20:26:38] (Hilo: ENERGIA) Patrullando 3 activos...
[2026-06-15 20:26:38] (Hilo: INDICES) Patrullando 3 activos...
[2026-06-15 20:26:53] (Hilo: FOREX) Patrullando 3 activos...
[2026-06-15 20:26:53] (Hilo: METALES) Patrullando 2 activos...
[2026-06-15 20:26:53] (Hilo: CRIPTO) Patrullando 2 activos...
[2026-06-15 20:26:53] (Hilo: ENERGIA) Patrullando 3 activos...
[2026-06-15 20:26:53] (Hilo: INDICES) Patrullando 3 activos...
[2026-06-15 20:27:08] (Hilo: FOREX) Patrullando 3 activos...
[2026-06-15 20:27:08] (Hilo: METALES) Patrullando 2 activos...
[2026-06-15 20:27:08] (Hilo: CRIPTO) Patrullando 2 activos...
[2026-06-15 20:27:08] (Hilo: ENERGIA) Patrullando 3 activos...
[2026-06-15 20:27:08] (Hilo: INDICES) Patrullando 3 activos...
[2026-06-15 20:27:23] (Hilo: FOREX) Patrullando 3 activos...
[2026-06-15 20:27:23] (Hilo: METALES) Patrullando 2 activos...
[2026-06-15 20:27:23] (Hilo: CRIPTO) Patrullando 2 activos...
[2026-06-15 20:27:23] (Hilo: ENERGIA) Patrullando 3 activos...
[2026-06-15 20:27:23] (Hilo: INDICES) Patrullando 3 activos...
[2026-06-15 20:27:38] (Hilo: FOREX) Patrullando 3 activos...
[2026-06-15 20:27:38] (Hilo: METALES) Patrullando 2 activos...
[2026-06-15 20:27:38] (Hilo: CRIPTO) Patrullando 2 activos...
[2026-06-15 20:27:38] (Hilo: ENERGIA) Patrullando 3 activos...
[2026-06-15 20:27:38] (Hilo: INDICES) Patrullando 3 activos...
[2026-06-15 20:27:53] (Hilo: FOREX) Patrullando 3 activos...
[2026-06-15 20:27:53] (Hilo: METALES) Patrullando 2 activos...
[2026-06-15 20:27:53] (Hilo: CRIPTO) Patrullando 2 activos...
[2026-06-15 20:27:53] (Hilo: ENERGIA) Patrullando 3 activos...
[2026-06-15 20:27:53] (Hilo: INDICES) Patrullando 3 activos...
[2026-06-15 20:28:08] (Hilo: FOREX) Patrullando 3 activos...
[2026-06-15 20:28:08] (Hilo: METALES) Patrullando 2 activos...
[2026-06-15 20:28:08] (Hilo: CRIPTO) Patrullando 2 activos...
[2026-06-15 20:28:08] (Hilo: ENERGIA) Patrullando 3 activos...
[2026-06-15 20:28:08] (Hilo: INDICES) Patrullando 3 activos...
[2026-06-15 20:28:23] (Hilo: FOREX) Patrullando 3 activos...
[2026-06-15 20:28:23] (Hilo: METALES) Patrullando 2 activos...
[2026-06-15 20:28:23] (Hilo: CRIPTO) Patrullando 2 activos...
[2026-06-15 20:28:23] (Hilo: ENERGIA) Patrullando 3 activos...
[2026-06-15 20:28:23] (Hilo: INDICES) Patrullando 3 activos...
[2026-06-15 20:28:38] (Hilo: FOREX) Patrullando 3 activos...
[2026-06-15 20:28:38] (Hilo: METALES) Patrullando 2 activos...
[2026-06-15 20:28:38] (Hilo: CRIPTO) Patrullando 2 activos...
[2026-06-15 20:28:38] (Hilo: ENERGIA) Patrullando 3 activos...
[2026-06-15 20:28:38] (Hilo: INDICES) Patrullando 3 activos...
[2026-06-15 20:28:53] (Hilo: FOREX) Patrullando 3 activos...
[2026-06-15 20:28:53] (Hilo: METALES) Patrullando 2 activos...
[2026-06-15 20:28:53] (Hilo: CRIPTO) Patrullando 2 activos...
[2026-06-15 20:28:53] (Hilo: ENERGIA) Patrullando 3 activos...
[2026-06-15 20:28:53] (Hilo: INDICES) Patrullando 3 activos...
[2026-06-15 20:29:08] (Hilo: FOREX) Patrullando 3 activos...
[2026-06-15 20:29:08] (Hilo: METALES) Patrullando 2 activos...
[2026-06-15 20:29:08] (Hilo: CRIPTO) Patrullando 2 activos...
[2026-06-15 20:29:08] (Hilo: ENERGIA) Patrullando 3 activos...
[2026-06-15 20:29:08] (Hilo: INDICES) Patrullando 3 activos...
[2026-06-15 20:29:23] (Hilo: FOREX) Patrullando 3 activos...
[2026-06-15 20:29:23] (Hilo: METALES) Patrullando 2 activos...
[2026-06-15 20:29:23] (Hilo: CRIPTO) Patrullando 2 activos...
[2026-06-15 20:29:23] (Hilo: ENERGIA) Patrullando 3 activos...
[2026-06-15 20:29:23] (Hilo: INDICES) Patrullando 3 activos...
[2026-06-15 20:29:38] (Hilo: FOREX) Patrullando 3 activos...
[2026-06-15 20:29:38] (Hilo: METALES) Patrullando 2 activos...
[2026-06-15 20:29:38] (Hilo: CRIPTO) Patrullando 2 activos...
[2026-06-15 20:29:38] (Hilo: ENERGIA) Patrullando 3 activos...
[2026-06-15 20:29:38] (Hilo: INDICES) Patrullando 3 activos...
[2026-06-15 20:29:53] (Hilo: FOREX) Patrullando 3 activos...
[2026-06-15 20:29:53] (Hilo: METALES) Patrullando 2 activos...
[2026-06-15 20:29:53] (Hilo: CRIPTO) Patrullando 2 activos...
[2026-06-15 20:29:53] (Hilo: ENERGIA) Patrullando 3 activos...
[2026-06-15 20:29:53] (Hilo: INDICES) Patrullando 3 activos...
[2026-06-15 20:30:08] (Hilo: FOREX) Patrullando 3 activos...
[2026-06-15 20:30:08] (Hilo: METALES) Patrullando 2 activos...
[2026-06-15 20:30:08] (Hilo: CRIPTO) Patrullando 2 activos...
[2026-06-15 20:30:08] (Hilo: ENERGIA) Patrullando 3 activos...
[2026-06-15 20:30:08] (Hilo: INDICES) Patrullando 3 activos...
[2026-06-15 20:30:23] (Hilo: FOREX) Patrullando 3 activos...
[2026-06-15 20:30:23] (Hilo: METALES) Patrullando 2 activos...
[2026-06-15 20:30:23] (Hilo: CRIPTO) Patrullando 2 activos...
[2026-06-15 20:30:23] (Hilo: ENERGIA) Patrullando 3 activos...
[2026-06-15 20:30:23] (Hilo: INDICES) Patrullando 3 activos...
[2026-06-15 20:30:38] (Hilo: FOREX) Patrullando 3 activos...
[2026-06-15 20:30:38] (Hilo: METALES) Patrullando 2 activos...
[2026-06-15 20:30:38] (Hilo: CRIPTO) Patrullando 2 activos...
[2026-06-15 20:30:38] (Hilo: ENERGIA) Patrullando 3 activos...
[2026-06-15 20:30:38] (Hilo: INDICES) Patrullando 3 activos...
[2026-06-15 20:30:53] (Hilo: FOREX) Patrullando 3 activos...
[2026-06-15 20:30:53] (Hilo: METALES) Patrullando 2 activos...
[2026-06-15 20:30:53] (Hilo: CRIPTO) Patrullando 2 activos...
[2026-06-15 20:30:53] (Hilo: ENERGIA) Patrullando 3 activos...
[2026-06-15 20:30:53] (Hilo: INDICES) Patrullando 3 activos...
[2026-06-15 20:31:08] (Hilo: FOREX) Patrullando 3 activos...
[2026-06-15 20:31:08] (Hilo: METALES) Patrullando 2 activos...
[2026-06-15 20:31:08] (Hilo: CRIPTO) Patrullando 2 activos...
[2026-06-15 20:31:08] (Hilo: ENERGIA) Patrullando 3 activos...
[2026-06-15 20:31:08] (Hilo: INDICES) Patrullando 3 activos...
[2026-06-15 20:31:23] (Hilo: FOREX) Patrullando 3 activos...
[2026-06-15 20:31:23] (Hilo: METALES) Patrullando 2 activos...
[2026-06-15 20:31:23] (Hilo: CRIPTO) Patrullando 2 activos...
[2026-06-15 20:31:23] (Hilo: ENERGIA) Patrullando 3 activos...
[2026-06-15 20:31:23] (Hilo: INDICES) Patrullando 3 activos...
[2026-06-15 20:31:38] (Hilo: FOREX) Patrullando 3 activos...
[2026-06-15 20:31:38] (Hilo: METALES) Patrullando 2 activos...
[2026-06-15 20:31:38] (Hilo: CRIPTO) Patrullando 2 activos...
[2026-06-15 20:31:38] (Hilo: INDICES) Patrullando 3 activos...
[2026-06-15 20:31:38] (Hilo: ENERGIA) Patrullando 3 activos...
[2026-06-15 20:31:53] (Hilo: FOREX) Patrullando 3 activos...
[2026-06-15 20:31:53] (Hilo: METALES) Patrullando 2 activos...
[2026-06-15 20:31:53] (Hilo: CRIPTO) Patrullando 2 activos...
[2026-06-15 20:31:53] (Hilo: INDICES) Patrullando 3 activos...
[2026-06-15 20:31:53] (Hilo: ENERGIA) Patrullando 3 activos...
[2026-06-15 20:32:08] (Hilo: FOREX) Patrullando 3 activos...
[2026-06-15 20:32:08] (Hilo: METALES) Patrullando 2 activos...
[2026-06-15 20:32:08] (Hilo: CRIPTO) Patrullando 2 activos...
[2026-06-15 20:32:08] (Hilo: INDICES) Patrullando 3 activos...
[2026-06-15 20:32:08] (Hilo: ENERGIA) Patrullando 3 activos...
[2026-06-15 20:32:23] (Hilo: FOREX) Patrullando 3 activos...
[2026-06-15 20:32:23] (Hilo: METALES) Patrullando 2 activos...
[2026-06-15 20:32:23] (Hilo: CRIPTO) Patrullando 2 activos...
[2026-06-15 20:32:23] (Hilo: INDICES) Patrullando 3 activos...
[2026-06-15 20:32:23] (Hilo: ENERGIA) Patrullando 3 activos...
[2026-06-15 20:32:38] (Hilo: FOREX) Patrullando 3 activos...
[2026-06-15 20:32:38] (Hilo: CRIPTO) Patrullando 2 activos...
[2026-06-15 20:32:38] (Hilo: METALES) Patrullando 2 activos...
[2026-06-15 20:32:38] (Hilo: INDICES) Patrullando 3 activos...
[2026-06-15 20:32:38] (Hilo: ENERGIA) Patrullando 3 activos...
[2026-06-15 20:32:53] (Hilo: FOREX) Patrullando 3 activos...
[2026-06-15 20:32:53] (Hilo: CRIPTO) Patrullando 2 activos...
[2026-06-15 20:32:53] (Hilo: METALES) Patrullando 2 activos...
[2026-06-15 20:32:53] (Hilo: INDICES) Patrullando 3 activos...
[2026-06-15 20:32:53] (Hilo: ENERGIA) Patrullando 3 activos...
[2026-06-15 20:33:08] (Hilo: FOREX) Patrullando 3 activos...
[2026-06-15 20:33:08] (Hilo: CRIPTO) Patrullando 2 activos...
[2026-06-15 20:33:08] (Hilo: METALES) Patrullando 2 activos...
[2026-06-15 20:33:08] (Hilo: INDICES) Patrullando 3 activos...
[2026-06-15 20:33:08] (Hilo: ENERGIA) Patrullando 3 activos...
[2026-06-15 20:33:23] (Hilo: FOREX) Patrullando 3 activos...
[2026-06-15 20:33:23] (Hilo: CRIPTO) Patrullando 2 activos...
[2026-06-15 20:33:23] (Hilo: METALES) Patrullando 2 activos...
[2026-06-15 20:33:23] (Hilo: INDICES) Patrullando 3 activos...
[2026-06-15 20:33:23] (Hilo: ENERGIA) Patrullando 3 activos...
[2026-06-15 20:33:38] (Hilo: FOREX) Patrullando 3 activos...
[2026-06-15 20:33:38] (Hilo: CRIPTO) Patrullando 2 activos...
[2026-06-15 20:33:38] (Hilo: METALES) Patrullando 2 activos...
[2026-06-15 20:33:38] (Hilo: METALES) [COOLDOWN] XAUUSDm bloqueado. Operación reciente detectada.
[2026-06-15 20:33:38] (Hilo: INDICES) Patrullando 3 activos...
[2026-06-15 20:33:38] (Hilo: ENERGIA) Patrullando 3 activos...
[2026-06-15 20:33:53] (Hilo: FOREX) Patrullando 3 activos...
[2026-06-15 20:33:53] (Hilo: CRIPTO) Patrullando 2 activos...
[2026-06-15 20:33:53] (Hilo: METALES) Patrullando 2 activos...
[2026-06-15 20:33:53] (Hilo: INDICES) Patrullando 3 activos...
[2026-06-15 20:33:53] (Hilo: ENERGIA) Patrullando 3 activos...
[2026-06-15 20:34:08] (Hilo: FOREX) Patrullando 3 activos...
[2026-06-15 20:34:08] (Hilo: CRIPTO) Patrullando 2 activos...
[2026-06-15 20:34:08] (Hilo: METALES) Patrullando 2 activos...
[2026-06-15 20:34:08] (Hilo: INDICES) Patrullando 3 activos...
[2026-06-15 20:34:08] (Hilo: ENERGIA) Patrullando 3 activos...
[2026-06-15 20:34:23] (Hilo: FOREX) Patrullando 3 activos...
[2026-06-15 20:34:23] (Hilo: CRIPTO) Patrullando 2 activos...
[2026-06-15 20:34:23] (Hilo: METALES) Patrullando 2 activos...
[2026-06-15 20:34:23] (Hilo: METALES) [COOLDOWN] XAUUSDm bloqueado. Operación reciente detectada.
[2026-06-15 20:34:23] (Hilo: INDICES) Patrullando 3 activos...
[2026-06-15 20:34:23] (Hilo: ENERGIA) Patrullando 3 activos...
[2026-06-15 20:34:38] (Hilo: FOREX) Patrullando 3 activos...
[2026-06-15 20:34:38] (Hilo: CRIPTO) Patrullando 2 activos...
[2026-06-15 20:34:38] (Hilo: METALES) Patrullando 2 activos...
[2026-06-15 20:34:38] (Hilo: INDICES) Patrullando 3 activos...
[2026-06-15 20:34:38] (Hilo: ENERGIA) Patrullando 3 activos...
[2026-06-15 20:34:53] (Hilo: FOREX) Patrullando 3 activos...
[2026-06-15 20:34:53] (Hilo: CRIPTO) Patrullando 2 activos...
[2026-06-15 20:34:53] (Hilo: METALES) Patrullando 2 activos...
[2026-06-15 20:34:53] (Hilo: INDICES) Patrullando 3 activos...
[2026-06-15 20:34:53] (Hilo: ENERGIA) Patrullando 3 activos...
[2026-06-15 20:35:08] (Hilo: FOREX) Patrullando 3 activos...
[2026-06-15 20:35:08] (Hilo: CRIPTO) Patrullando 2 activos...
[2026-06-15 20:35:08] (Hilo: METALES) Patrullando 2 activos...
[2026-06-15 20:35:08] (Hilo: INDICES) Patrullando 3 activos...
[2026-06-15 20:35:08] (Hilo: ENERGIA) Patrullando 3 activos...
[2026-06-15 20:35:23] (Hilo: FOREX) Patrullando 3 activos...
[2026-06-15 20:35:23] (Hilo: CRIPTO) Patrullando 2 activos...
[2026-06-15 20:35:23] (Hilo: METALES) Patrullando 2 activos...
[2026-06-15 20:35:23] (Hilo: METALES) [COOLDOWN] XAUUSDm bloqueado. Operación reciente detectada.
[2026-06-15 20:35:23] (Hilo: INDICES) Patrullando 3 activos...
[2026-06-15 20:35:23] (Hilo: ENERGIA) Patrullando 3 activos...
[2026-06-15 20:35:38] (Hilo: FOREX) Patrullando 3 activos...
[2026-06-15 20:35:38] (Hilo: CRIPTO) Patrullando 2 activos...
[2026-06-15 20:35:38] (Hilo: METALES) Patrullando 2 activos...
[2026-06-15 20:35:38] (Hilo: METALES) [COOLDOWN] XAUUSDm bloqueado. Operación reciente detectada.
[2026-06-15 20:35:38] (Hilo: INDICES) Patrullando 3 activos...
[2026-06-15 20:35:38] (Hilo: ENERGIA) Patrullando 3 activos...
[2026-06-15 20:35:53] (Hilo: FOREX) Patrullando 3 activos...
[2026-06-15 20:35:53] (Hilo: CRIPTO) Patrullando 2 activos...
[2026-06-15 20:35:53] (Hilo: METALES) Patrullando 2 activos...
[2026-06-15 20:35:53] (Hilo: INDICES) Patrullando 3 activos...
[2026-06-15 20:35:53] (Hilo: ENERGIA) Patrullando 3 activos...
[2026-06-15 20:36:08] (Hilo: FOREX) Patrullando 3 activos...
[2026-06-15 20:36:08] (Hilo: CRIPTO) Patrullando 2 activos...
[2026-06-15 20:36:08] (Hilo: METALES) Patrullando 2 activos...
[2026-06-15 20:36:08] (Hilo: METALES) [COOLDOWN] XAUUSDm bloqueado. Operación reciente detectada.
[2026-06-15 20:36:08] (Hilo: INDICES) Patrullando 3 activos...
[2026-06-15 20:36:08] (Hilo: ENERGIA) Patrullando 3 activos...
[2026-06-15 20:36:23] (Hilo: FOREX) Patrullando 3 activos...
[2026-06-15 20:36:23] (Hilo: CRIPTO) Patrullando 2 activos...
[2026-06-15 20:36:23] (Hilo: METALES) Patrullando 2 activos...
[2026-06-15 20:36:23] (Hilo: METALES) [COOLDOWN] XAUUSDm bloqueado. Operación reciente detectada.
[2026-06-15 20:36:23] (Hilo: INDICES) Patrullando 3 activos...
[2026-06-15 20:36:23] (Hilo: ENERGIA) Patrullando 3 activos...
[2026-06-15 20:36:38] (Hilo: FOREX) Patrullando 3 activos...
[2026-06-15 20:36:38] (Hilo: CRIPTO) Patrullando 2 activos...
[2026-06-15 20:36:38] (Hilo: METALES) Patrullando 2 activos...
[2026-06-15 20:36:38] (Hilo: METALES) [COOLDOWN] XAUUSDm bloqueado. Operación reciente detectada.
[2026-06-15 20:36:38] (Hilo: INDICES) Patrullando 3 activos...
[2026-06-15 20:36:38] (Hilo: ENERGIA) Patrullando 3 activos...
[2026-06-15 20:36:53] (Hilo: FOREX) Patrullando 3 activos...
[2026-06-15 20:36:53] (Hilo: CRIPTO) Patrullando 2 activos...
[2026-06-15 20:36:53] (Hilo: METALES) Patrullando 2 activos...
[2026-06-15 20:36:53] (Hilo: METALES) [COOLDOWN] XAUUSDm bloqueado. Operación reciente detectada.
[2026-06-15 20:36:53] (Hilo: INDICES) Patrullando 3 activos...
[2026-06-15 20:36:53] (Hilo: ENERGIA) Patrullando 3 activos...
[2026-06-15 20:37:08] (Hilo: FOREX) Patrullando 3 activos...
[2026-06-15 20:37:08] (Hilo: CRIPTO) Patrullando 2 activos...
[2026-06-15 20:37:08] (Hilo: METALES) Patrullando 2 activos...
[2026-06-15 20:37:08] (Hilo: METALES) [COOLDOWN] XAUUSDm bloqueado. Operación reciente detectada.
[2026-06-15 20:37:08] (Hilo: INDICES) Patrullando 3 activos...
[2026-06-15 20:37:08] (Hilo: ENERGIA) Patrullando 3 activos...
[2026-06-15 20:37:23] (Hilo: FOREX) Patrullando 3 activos...
[2026-06-15 20:37:23] (Hilo: CRIPTO) Patrullando 2 activos...
[2026-06-15 20:37:23] (Hilo: METALES) Patrullando 2 activos...
[2026-06-15 20:37:23] (Hilo: METALES) [COOLDOWN] XAUUSDm bloqueado. Operación reciente detectada.
[2026-06-15 20:37:23] (Hilo: INDICES) Patrullando 3 activos...
[2026-06-15 20:37:23] (Hilo: ENERGIA) Patrullando 3 activos...
[2026-06-15 20:37:38] (Hilo: FOREX) Patrullando 3 activos...
[2026-06-15 20:37:38] (Hilo: CRIPTO) Patrullando 2 activos...
[2026-06-15 20:37:38] (Hilo: METALES) Patrullando 2 activos...
[2026-06-15 20:37:38] (Hilo: METALES) [COOLDOWN] XAUUSDm bloqueado. Operación reciente detectada.
[2026-06-15 20:37:38] (Hilo: INDICES) Patrullando 3 activos...
[2026-06-15 20:37:38] (Hilo: ENERGIA) Patrullando 3 activos...
[2026-06-15 20:37:53] (Hilo: FOREX) Patrullando 3 activos...
[2026-06-15 20:37:53] (Hilo: CRIPTO) Patrullando 2 activos...
[2026-06-15 20:37:53] (Hilo: METALES) Patrullando 2 activos...
[2026-06-15 20:37:53] (Hilo: METALES) [COOLDOWN] XAUUSDm bloqueado. Operación reciente detectada.
[2026-06-15 20:37:53] (Hilo: INDICES) Patrullando 3 activos...
[2026-06-15 20:37:53] (Hilo: ENERGIA) Patrullando 3 activos...
[2026-06-15 20:38:08] (Hilo: FOREX) Patrullando 3 activos...
[2026-06-15 20:38:08] (Hilo: CRIPTO) Patrullando 2 activos...
[2026-06-15 20:38:08] (Hilo: METALES) Patrullando 2 activos...
[2026-06-15 20:38:08] (Hilo: METALES) [COOLDOWN] XAUUSDm bloqueado. Operación reciente detectada.
[2026-06-15 20:38:08] (Hilo: INDICES) Patrullando 3 activos...
[2026-06-15 20:38:08] (Hilo: ENERGIA) Patrullando 3 activos...
[2026-06-15 20:38:23] (Hilo: FOREX) Patrullando 3 activos...
[2026-06-15 20:38:23] (Hilo: CRIPTO) Patrullando 2 activos...
[2026-06-15 20:38:23] (Hilo: METALES) Patrullando 2 activos...
[2026-06-15 20:38:23] (Hilo: METALES) [COOLDOWN] XAUUSDm bloqueado. Operación reciente detectada.
[2026-06-15 20:38:23] (Hilo: INDICES) Patrullando 3 activos...
[2026-06-15 20:38:23] (Hilo: ENERGIA) Patrullando 3 activos...
[2026-06-15 20:38:38] (Hilo: FOREX) Patrullando 3 activos...
[2026-06-15 20:38:38] (Hilo: CRIPTO) Patrullando 2 activos...
[2026-06-15 20:38:38] (Hilo: METALES) Patrullando 2 activos...
[2026-06-15 20:38:38] (Hilo: METALES) [COOLDOWN] XAUUSDm bloqueado. Operación reciente detectada.
[2026-06-15 20:38:38] (Hilo: INDICES) Patrullando 3 activos...
[2026-06-15 20:38:38] (Hilo: ENERGIA) Patrullando 3 activos...
[2026-06-15 20:38:53] (Hilo: FOREX) Patrullando 3 activos...
[2026-06-15 20:38:53] (Hilo: CRIPTO) Patrullando 2 activos...
[2026-06-15 20:38:53] (Hilo: METALES) Patrullando 2 activos...
[2026-06-15 20:38:53] (Hilo: METALES) [COOLDOWN] XAUUSDm bloqueado. Operación reciente detectada.
[2026-06-15 20:38:53] (Hilo: INDICES) Patrullando 3 activos...
[2026-06-15 20:38:53] (Hilo: ENERGIA) Patrullando 3 activos...
[2026-06-15 20:39:08] (Hilo: FOREX) Patrullando 3 activos...
[2026-06-15 20:39:08] (Hilo: CRIPTO) Patrullando 2 activos...
[2026-06-15 20:39:08] (Hilo: METALES) Patrullando 2 activos...
[2026-06-15 20:39:08] (Hilo: METALES) [COOLDOWN] XAUUSDm bloqueado. Operación reciente detectada.
[2026-06-15 20:39:08] (Hilo: INDICES) Patrullando 3 activos...
[2026-06-15 20:39:08] (Hilo: ENERGIA) Patrullando 3 activos...
[2026-06-15 20:39:23] (Hilo: FOREX) Patrullando 3 activos...
[2026-06-15 20:39:23] (Hilo: CRIPTO) Patrullando 2 activos...
[2026-06-15 20:39:23] (Hilo: METALES) Patrullando 2 activos...
[2026-06-15 20:39:23] (Hilo: METALES) [COOLDOWN] XAUUSDm bloqueado. Operación reciente detectada.
[2026-06-15 20:39:23] (Hilo: INDICES) Patrullando 3 activos...
[2026-06-15 20:39:23] (Hilo: ENERGIA) Patrullando 3 activos...
[2026-06-15 20:39:38] (Hilo: FOREX) Patrullando 3 activos...
[2026-06-15 20:39:38] (Hilo: CRIPTO) Patrullando 2 activos...
[2026-06-15 20:39:38] (Hilo: METALES) Patrullando 2 activos...
[2026-06-15 20:39:38] (Hilo: METALES) [COOLDOWN] XAUUSDm bloqueado. Operación reciente detectada.
[2026-06-15 20:39:38] (Hilo: INDICES) Patrullando 3 activos...
[2026-06-15 20:39:38] (Hilo: ENERGIA) Patrullando 3 activos...
[2026-06-15 20:39:53] (Hilo: FOREX) Patrullando 3 activos...
[2026-06-15 20:39:53] (Hilo: CRIPTO) Patrullando 2 activos...
[2026-06-15 20:39:53] (Hilo: METALES) Patrullando 2 activos...
[2026-06-15 20:39:53] (Hilo: METALES) [COOLDOWN] XAUUSDm bloqueado. Operación reciente detectada.
[2026-06-15 20:39:53] (Hilo: INDICES) Patrullando 3 activos...
[2026-06-15 20:39:53] (Hilo: ENERGIA) Patrullando 3 activos...
[2026-06-15 20:40:08] (Hilo: FOREX) Patrullando 3 activos...
[2026-06-15 20:40:08] (Hilo: CRIPTO) Patrullando 2 activos...
[2026-06-15 20:40:08] (Hilo: METALES) Patrullando 2 activos...
[2026-06-15 20:40:08] (Hilo: METALES) [COOLDOWN] XAUUSDm bloqueado. Operación reciente detectada.
[2026-06-15 20:40:08] (Hilo: INDICES) Patrullando 3 activos...
[2026-06-15 20:40:08] (Hilo: ENERGIA) Patrullando 3 activos...
[2026-06-15 20:40:23] (Hilo: FOREX) Patrullando 3 activos...
[2026-06-15 20:40:23] (Hilo: CRIPTO) Patrullando 2 activos...
[2026-06-15 20:40:23] (Hilo: METALES) Patrullando 2 activos...
[2026-06-15 20:40:23] (Hilo: METALES) [COOLDOWN] XAUUSDm bloqueado. Operación reciente detectada.
[2026-06-15 20:40:23] (Hilo: INDICES) Patrullando 3 activos...
[2026-06-15 20:40:23] (Hilo: ENERGIA) Patrullando 3 activos...
[2026-06-15 20:40:38] (Hilo: FOREX) Patrullando 3 activos...
[2026-06-15 20:40:38] (Hilo: CRIPTO) Patrullando 2 activos...
[2026-06-15 20:40:38] (Hilo: METALES) Patrullando 2 activos...
[2026-06-15 20:40:38] (Hilo: METALES) [COOLDOWN] XAUUSDm bloqueado. Operación reciente detectada.
[2026-06-15 20:40:38] (Hilo: INDICES) Patrullando 3 activos...
[2026-06-15 20:40:38] (Hilo: ENERGIA) Patrullando 3 activos...
[2026-06-15 20:40:53] (Hilo: FOREX) Patrullando 3 activos...
[2026-06-15 20:40:53] (Hilo: CRIPTO) Patrullando 2 activos...
[2026-06-15 20:40:53] (Hilo: METALES) Patrullando 2 activos...
[2026-06-15 20:40:53] (Hilo: METALES) [COOLDOWN] XAUUSDm bloqueado. Operación reciente detectada.
[2026-06-15 20:40:53] (Hilo: INDICES) Patrullando 3 activos...
[2026-06-15 20:40:53] (Hilo: ENERGIA) Patrullando 3 activos...
[2026-06-15 20:41:08] (Hilo: FOREX) Patrullando 3 activos...
[2026-06-15 20:41:08] (Hilo: CRIPTO) Patrullando 2 activos...
[2026-06-15 20:41:08] (Hilo: METALES) Patrullando 2 activos...
[2026-06-15 20:41:08] (Hilo: METALES) [COOLDOWN] XAUUSDm bloqueado. Operación reciente detectada.
[2026-06-15 20:41:08] (Hilo: INDICES) Patrullando 3 activos...
[2026-06-15 20:41:08] (Hilo: ENERGIA) Patrullando 3 activos...
[2026-06-15 20:41:23] (Hilo: FOREX) Patrullando 3 activos...
[2026-06-15 20:41:23] (Hilo: CRIPTO) Patrullando 2 activos...
[2026-06-15 20:41:23] (Hilo: METALES) Patrullando 2 activos...
[2026-06-15 20:41:23] (Hilo: METALES) [COOLDOWN] XAUUSDm bloqueado. Operación reciente detectada.
[2026-06-15 20:41:23] (Hilo: INDICES) Patrullando 3 activos...
[2026-06-15 20:41:23] (Hilo: ENERGIA) Patrullando 3 activos...
[2026-06-15 20:41:35] (Hilo: MainThread) Inicializando motores del Quant Sniper Multi-Thread Bot...
[2026-06-15 20:41:35] (Hilo: MainThread) Conexión establecida con éxito. Desplegando hilos de trabajo...
[2026-06-15 20:41:35] (Hilo: FOREX) Fila de patrullaje activada con Firma: 1000
[2026-06-15 20:41:35] (Hilo: METALES) Fila de patrullaje activada con Firma: 3000
[2026-06-15 20:41:35] (Hilo: FOREX) Patrullando 7 activos...
[2026-06-15 20:41:35] (Hilo: METALES) Patrullando 2 activos...
[2026-06-15 20:41:35] (Hilo: INDICES) Fila de patrullaje activada con Firma: 4000
[2026-06-15 20:41:35] (Hilo: CRIPTO) Fila de patrullaje activada con Firma: 2000
[2026-06-15 20:41:35] (Hilo: ENERGIA) Fila de patrullaje activada con Firma: 5000
[2026-06-15 20:41:35] (Hilo: METALES) [COOLDOWN] XAUUSDm bloqueado. Operación reciente detectada.
[2026-06-15 20:41:35] (Hilo: INDICES) Patrullando 3 activos...
[2026-06-15 20:41:35] (Hilo: CRIPTO) Patrullando 2 activos...
[2026-06-15 20:41:35] (Hilo: ENERGIA) Patrullando 3 activos...
[2026-06-15 20:41:50] (Hilo: FOREX) Patrullando 7 activos...
[2026-06-15 20:41:50] (Hilo: INDICES) Patrullando 3 activos...
[2026-06-15 20:41:50] (Hilo: CRIPTO) Patrullando 2 activos...
[2026-06-15 20:41:50] (Hilo: ENERGIA) Patrullando 3 activos...
[2026-06-15 20:41:50] (Hilo: METALES) Patrullando 2 activos...
[2026-06-15 20:41:50] (Hilo: METALES) [COOLDOWN] XAUUSDm bloqueado. Operación reciente detectada.
[2026-06-15 20:42:05] (Hilo: FOREX) Patrullando 7 activos...
[2026-06-15 20:42:05] (Hilo: INDICES) Patrullando 3 activos...
[2026-06-15 20:42:05] (Hilo: ENERGIA) Patrullando 3 activos...
[2026-06-15 20:42:05] (Hilo: CRIPTO) Patrullando 2 activos...
[2026-06-15 20:42:05] (Hilo: METALES) Patrullando 2 activos...
[2026-06-15 20:42:05] (Hilo: METALES) [COOLDOWN] XAUUSDm bloqueado. Operación reciente detectada.
[2026-06-15 20:42:20] (Hilo: FOREX) Patrullando 7 activos...
[2026-06-15 20:42:20] (Hilo: INDICES) Patrullando 3 activos...
[2026-06-15 20:42:20] (Hilo: CRIPTO) Patrullando 2 activos...
[2026-06-15 20:42:20] (Hilo: ENERGIA) Patrullando 3 activos...
[2026-06-15 20:42:20] (Hilo: METALES) Patrullando 2 activos...
[2026-06-15 20:42:20] (Hilo: METALES) [COOLDOWN] XAUUSDm bloqueado. Operación reciente detectada.
[2026-06-15 20:42:35] (Hilo: INDICES) Patrullando 3 activos...
[2026-06-15 20:42:35] (Hilo: CRIPTO) Patrullando 2 activos...
[2026-06-15 20:42:35] (Hilo: ENERGIA) Patrullando 3 activos...
[2026-06-15 20:42:35] (Hilo: FOREX) Patrullando 7 activos...
[2026-06-15 20:42:35] (Hilo: METALES) Patrullando 2 activos...
[2026-06-15 20:42:35] (Hilo: METALES) [COOLDOWN] XAUUSDm bloqueado. Operación reciente detectada.
[2026-06-15 20:42:50] (Hilo: INDICES) Patrullando 3 activos...
[2026-06-15 20:42:50] (Hilo: ENERGIA) Patrullando 3 activos...
[2026-06-15 20:42:50] (Hilo: CRIPTO) Patrullando 2 activos...
[2026-06-15 20:42:50] (Hilo: FOREX) Patrullando 7 activos...
[2026-06-15 20:42:51] (Hilo: METALES) Patrullando 2 activos...
[2026-06-15 20:42:51] (Hilo: METALES) [COOLDOWN] XAUUSDm bloqueado. Operación reciente detectada.
[2026-06-15 20:43:05] (Hilo: INDICES) Patrullando 3 activos...
[2026-06-15 20:43:05] (Hilo: ENERGIA) Patrullando 3 activos...
[2026-06-15 20:43:06] (Hilo: CRIPTO) Patrullando 2 activos...
[2026-06-15 20:43:06] (Hilo: FOREX) Patrullando 7 activos...
[2026-06-15 20:43:06] (Hilo: METALES) Patrullando 2 activos...
[2026-06-15 20:43:06] (Hilo: METALES) [COOLDOWN] XAUUSDm bloqueado. Operación reciente detectada.
[2026-06-15 20:43:20] (Hilo: INDICES) Patrullando 3 activos...
[2026-06-15 20:43:21] (Hilo: ENERGIA) Patrullando 3 activos...
[2026-06-15 20:43:21] (Hilo: CRIPTO) Patrullando 2 activos...
[2026-06-15 20:43:21] (Hilo: FOREX) Patrullando 7 activos...
[2026-06-15 20:43:21] (Hilo: METALES) Patrullando 2 activos...
[2026-06-15 20:43:21] (Hilo: METALES) [COOLDOWN] XAUUSDm bloqueado. Operación reciente detectada.
[2026-06-15 20:43:35] (Hilo: INDICES) Patrullando 3 activos...
[2026-06-15 20:43:36] (Hilo: ENERGIA) Patrullando 3 activos...
[2026-06-15 20:43:36] (Hilo: CRIPTO) Patrullando 2 activos...
[2026-06-15 20:43:36] (Hilo: FOREX) Patrullando 7 activos...
[2026-06-15 20:43:36] (Hilo: METALES) Patrullando 2 activos...
[2026-06-15 20:43:36] (Hilo: METALES) [COOLDOWN] XAUUSDm bloqueado. Operación reciente detectada.
[2026-06-15 20:43:51] (Hilo: INDICES) Patrullando 3 activos...
[2026-06-15 20:43:51] (Hilo: ENERGIA) Patrullando 3 activos...
[2026-06-15 20:43:51] (Hilo: CRIPTO) Patrullando 2 activos...
[2026-06-15 20:43:51] (Hilo: FOREX) Patrullando 7 activos...
[2026-06-15 20:43:51] (Hilo: METALES) Patrullando 2 activos...
[2026-06-15 20:43:51] (Hilo: METALES) [COOLDOWN] XAUUSDm bloqueado. Operación reciente detectada.
[2026-06-15 20:44:06] (Hilo: INDICES) Patrullando 3 activos...
[2026-06-15 20:44:06] (Hilo: ENERGIA) Patrullando 3 activos...
[2026-06-15 20:44:06] (Hilo: CRIPTO) Patrullando 2 activos...
[2026-06-15 20:44:06] (Hilo: METALES) Patrullando 2 activos...
[2026-06-15 20:44:06] (Hilo: METALES) [COOLDOWN] XAUUSDm bloqueado. Operación reciente detectada.
[2026-06-15 20:44:06] (Hilo: FOREX) Patrullando 7 activos...
[2026-06-15 20:44:21] (Hilo: INDICES) Patrullando 3 activos...
[2026-06-15 20:44:21] (Hilo: ENERGIA) Patrullando 3 activos...
[2026-06-15 20:44:21] (Hilo: CRIPTO) Patrullando 2 activos...
[2026-06-15 20:44:21] (Hilo: METALES) Patrullando 2 activos...
[2026-06-15 20:44:21] (Hilo: METALES) [COOLDOWN] XAUUSDm bloqueado. Operación reciente detectada.
[2026-06-15 20:44:21] (Hilo: FOREX) Patrullando 7 activos...
[2026-06-15 20:44:36] (Hilo: INDICES) Patrullando 3 activos...
[2026-06-15 20:44:36] (Hilo: ENERGIA) Patrullando 3 activos...
[2026-06-15 20:44:36] (Hilo: CRIPTO) Patrullando 2 activos...
[2026-06-15 20:44:36] (Hilo: METALES) Patrullando 2 activos...
[2026-06-15 20:44:36] (Hilo: METALES) [COOLDOWN] XAUUSDm bloqueado. Operación reciente detectada.
[2026-06-15 20:44:36] (Hilo: FOREX) Patrullando 7 activos...
[2026-06-15 20:44:51] (Hilo: INDICES) Patrullando 3 activos...
[2026-06-15 20:44:51] (Hilo: ENERGIA) Patrullando 3 activos...
[2026-06-15 20:44:51] (Hilo: CRIPTO) Patrullando 2 activos...
[2026-06-15 20:44:51] (Hilo: METALES) Patrullando 2 activos...
[2026-06-15 20:44:51] (Hilo: METALES) [COOLDOWN] XAUUSDm bloqueado. Operación reciente detectada.
[2026-06-15 20:44:51] (Hilo: FOREX) Patrullando 7 activos...
[2026-06-15 20:45:06] (Hilo: INDICES) Patrullando 3 activos...
[2026-06-15 20:45:06] (Hilo: CRIPTO) Patrullando 2 activos...
[2026-06-15 20:45:06] (Hilo: ENERGIA) Patrullando 3 activos...
[2026-06-15 20:45:06] (Hilo: METALES) Patrullando 2 activos...
[2026-06-15 20:45:06] (Hilo: METALES) [COOLDOWN] XAUUSDm bloqueado. Operación reciente detectada.
[2026-06-15 20:45:06] (Hilo: FOREX) Patrullando 7 activos...
[2026-06-15 20:45:21] (Hilo: INDICES) Patrullando 3 activos...
[2026-06-15 20:45:21] (Hilo: CRIPTO) Patrullando 2 activos...
[2026-06-15 20:45:21] (Hilo: ENERGIA) Patrullando 3 activos...
[2026-06-15 20:45:21] (Hilo: METALES) Patrullando 2 activos...
[2026-06-15 20:45:21] (Hilo: METALES) [COOLDOWN] XAUUSDm bloqueado. Operación reciente detectada.
[2026-06-15 20:45:21] (Hilo: FOREX) Patrullando 7 activos...
[2026-06-15 20:45:36] (Hilo: INDICES) Patrullando 3 activos...
[2026-06-15 20:45:36] (Hilo: CRIPTO) Patrullando 2 activos...
[2026-06-15 20:45:36] (Hilo: ENERGIA) Patrullando 3 activos...
[2026-06-15 20:45:36] (Hilo: METALES) Patrullando 2 activos...
[2026-06-15 20:45:36] (Hilo: METALES) [COOLDOWN] XAUUSDm bloqueado. Operación reciente detectada.
[2026-06-15 20:45:36] (Hilo: FOREX) Patrullando 7 activos...
[2026-06-15 20:45:51] (Hilo: INDICES) Patrullando 3 activos...
[2026-06-15 20:45:51] (Hilo: CRIPTO) Patrullando 2 activos...
[2026-06-15 20:45:51] (Hilo: ENERGIA) Patrullando 3 activos...
[2026-06-15 20:45:51] (Hilo: METALES) Patrullando 2 activos...
[2026-06-15 20:45:51] (Hilo: METALES) [COOLDOWN] XAUUSDm bloqueado. Operación reciente detectada.
[2026-06-15 20:45:51] (Hilo: FOREX) Patrullando 7 activos...
[2026-06-15 20:46:06] (Hilo: INDICES) Patrullando 3 activos...
[2026-06-15 20:46:06] (Hilo: CRIPTO) Patrullando 2 activos...
[2026-06-15 20:46:06] (Hilo: METALES) Patrullando 2 activos...
[2026-06-15 20:46:06] (Hilo: ENERGIA) Patrullando 3 activos...
[2026-06-15 20:46:06] (Hilo: METALES) [COOLDOWN] XAUUSDm bloqueado. Operación reciente detectada.
[2026-06-15 20:46:06] (Hilo: FOREX) Patrullando 7 activos...
[2026-06-15 20:46:21] (Hilo: INDICES) Patrullando 3 activos...
[2026-06-15 20:46:21] (Hilo: CRIPTO) Patrullando 2 activos...
[2026-06-15 20:46:21] (Hilo: METALES) Patrullando 2 activos...
[2026-06-15 20:46:21] (Hilo: METALES) [COOLDOWN] XAUUSDm bloqueado. Operación reciente detectada.
[2026-06-15 20:46:21] (Hilo: ENERGIA) Patrullando 3 activos...
[2026-06-15 20:46:21] (Hilo: FOREX) Patrullando 7 activos...
[2026-06-15 20:46:36] (Hilo: INDICES) Patrullando 3 activos...
[2026-06-15 20:46:36] (Hilo: CRIPTO) Patrullando 2 activos...
[2026-06-15 20:46:36] (Hilo: METALES) Patrullando 2 activos...
[2026-06-15 20:46:36] (Hilo: ENERGIA) Patrullando 3 activos...
[2026-06-15 20:46:36] (Hilo: METALES) [COOLDOWN] XAUUSDm bloqueado. Operación reciente detectada.
[2026-06-15 20:46:36] (Hilo: FOREX) Patrullando 7 activos...
[2026-06-15 20:46:51] (Hilo: INDICES) Patrullando 3 activos...
[2026-06-15 20:46:51] (Hilo: CRIPTO) Patrullando 2 activos...
[2026-06-15 20:46:51] (Hilo: ENERGIA) Patrullando 3 activos...
[2026-06-15 20:46:51] (Hilo: METALES) Patrullando 2 activos...
[2026-06-15 20:46:51] (Hilo: METALES) [COOLDOWN] XAUUSDm bloqueado. Operación reciente detectada.
[2026-06-15 20:46:51] (Hilo: FOREX) Patrullando 7 activos...
[2026-06-15 20:47:06] (Hilo: INDICES) Patrullando 3 activos...
[2026-06-15 20:47:06] (Hilo: CRIPTO) Patrullando 2 activos...
[2026-06-15 20:47:06] (Hilo: ENERGIA) Patrullando 3 activos...
[2026-06-15 20:47:06] (Hilo: METALES) Patrullando 2 activos...
[2026-06-15 20:47:06] (Hilo: METALES) [COOLDOWN] XAUUSDm bloqueado. Operación reciente detectada.
[2026-06-15 20:47:06] (Hilo: FOREX) Patrullando 7 activos...
[2026-06-15 20:47:21] (Hilo: INDICES) Patrullando 3 activos...
[2026-06-15 20:47:21] (Hilo: CRIPTO) Patrullando 2 activos...
[2026-06-15 20:47:21] (Hilo: ENERGIA) Patrullando 3 activos...
[2026-06-15 20:47:21] (Hilo: METALES) Patrullando 2 activos...
[2026-06-15 20:47:21] (Hilo: METALES) [COOLDOWN] XAUUSDm bloqueado. Operación reciente detectada.
[2026-06-15 20:47:21] (Hilo: FOREX) Patrullando 7 activos...
[2026-06-15 20:47:36] (Hilo: INDICES) Patrullando 3 activos...
[2026-06-15 20:47:36] (Hilo: CRIPTO) Patrullando 2 activos...
[2026-06-15 20:47:36] (Hilo: ENERGIA) Patrullando 3 activos...
[2026-06-15 20:47:36] (Hilo: METALES) Patrullando 2 activos...
[2026-06-15 20:47:36] (Hilo: METALES) [COOLDOWN] XAUUSDm bloqueado. Operación reciente detectada.
[2026-06-15 20:47:36] (Hilo: FOREX) Patrullando 7 activos...
[2026-06-15 20:47:51] (Hilo: INDICES) Patrullando 3 activos...
[2026-06-15 20:47:51] (Hilo: CRIPTO) Patrullando 2 activos...
[2026-06-15 20:47:51] (Hilo: ENERGIA) Patrullando 3 activos...
[2026-06-15 20:47:51] (Hilo: METALES) Patrullando 2 activos...
[2026-06-15 20:47:51] (Hilo: METALES) [COOLDOWN] XAUUSDm bloqueado. Operación reciente detectada.
[2026-06-15 20:47:51] (Hilo: FOREX) Patrullando 7 activos...
[2026-06-15 20:48:06] (Hilo: CRIPTO) Patrullando 2 activos...
[2026-06-15 20:48:06] (Hilo: INDICES) Patrullando 3 activos...
[2026-06-15 20:48:06] (Hilo: ENERGIA) Patrullando 3 activos...
[2026-06-15 20:48:06] (Hilo: METALES) Patrullando 2 activos...
[2026-06-15 20:48:06] (Hilo: METALES) [COOLDOWN] XAUUSDm bloqueado. Operación reciente detectada.
[2026-06-15 20:48:06] (Hilo: FOREX) Patrullando 7 activos...
[2026-06-15 20:48:21] (Hilo: CRIPTO) Patrullando 2 activos...
[2026-06-15 20:48:21] (Hilo: INDICES) Patrullando 3 activos...
[2026-06-15 20:48:21] (Hilo: ENERGIA) Patrullando 3 activos...
[2026-06-15 20:48:21] (Hilo: METALES) Patrullando 2 activos...
[2026-06-15 20:48:21] (Hilo: METALES) [COOLDOWN] XAUUSDm bloqueado. Operación reciente detectada.
[2026-06-15 20:48:21] (Hilo: FOREX) Patrullando 7 activos...
[2026-06-15 20:48:36] (Hilo: CRIPTO) Patrullando 2 activos...
[2026-06-15 20:48:36] (Hilo: INDICES) Patrullando 3 activos...
[2026-06-15 20:48:36] (Hilo: ENERGIA) Patrullando 3 activos...
[2026-06-15 20:48:36] (Hilo: METALES) Patrullando 2 activos...
[2026-06-15 20:48:36] (Hilo: METALES) [COOLDOWN] XAUUSDm bloqueado. Operación reciente detectada.
[2026-06-15 20:48:36] (Hilo: FOREX) Patrullando 7 activos...
[2026-06-15 20:48:51] (Hilo: CRIPTO) Patrullando 2 activos...
[2026-06-15 20:48:51] (Hilo: INDICES) Patrullando 3 activos...
[2026-06-15 20:48:51] (Hilo: ENERGIA) Patrullando 3 activos...
[2026-06-15 20:48:51] (Hilo: METALES) Patrullando 2 activos...
[2026-06-15 20:48:51] (Hilo: METALES) [COOLDOWN] XAUUSDm bloqueado. Operación reciente detectada.
[2026-06-15 20:48:51] (Hilo: FOREX) Patrullando 7 activos...
[2026-06-15 20:49:06] (Hilo: CRIPTO) Patrullando 2 activos...
[2026-06-15 20:49:06] (Hilo: INDICES) Patrullando 3 activos...
[2026-06-15 20:49:06] (Hilo: ENERGIA) Patrullando 3 activos...
[2026-06-15 20:49:06] (Hilo: METALES) Patrullando 2 activos...
[2026-06-15 20:49:06] (Hilo: METALES) [COOLDOWN] XAUUSDm bloqueado. Operación reciente detectada.
[2026-06-15 20:49:06] (Hilo: FOREX) Patrullando 7 activos...
[2026-06-15 20:49:21] (Hilo: CRIPTO) Patrullando 2 activos...
[2026-06-15 20:49:21] (Hilo: INDICES) Patrullando 3 activos...
[2026-06-15 20:49:21] (Hilo: ENERGIA) Patrullando 3 activos...
[2026-06-15 20:49:21] (Hilo: METALES) Patrullando 2 activos...
[2026-06-15 20:49:21] (Hilo: METALES) [COOLDOWN] XAUUSDm bloqueado. Operación reciente detectada.
[2026-06-15 20:49:21] (Hilo: FOREX) Patrullando 7 activos...
[2026-06-15 20:49:36] (Hilo: CRIPTO) Patrullando 2 activos...
[2026-06-15 20:49:36] (Hilo: INDICES) Patrullando 3 activos...
[2026-06-15 20:49:36] (Hilo: ENERGIA) Patrullando 3 activos...
[2026-06-15 20:49:36] (Hilo: METALES) Patrullando 2 activos...
[2026-06-15 20:49:36] (Hilo: METALES) [COOLDOWN] XAUUSDm bloqueado. Operación reciente detectada.
[2026-06-15 20:49:36] (Hilo: FOREX) Patrullando 7 activos...
[2026-06-15 20:49:51] (Hilo: CRIPTO) Patrullando 2 activos...
[2026-06-15 20:49:51] (Hilo: INDICES) Patrullando 3 activos...
[2026-06-15 20:49:51] (Hilo: ENERGIA) Patrullando 3 activos...
[2026-06-15 20:49:51] (Hilo: METALES) Patrullando 2 activos...
[2026-06-15 20:49:51] (Hilo: METALES) [COOLDOWN] XAUUSDm bloqueado. Operación reciente detectada.
[2026-06-15 20:49:51] (Hilo: FOREX) Patrullando 7 activos...
[2026-06-15 20:50:06] (Hilo: CRIPTO) Patrullando 2 activos...
[2026-06-15 20:50:06] (Hilo: INDICES) Patrullando 3 activos...
[2026-06-15 20:50:06] (Hilo: ENERGIA) Patrullando 3 activos...
[2026-06-15 20:50:06] (Hilo: METALES) Patrullando 2 activos...
[2026-06-15 20:50:06] (Hilo: METALES) [COOLDOWN] XAUUSDm bloqueado. Operación reciente detectada.
[2026-06-15 20:50:06] (Hilo: FOREX) Patrullando 7 activos...
[2026-06-15 20:50:21] (Hilo: CRIPTO) Patrullando 2 activos...
[2026-06-15 20:50:21] (Hilo: INDICES) Patrullando 3 activos...
[2026-06-15 20:50:21] (Hilo: ENERGIA) Patrullando 3 activos...
[2026-06-15 20:50:21] (Hilo: METALES) Patrullando 2 activos...
[2026-06-15 20:50:21] (Hilo: METALES) [COOLDOWN] XAUUSDm bloqueado. Operación reciente detectada.
[2026-06-15 20:50:21] (Hilo: FOREX) Patrullando 7 activos...
[2026-06-15 20:50:36] (Hilo: CRIPTO) Patrullando 2 activos...
[2026-06-15 20:50:36] (Hilo: INDICES) Patrullando 3 activos...
[2026-06-15 20:50:36] (Hilo: ENERGIA) Patrullando 3 activos...
[2026-06-15 20:50:36] (Hilo: METALES) Patrullando 2 activos...
[2026-06-15 20:50:36] (Hilo: METALES) [COOLDOWN] XAUUSDm bloqueado. Operación reciente detectada.
[2026-06-15 20:50:36] (Hilo: FOREX) Patrullando 7 activos...
[2026-06-15 20:50:51] (Hilo: CRIPTO) Patrullando 2 activos...
[2026-06-15 20:50:51] (Hilo: INDICES) Patrullando 3 activos...
[2026-06-15 20:50:51] (Hilo: METALES) Patrullando 2 activos...
[2026-06-15 20:50:51] (Hilo: ENERGIA) Patrullando 3 activos...
[2026-06-15 20:50:51] (Hilo: METALES) [COOLDOWN] XAUUSDm bloqueado. Operación reciente detectada.
[2026-06-15 20:50:51] (Hilo: FOREX) Patrullando 7 activos...
[2026-06-15 20:51:06] (Hilo: CRIPTO) Patrullando 2 activos...
[2026-06-15 20:51:06] (Hilo: INDICES) Patrullando 3 activos...
[2026-06-15 20:51:06] (Hilo: METALES) Patrullando 2 activos...
[2026-06-15 20:51:06] (Hilo: METALES) [COOLDOWN] XAUUSDm bloqueado. Operación reciente detectada.
[2026-06-15 20:51:06] (Hilo: ENERGIA) Patrullando 3 activos...
[2026-06-15 20:51:06] (Hilo: FOREX) Patrullando 7 activos...
[2026-06-15 20:51:21] (Hilo: CRIPTO) Patrullando 2 activos...
[2026-06-15 20:51:21] (Hilo: INDICES) Patrullando 3 activos...
[2026-06-15 20:51:21] (Hilo: METALES) Patrullando 2 activos...
[2026-06-15 20:51:21] (Hilo: METALES) [COOLDOWN] XAUUSDm bloqueado. Operación reciente detectada.
[2026-06-15 20:51:21] (Hilo: ENERGIA) Patrullando 3 activos...
[2026-06-15 20:51:21] (Hilo: FOREX) Patrullando 7 activos...
[2026-06-15 20:51:36] (Hilo: CRIPTO) Patrullando 2 activos...
[2026-06-15 20:51:36] (Hilo: INDICES) Patrullando 3 activos...
[2026-06-15 20:51:36] (Hilo: METALES) Patrullando 2 activos...
[2026-06-15 20:51:36] (Hilo: ENERGIA) Patrullando 3 activos...
[2026-06-15 20:51:36] (Hilo: METALES) [COOLDOWN] XAUUSDm bloqueado. Operación reciente detectada.
[2026-06-15 20:51:36] (Hilo: FOREX) Patrullando 7 activos...
[2026-06-15 20:51:51] (Hilo: CRIPTO) Patrullando 2 activos...
[2026-06-15 20:51:51] (Hilo: INDICES) Patrullando 3 activos...
[2026-06-15 20:51:51] (Hilo: METALES) Patrullando 2 activos...
[2026-06-15 20:51:51] (Hilo: ENERGIA) Patrullando 3 activos...
[2026-06-15 20:51:51] (Hilo: METALES) [COOLDOWN] XAUUSDm bloqueado. Operación reciente detectada.
[2026-06-15 20:51:51] (Hilo: FOREX) Patrullando 7 activos...
[2026-06-15 20:52:06] (Hilo: CRIPTO) Patrullando 2 activos...
[2026-06-15 20:52:06] (Hilo: INDICES) Patrullando 3 activos...
[2026-06-15 20:52:06] (Hilo: METALES) Patrullando 2 activos...
[2026-06-15 20:52:06] (Hilo: METALES) [COOLDOWN] XAUUSDm bloqueado. Operación reciente detectada.
[2026-06-15 20:52:06] (Hilo: ENERGIA) Patrullando 3 activos...
[2026-06-15 20:52:06] (Hilo: FOREX) Patrullando 7 activos...
[2026-06-15 20:52:21] (Hilo: CRIPTO) Patrullando 2 activos...
[2026-06-15 20:52:21] (Hilo: INDICES) Patrullando 3 activos...
[2026-06-15 20:52:21] (Hilo: METALES) Patrullando 2 activos...
[2026-06-15 20:52:21] (Hilo: METALES) [COOLDOWN] XAUUSDm bloqueado. Operación reciente detectada.
[2026-06-15 20:52:21] (Hilo: ENERGIA) Patrullando 3 activos...
[2026-06-15 20:52:21] (Hilo: FOREX) Patrullando 7 activos...
[2026-06-15 20:52:36] (Hilo: CRIPTO) Patrullando 2 activos...
[2026-06-15 20:52:36] (Hilo: INDICES) Patrullando 3 activos...
[2026-06-15 20:52:36] (Hilo: METALES) Patrullando 2 activos...
[2026-06-15 20:52:36] (Hilo: METALES) [COOLDOWN] XAUUSDm bloqueado. Operación reciente detectada.
[2026-06-15 20:52:36] (Hilo: ENERGIA) Patrullando 3 activos...
[2026-06-15 20:52:36] (Hilo: FOREX) Patrullando 7 activos...
[2026-06-15 20:52:51] (Hilo: CRIPTO) Patrullando 2 activos...
[2026-06-15 20:52:51] (Hilo: INDICES) Patrullando 3 activos...
[2026-06-15 20:52:51] (Hilo: METALES) Patrullando 2 activos...
[2026-06-15 20:52:51] (Hilo: METALES) [COOLDOWN] XAUUSDm bloqueado. Operación reciente detectada.
[2026-06-15 20:52:51] (Hilo: ENERGIA) Patrullando 3 activos...
[2026-06-15 20:52:51] (Hilo: FOREX) Patrullando 7 activos...
[2026-06-15 20:53:06] (Hilo: CRIPTO) Patrullando 2 activos...
[2026-06-15 20:53:06] (Hilo: INDICES) Patrullando 3 activos...
[2026-06-15 20:53:06] (Hilo: METALES) Patrullando 2 activos...
[2026-06-15 20:53:06] (Hilo: METALES) [COOLDOWN] XAUUSDm bloqueado. Operación reciente detectada.
[2026-06-15 20:53:06] (Hilo: ENERGIA) Patrullando 3 activos...
[2026-06-15 20:53:06] (Hilo: FOREX) Patrullando 7 activos...
[2026-06-15 20:53:21] (Hilo: CRIPTO) Patrullando 2 activos...
[2026-06-15 20:53:21] (Hilo: INDICES) Patrullando 3 activos...
[2026-06-15 20:53:21] (Hilo: METALES) Patrullando 2 activos...
[2026-06-15 20:53:21] (Hilo: METALES) [COOLDOWN] XAUUSDm bloqueado. Operación reciente detectada.
[2026-06-15 20:53:21] (Hilo: ENERGIA) Patrullando 3 activos...
[2026-06-15 20:53:21] (Hilo: FOREX) Patrullando 7 activos...
[2026-06-15 20:53:36] (Hilo: CRIPTO) Patrullando 2 activos...
[2026-06-15 20:53:36] (Hilo: INDICES) Patrullando 3 activos...
[2026-06-15 20:53:36] (Hilo: METALES) Patrullando 2 activos...
[2026-06-15 20:53:36] (Hilo: METALES) [COOLDOWN] XAUUSDm bloqueado. Operación reciente detectada.
[2026-06-15 20:53:36] (Hilo: ENERGIA) Patrullando 3 activos...
[2026-06-15 20:53:36] (Hilo: FOREX) Patrullando 7 activos...
[2026-06-15 20:53:51] (Hilo: CRIPTO) Patrullando 2 activos...
[2026-06-15 20:53:51] (Hilo: INDICES) Patrullando 3 activos...
[2026-06-15 20:53:51] (Hilo: METALES) Patrullando 2 activos...
[2026-06-15 20:53:51] (Hilo: ENERGIA) Patrullando 3 activos...
[2026-06-15 20:53:51] (Hilo: METALES) [COOLDOWN] XAUUSDm bloqueado. Operación reciente detectada.
[2026-06-15 20:53:51] (Hilo: FOREX) Patrullando 7 activos...
[2026-06-15 20:54:06] (Hilo: CRIPTO) Patrullando 2 activos...
[2026-06-15 20:54:06] (Hilo: INDICES) Patrullando 3 activos...
[2026-06-15 20:54:06] (Hilo: METALES) Patrullando 2 activos...
[2026-06-15 20:54:06] (Hilo: METALES) [COOLDOWN] XAUUSDm bloqueado. Operación reciente detectada.
[2026-06-15 20:54:06] (Hilo: ENERGIA) Patrullando 3 activos...
[2026-06-15 20:54:06] (Hilo: FOREX) Patrullando 7 activos...
[2026-06-15 20:54:21] (Hilo: CRIPTO) Patrullando 2 activos...
[2026-06-15 20:54:21] (Hilo: INDICES) Patrullando 3 activos...
[2026-06-15 20:54:21] (Hilo: METALES) Patrullando 2 activos...
[2026-06-15 20:54:21] (Hilo: METALES) [COOLDOWN] XAUUSDm bloqueado. Operación reciente detectada.
[2026-06-15 20:54:21] (Hilo: ENERGIA) Patrullando 3 activos...
[2026-06-15 20:54:21] (Hilo: FOREX) Patrullando 7 activos...
[2026-06-15 20:54:36] (Hilo: CRIPTO) Patrullando 2 activos...
[2026-06-15 20:54:36] (Hilo: INDICES) Patrullando 3 activos...
[2026-06-15 20:54:36] (Hilo: METALES) Patrullando 2 activos...
[2026-06-15 20:54:36] (Hilo: METALES) [COOLDOWN] XAUUSDm bloqueado. Operación reciente detectada.
[2026-06-15 20:54:36] (Hilo: ENERGIA) Patrullando 3 activos...
[2026-06-15 20:54:36] (Hilo: FOREX) Patrullando 7 activos...
[2026-06-15 20:54:51] (Hilo: CRIPTO) Patrullando 2 activos...
[2026-06-15 20:54:51] (Hilo: INDICES) Patrullando 3 activos...
[2026-06-15 20:54:51] (Hilo: METALES) Patrullando 2 activos...
[2026-06-15 20:54:51] (Hilo: METALES) [COOLDOWN] XAUUSDm bloqueado. Operación reciente detectada.
[2026-06-15 20:54:51] (Hilo: ENERGIA) Patrullando 3 activos...
[2026-06-15 20:54:51] (Hilo: FOREX) Patrullando 7 activos...
[2026-06-15 20:55:03] (Hilo: MainThread) Inicializando motores del Quant Sniper Multi-Thread Bot...
[2026-06-15 20:55:03] (Hilo: MainThread) Conexión establecida con éxito. Desplegando hilos de trabajo...
[2026-06-15 20:55:03] (Hilo: FOREX) Fila de patrullaje activada con Firma: 1000
[2026-06-15 20:55:03] (Hilo: METALES) Fila de patrullaje activada con Firma: 3000
[2026-06-15 20:55:03] (Hilo: FOREX) Patrullando 7 activos...
[2026-06-15 20:55:03] (Hilo: METALES) Patrullando 15 activos...
[2026-06-15 20:55:03] (Hilo: CRIPTO) Fila de patrullaje activada con Firma: 2000
[2026-06-15 20:55:03] (Hilo: INDICES) Fila de patrullaje activada con Firma: 4000
[2026-06-15 20:55:03] (Hilo: CRIPTO) Patrullando 2 activos...
[2026-06-15 20:55:03] (Hilo: METALES) [COOLDOWN] XAUUSDm bloqueado. Operación reciente detectada.
[2026-06-15 20:55:03] (Hilo: ENERGIA) Fila de patrullaje activada con Firma: 5000
[2026-06-15 20:55:03] (Hilo: INDICES) Patrullando 3 activos...
[2026-06-15 20:55:03] (Hilo: ENERGIA) Patrullando 3 activos...
[2026-06-15 20:55:18] (Hilo: FOREX) Patrullando 7 activos...
[2026-06-15 20:55:18] (Hilo: CRIPTO) Patrullando 2 activos...
[2026-06-15 20:55:18] (Hilo: INDICES) Patrullando 3 activos...
[2026-06-15 20:55:18] (Hilo: ENERGIA) Patrullando 3 activos...
[2026-06-15 20:55:20] (Hilo: METALES) Patrullando 15 activos...
[2026-06-15 20:55:20] (Hilo: METALES) [COOLDOWN] XAUUSDm bloqueado. Operación reciente detectada.
[2026-06-15 20:55:33] (Hilo: FOREX) Patrullando 7 activos...
[2026-06-15 20:55:33] (Hilo: CRIPTO) Patrullando 2 activos...
[2026-06-15 20:55:33] (Hilo: INDICES) Patrullando 3 activos...
[2026-06-15 20:55:33] (Hilo: ENERGIA) Patrullando 3 activos...
[2026-06-15 20:55:36] (Hilo: METALES) Patrullando 15 activos...
[2026-06-15 20:55:36] (Hilo: METALES) [COOLDOWN] XAUUSDm bloqueado. Operación reciente detectada.
[2026-06-15 20:55:48] (Hilo: FOREX) Patrullando 7 activos...
[2026-06-15 20:55:48] (Hilo: CRIPTO) Patrullando 2 activos...
[2026-06-15 20:55:48] (Hilo: INDICES) Patrullando 3 activos...
[2026-06-15 20:55:48] (Hilo: ENERGIA) Patrullando 3 activos...
[2026-06-15 20:55:51] (Hilo: METALES) Patrullando 15 activos...
[2026-06-15 20:55:51] (Hilo: METALES) [COOLDOWN] XAUUSDm bloqueado. Operación reciente detectada.
[2026-06-15 20:56:03] (Hilo: FOREX) Patrullando 7 activos...
[2026-06-15 20:56:03] (Hilo: CRIPTO) Patrullando 2 activos...
[2026-06-15 20:56:03] (Hilo: INDICES) Patrullando 3 activos...
[2026-06-15 20:56:03] (Hilo: ENERGIA) Patrullando 3 activos...
[2026-06-15 20:56:06] (Hilo: METALES) Patrullando 15 activos...
[2026-06-15 20:56:06] (Hilo: METALES) [COOLDOWN] XAUUSDm bloqueado. Operación reciente detectada.
[2026-06-15 20:56:18] (Hilo: FOREX) Patrullando 7 activos...
[2026-06-15 20:56:18] (Hilo: CRIPTO) Patrullando 2 activos...
[2026-06-15 20:56:18] (Hilo: INDICES) Patrullando 3 activos...
[2026-06-15 20:56:18] (Hilo: ENERGIA) Patrullando 3 activos...
[2026-06-15 20:56:21] (Hilo: METALES) Patrullando 15 activos...
[2026-06-15 20:56:21] (Hilo: METALES) [COOLDOWN] XAUUSDm bloqueado. Operación reciente detectada.
[2026-06-15 20:56:21] (Hilo: METALES) [COOLDOWN] XAUAUDm bloqueado. Operación reciente detectada.
[2026-06-15 20:56:33] (Hilo: FOREX) Patrullando 7 activos...
[2026-06-15 20:56:33] (Hilo: CRIPTO) Patrullando 2 activos...
[2026-06-15 20:56:33] (Hilo: INDICES) Patrullando 3 activos...
[2026-06-15 20:56:33] (Hilo: ENERGIA) Patrullando 3 activos...
[2026-06-15 20:56:36] (Hilo: METALES) Patrullando 15 activos...
[2026-06-15 20:56:36] (Hilo: METALES) [COOLDOWN] XAUUSDm bloqueado. Operación reciente detectada.
[2026-06-15 20:56:48] (Hilo: FOREX) Patrullando 7 activos...
[2026-06-15 20:56:48] (Hilo: CRIPTO) Patrullando 2 activos...
[2026-06-15 20:56:48] (Hilo: INDICES) Patrullando 3 activos...
[2026-06-15 20:56:48] (Hilo: ENERGIA) Patrullando 3 activos...
[2026-06-15 20:56:51] (Hilo: METALES) Patrullando 15 activos...
[2026-06-15 20:56:51] (Hilo: METALES) [COOLDOWN] XAUUSDm bloqueado. Operación reciente detectada.
[2026-06-15 20:57:03] (Hilo: FOREX) Patrullando 7 activos...
[2026-06-15 20:57:03] (Hilo: CRIPTO) Patrullando 2 activos...
[2026-06-15 20:57:03] (Hilo: CRIPTO) [COOLDOWN] BTCUSDm bloqueado. Operación reciente detectada.
[2026-06-15 20:57:03] (Hilo: INDICES) Patrullando 3 activos...
[2026-06-15 20:57:03] (Hilo: ENERGIA) Patrullando 3 activos...
[2026-06-15 20:57:06] (Hilo: METALES) Patrullando 15 activos...
[2026-06-15 20:57:06] (Hilo: METALES) [COOLDOWN] XAUUSDm bloqueado. Operación reciente detectada.
[2026-06-15 20:57:06] (Hilo: METALES) [COOLDOWN] XAUAUDm bloqueado. Operación reciente detectada.
[2026-06-15 20:57:18] (Hilo: FOREX) Patrullando 7 activos...
[2026-06-15 20:57:18] (Hilo: CRIPTO) Patrullando 2 activos...
[2026-06-15 20:57:18] (Hilo: INDICES) Patrullando 3 activos...
[2026-06-15 20:57:18] (Hilo: ENERGIA) Patrullando 3 activos...
[2026-06-15 20:57:21] (Hilo: METALES) Patrullando 15 activos...
[2026-06-15 20:57:21] (Hilo: METALES) [COOLDOWN] XAUUSDm bloqueado. Operación reciente detectada.
[2026-06-15 20:57:33] (Hilo: FOREX) Patrullando 7 activos...
[2026-06-15 20:57:33] (Hilo: CRIPTO) Patrullando 2 activos...
[2026-06-15 20:57:33] (Hilo: INDICES) Patrullando 3 activos...
[2026-06-15 20:57:33] (Hilo: ENERGIA) Patrullando 3 activos...
[2026-06-15 20:57:36] (Hilo: METALES) Patrullando 15 activos...
[2026-06-15 20:57:36] (Hilo: METALES) [COOLDOWN] XAUUSDm bloqueado. Operación reciente detectada.
[2026-06-15 20:57:36] (Hilo: METALES) [COOLDOWN] XAUAUDm bloqueado. Operación reciente detectada.
[2026-06-15 20:57:48] (Hilo: FOREX) Patrullando 7 activos...
[2026-06-15 20:57:48] (Hilo: CRIPTO) Patrullando 2 activos...
[2026-06-15 20:57:48] (Hilo: INDICES) Patrullando 3 activos...
[2026-06-15 20:57:48] (Hilo: ENERGIA) Patrullando 3 activos...
[2026-06-15 20:57:51] (Hilo: METALES) Patrullando 15 activos...
[2026-06-15 20:57:51] (Hilo: METALES) [COOLDOWN] XAUUSDm bloqueado. Operación reciente detectada.
[2026-06-15 20:58:03] (Hilo: FOREX) Patrullando 7 activos...
[2026-06-15 20:58:03] (Hilo: CRIPTO) Patrullando 2 activos...
[2026-06-15 20:58:03] (Hilo: INDICES) Patrullando 3 activos...
[2026-06-15 20:58:03] (Hilo: ENERGIA) Patrullando 3 activos...
[2026-06-15 20:58:06] (Hilo: METALES) Patrullando 15 activos...
[2026-06-15 20:58:06] (Hilo: METALES) [COOLDOWN] XAUUSDm bloqueado. Operación reciente detectada.
[2026-06-15 20:58:06] (Hilo: METALES) [COOLDOWN] XAUAUDm bloqueado. Operación reciente detectada.
[2026-06-15 20:58:18] (Hilo: FOREX) Patrullando 7 activos...
[2026-06-15 20:58:18] (Hilo: CRIPTO) Patrullando 2 activos...
[2026-06-15 20:58:18] (Hilo: INDICES) Patrullando 3 activos...
[2026-06-15 20:58:18] (Hilo: ENERGIA) Patrullando 3 activos...
[2026-06-15 20:58:21] (Hilo: METALES) Patrullando 15 activos...
[2026-06-15 20:58:21] (Hilo: METALES) [COOLDOWN] XAUUSDm bloqueado. Operación reciente detectada.
[2026-06-15 20:58:33] (Hilo: CRIPTO) Patrullando 2 activos...
[2026-06-15 20:58:33] (Hilo: CRIPTO) [COOLDOWN] BTCUSDm bloqueado. Operación reciente detectada.
[2026-06-15 20:58:33] (Hilo: FOREX) Patrullando 7 activos...
[2026-06-15 20:58:33] (Hilo: INDICES) Patrullando 3 activos...
[2026-06-15 20:58:33] (Hilo: ENERGIA) Patrullando 3 activos...
[2026-06-15 20:58:36] (Hilo: METALES) Patrullando 15 activos...
[2026-06-15 20:58:36] (Hilo: METALES) [COOLDOWN] XAUUSDm bloqueado. Operación reciente detectada.
[2026-06-15 20:58:48] (Hilo: CRIPTO) Patrullando 2 activos...
[2026-06-15 20:58:48] (Hilo: FOREX) Patrullando 7 activos...
[2026-06-15 20:58:48] (Hilo: INDICES) Patrullando 3 activos...
[2026-06-15 20:58:48] (Hilo: ENERGIA) Patrullando 3 activos...
[2026-06-15 20:58:51] (Hilo: METALES) Patrullando 15 activos...
[2026-06-15 20:58:51] (Hilo: METALES) [COOLDOWN] XAUUSDm bloqueado. Operación reciente detectada.
[2026-06-15 20:59:03] (Hilo: CRIPTO) Patrullando 2 activos...
[2026-06-15 20:59:03] (Hilo: FOREX) Patrullando 7 activos...
[2026-06-15 20:59:03] (Hilo: INDICES) Patrullando 3 activos...
[2026-06-15 20:59:04] (Hilo: ENERGIA) Patrullando 3 activos...
[2026-06-15 20:59:06] (Hilo: METALES) Patrullando 15 activos...
[2026-06-15 20:59:06] (Hilo: METALES) [COOLDOWN] XAUUSDm bloqueado. Operación reciente detectada.
[2026-06-15 20:59:18] (Hilo: CRIPTO) Patrullando 2 activos...
[2026-06-15 20:59:18] (Hilo: FOREX) Patrullando 7 activos...
[2026-06-15 20:59:18] (Hilo: INDICES) Patrullando 3 activos...
[2026-06-15 20:59:19] (Hilo: ENERGIA) Patrullando 3 activos...
[2026-06-15 20:59:21] (Hilo: METALES) Patrullando 15 activos...
[2026-06-15 20:59:21] (Hilo: METALES) [COOLDOWN] XAUUSDm bloqueado. Operación reciente detectada.
[2026-06-15 20:59:21] (Hilo: METALES) [COOLDOWN] XAUAUDm bloqueado. Operación reciente detectada.
[2026-06-15 20:59:33] (Hilo: CRIPTO) Patrullando 2 activos...
[2026-06-15 20:59:33] (Hilo: FOREX) Patrullando 7 activos...
[2026-06-15 20:59:33] (Hilo: INDICES) Patrullando 3 activos...
[2026-06-15 20:59:34] (Hilo: ENERGIA) Patrullando 3 activos...
[2026-06-15 20:59:36] (Hilo: METALES) Patrullando 15 activos...
[2026-06-15 20:59:36] (Hilo: METALES) [COOLDOWN] XAUUSDm bloqueado. Operación reciente detectada.
[2026-06-15 20:59:36] (Hilo: METALES) [COOLDOWN] XAUAUDm bloqueado. Operación reciente detectada.
[2026-06-15 20:59:48] (Hilo: CRIPTO) Patrullando 2 activos...
[2026-06-15 20:59:48] (Hilo: FOREX) Patrullando 7 activos...
[2026-06-15 20:59:48] (Hilo: INDICES) Patrullando 3 activos...
[2026-06-15 20:59:49] (Hilo: ENERGIA) Patrullando 3 activos...
[2026-06-15 20:59:51] (Hilo: METALES) Patrullando 15 activos...
[2026-06-15 20:59:51] (Hilo: METALES) [COOLDOWN] XAUUSDm bloqueado. Operación reciente detectada.
[2026-06-15 20:59:51] (Hilo: METALES) [COOLDOWN] XAUAUDm bloqueado. Operación reciente detectada.
[2026-06-15 21:00:03] (Hilo: CRIPTO) Patrullando 2 activos...
[2026-06-15 21:00:03] (Hilo: FOREX) Patrullando 7 activos...
[2026-06-15 21:00:03] (Hilo: INDICES) Patrullando 3 activos...
[2026-06-15 21:00:04] (Hilo: ENERGIA) Patrullando 3 activos...
[2026-06-15 21:00:06] (Hilo: METALES) Patrullando 15 activos...
[2026-06-15 21:00:06] (Hilo: METALES) [COOLDOWN] XAUUSDm bloqueado. Operación reciente detectada.
[2026-06-15 21:00:06] (Hilo: METALES) [COOLDOWN] XAUAUDm bloqueado. Operación reciente detectada.
[2026-06-15 21:00:18] (Hilo: CRIPTO) Patrullando 2 activos...
[2026-06-15 21:00:18] (Hilo: FOREX) Patrullando 7 activos...
[2026-06-15 21:00:18] (Hilo: INDICES) Patrullando 3 activos...
[2026-06-15 21:00:19] (Hilo: ENERGIA) Patrullando 3 activos...
[2026-06-15 21:00:21] (Hilo: METALES) Patrullando 15 activos...
[2026-06-15 21:00:21] (Hilo: METALES) [COOLDOWN] XAUUSDm bloqueado. Operación reciente detectada.
[2026-06-15 21:00:33] (Hilo: CRIPTO) Patrullando 2 activos...
[2026-06-15 21:00:33] (Hilo: FOREX) Patrullando 7 activos...
[2026-06-15 21:00:33] (Hilo: INDICES) Patrullando 3 activos...
[2026-06-15 21:00:34] (Hilo: ENERGIA) Patrullando 3 activos...
[2026-06-15 21:00:36] (Hilo: METALES) Patrullando 15 activos...
[2026-06-15 21:00:36] (Hilo: METALES) [COOLDOWN] XAUUSDm bloqueado. Operación reciente detectada.
[2026-06-15 21:00:36] (Hilo: METALES) [COOLDOWN] XAUAUDm bloqueado. Operación reciente detectada.
[2026-06-15 21:00:48] (Hilo: CRIPTO) Patrullando 2 activos...
[2026-06-15 21:00:48] (Hilo: CRIPTO) [COOLDOWN] BTCUSDm bloqueado. Operación reciente detectada.
[2026-06-15 21:00:48] (Hilo: FOREX) Patrullando 7 activos...
[2026-06-15 21:00:48] (Hilo: INDICES) Patrullando 3 activos...
[2026-06-15 21:00:49] (Hilo: ENERGIA) Patrullando 3 activos...
[2026-06-15 21:00:51] (Hilo: METALES) Patrullando 15 activos...
[2026-06-15 21:00:51] (Hilo: METALES) [COOLDOWN] XAUUSDm bloqueado. Operación reciente detectada.
[2026-06-15 21:01:03] (Hilo: CRIPTO) Patrullando 2 activos...
[2026-06-15 21:01:03] (Hilo: CRIPTO) [COOLDOWN] BTCUSDm bloqueado. Operación reciente detectada.
[2026-06-15 21:01:03] (Hilo: FOREX) Patrullando 7 activos...
[2026-06-15 21:01:03] (Hilo: INDICES) Patrullando 3 activos...
[2026-06-15 21:01:04] (Hilo: ENERGIA) Patrullando 3 activos...
[2026-06-15 21:01:06] (Hilo: METALES) Patrullando 15 activos...
[2026-06-15 21:01:06] (Hilo: METALES) [COOLDOWN] XAUUSDm bloqueado. Operación reciente detectada.
[2026-06-15 21:01:18] (Hilo: CRIPTO) Patrullando 2 activos...
[2026-06-15 21:01:18] (Hilo: CRIPTO) [COOLDOWN] BTCUSDm bloqueado. Operación reciente detectada.
[2026-06-15 21:01:18] (Hilo: FOREX) Patrullando 7 activos...
[2026-06-15 21:01:18] (Hilo: INDICES) Patrullando 3 activos...
[2026-06-15 21:01:19] (Hilo: ENERGIA) Patrullando 3 activos...
[2026-06-15 21:01:22] (Hilo: METALES) Patrullando 15 activos...
[2026-06-15 21:01:22] (Hilo: METALES) [COOLDOWN] XAUUSDm bloqueado. Operación reciente detectada.
[2026-06-15 21:01:22] (Hilo: METALES) [COOLDOWN] XAUAUDm bloqueado. Operación reciente detectada.
[2026-06-15 21:01:33] (Hilo: CRIPTO) Patrullando 2 activos...
[2026-06-15 21:01:33] (Hilo: CRIPTO) [COOLDOWN] BTCUSDm bloqueado. Operación reciente detectada.
[2026-06-15 21:01:33] (Hilo: FOREX) Patrullando 7 activos...
[2026-06-15 21:01:33] (Hilo: INDICES) Patrullando 3 activos...
[2026-06-15 21:01:34] (Hilo: ENERGIA) Patrullando 3 activos...
[2026-06-15 21:01:37] (Hilo: METALES) Patrullando 15 activos...
[2026-06-15 21:01:37] (Hilo: METALES) [COOLDOWN] XAUUSDm bloqueado. Operación reciente detectada.
[2026-06-15 21:01:48] (Hilo: CRIPTO) Patrullando 2 activos...
[2026-06-15 21:01:48] (Hilo: CRIPTO) [COOLDOWN] BTCUSDm bloqueado. Operación reciente detectada.
[2026-06-15 21:01:48] (Hilo: FOREX) Patrullando 7 activos...
[2026-06-15 21:01:48] (Hilo: INDICES) Patrullando 3 activos...
[2026-06-15 21:01:49] (Hilo: ENERGIA) Patrullando 3 activos...
[2026-06-15 21:01:52] (Hilo: METALES) Patrullando 15 activos...
[2026-06-15 21:01:52] (Hilo: METALES) [COOLDOWN] XAUUSDm bloqueado. Operación reciente detectada.
[2026-06-15 21:01:52] (Hilo: METALES) [COOLDOWN] XAUAUDm bloqueado. Operación reciente detectada.
[2026-06-15 21:02:03] (Hilo: CRIPTO) Patrullando 2 activos...
[2026-06-15 21:02:03] (Hilo: CRIPTO) [COOLDOWN] BTCUSDm bloqueado. Operación reciente detectada.
[2026-06-15 21:02:03] (Hilo: FOREX) Patrullando 7 activos...
[2026-06-15 21:02:03] (Hilo: INDICES) Patrullando 3 activos...
[2026-06-15 21:02:04] (Hilo: ENERGIA) Patrullando 3 activos...
[2026-06-15 21:02:07] (Hilo: METALES) Patrullando 15 activos...
[2026-06-15 21:02:07] (Hilo: METALES) [COOLDOWN] XAUUSDm bloqueado. Operación reciente detectada.
[2026-06-15 21:02:18] (Hilo: CRIPTO) Patrullando 2 activos...
[2026-06-15 21:02:18] (Hilo: CRIPTO) [COOLDOWN] BTCUSDm bloqueado. Operación reciente detectada.
[2026-06-15 21:02:18] (Hilo: FOREX) Patrullando 7 activos...
[2026-06-15 21:02:18] (Hilo: INDICES) Patrullando 3 activos...
[2026-06-15 21:02:19] (Hilo: ENERGIA) Patrullando 3 activos...
[2026-06-15 21:02:22] (Hilo: METALES) Patrullando 15 activos...
[2026-06-15 21:02:22] (Hilo: METALES) [COOLDOWN] XAUUSDm bloqueado. Operación reciente detectada.
[2026-06-15 21:03:07] (Hilo: MainThread) Inicializando motores del Quant Sniper Multi-Thread Bot...
[2026-06-15 21:03:07] (Hilo: MainThread) Conexión establecida con éxito. Desplegando hilos de trabajo...
[2026-06-15 21:03:07] (Hilo: FOREX) Fila de patrullaje activada con Firma: 1000
[2026-06-15 21:03:07] (Hilo: FOREX) Patrullando 7 activos...
[2026-06-15 21:03:07] (Hilo: METALES) Fila de patrullaje activada con Firma: 3000
[2026-06-15 21:03:07] (Hilo: CRIPTO) Fila de patrullaje activada con Firma: 2000
[2026-06-15 21:03:07] (Hilo: METALES) Patrullando 15 activos...
[2026-06-15 21:03:07] (Hilo: INDICES) Fila de patrullaje activada con Firma: 4000
[2026-06-15 21:03:07] (Hilo: CRIPTO) Patrullando 2 activos...
[2026-06-15 21:03:07] (Hilo: METALES) [COOLDOWN] XAUUSDm bloqueado. Operación reciente detectada.
[2026-06-15 21:03:07] (Hilo: ENERGIA) Fila de patrullaje activada con Firma: 5000
[2026-06-15 21:03:07] (Hilo: INDICES) Patrullando 14 activos...
[2026-06-15 21:03:07] (Hilo: ENERGIA) Patrullando 3 activos...
[2026-06-15 21:03:22] (Hilo: FOREX) Patrullando 7 activos...
[2026-06-15 21:03:22] (Hilo: CRIPTO) Patrullando 2 activos...
[2026-06-15 21:03:23] (Hilo: METALES) Patrullando 15 activos...
[2026-06-15 21:03:23] (Hilo: METALES) [COOLDOWN] XAUUSDm bloqueado. Operación reciente detectada.
[2026-06-15 21:03:23] (Hilo: ENERGIA) Patrullando 3 activos...
[2026-06-15 21:03:24] (Hilo: INDICES) Patrullando 14 activos...
[2026-06-15 21:03:37] (Hilo: FOREX) Patrullando 7 activos...
[2026-06-15 21:03:37] (Hilo: CRIPTO) Patrullando 2 activos...
[2026-06-15 21:03:38] (Hilo: METALES) Patrullando 15 activos...
[2026-06-15 21:03:38] (Hilo: METALES) [COOLDOWN] XAUUSDm bloqueado. Operación reciente detectada.
[2026-06-15 21:03:38] (Hilo: ENERGIA) Patrullando 3 activos...
[2026-06-15 21:03:39] (Hilo: INDICES) Patrullando 14 activos...
[2026-06-15 21:03:52] (Hilo: FOREX) Patrullando 7 activos...
[2026-06-15 21:03:52] (Hilo: CRIPTO) Patrullando 2 activos...
[2026-06-15 21:03:53] (Hilo: METALES) Patrullando 15 activos...
[2026-06-15 21:03:53] (Hilo: METALES) [COOLDOWN] XAUUSDm bloqueado. Operación reciente detectada.
[2026-06-15 21:03:53] (Hilo: ENERGIA) Patrullando 3 activos...
[2026-06-15 21:03:54] (Hilo: INDICES) Patrullando 14 activos...
[2026-06-15 21:04:07] (Hilo: CRIPTO) Patrullando 2 activos...
[2026-06-15 21:04:07] (Hilo: FOREX) Patrullando 7 activos...
[2026-06-15 21:04:08] (Hilo: METALES) Patrullando 15 activos...
[2026-06-15 21:04:08] (Hilo: METALES) [COOLDOWN] XAUUSDm bloqueado. Operación reciente detectada.
[2026-06-15 21:04:08] (Hilo: ENERGIA) Patrullando 3 activos...
[2026-06-15 21:04:09] (Hilo: INDICES) Patrullando 14 activos...
[2026-06-15 21:04:22] (Hilo: CRIPTO) Patrullando 2 activos...
[2026-06-15 21:04:22] (Hilo: FOREX) Patrullando 7 activos...
[2026-06-15 21:04:23] (Hilo: METALES) Patrullando 15 activos...
[2026-06-15 21:04:23] (Hilo: METALES) [COOLDOWN] XAUUSDm bloqueado. Operación reciente detectada.
[2026-06-15 21:04:23] (Hilo: ENERGIA) Patrullando 3 activos...
[2026-06-15 21:04:24] (Hilo: INDICES) Patrullando 14 activos...
[2026-06-15 21:04:37] (Hilo: CRIPTO) Patrullando 2 activos...
[2026-06-15 21:04:37] (Hilo: FOREX) Patrullando 7 activos...
[2026-06-15 21:04:38] (Hilo: METALES) Patrullando 15 activos...
[2026-06-15 21:04:38] (Hilo: METALES) [COOLDOWN] XAUUSDm bloqueado. Operación reciente detectada.
[2026-06-15 21:04:38] (Hilo: ENERGIA) Patrullando 3 activos...
[2026-06-15 21:04:39] (Hilo: INDICES) Patrullando 14 activos...
[2026-06-15 21:04:52] (Hilo: CRIPTO) Patrullando 2 activos...
[2026-06-15 21:04:52] (Hilo: FOREX) Patrullando 7 activos...
[2026-06-15 21:04:53] (Hilo: METALES) Patrullando 15 activos...
[2026-06-15 21:04:53] (Hilo: METALES) [COOLDOWN] XAUUSDm bloqueado. Operación reciente detectada.
[2026-06-15 21:04:53] (Hilo: ENERGIA) Patrullando 3 activos...
[2026-06-15 21:04:54] (Hilo: INDICES) Patrullando 14 activos...
[2026-06-15 21:05:07] (Hilo: CRIPTO) Patrullando 2 activos...
[2026-06-15 21:05:07] (Hilo: CRIPTO) [COOLDOWN] BTCUSDm bloqueado. Operación reciente detectada.
[2026-06-15 21:05:07] (Hilo: FOREX) Patrullando 7 activos...
[2026-06-15 21:05:08] (Hilo: METALES) Patrullando 15 activos...
[2026-06-15 21:05:08] (Hilo: METALES) [COOLDOWN] XAUUSDm bloqueado. Operación reciente detectada.
[2026-06-15 21:05:08] (Hilo: ENERGIA) Patrullando 3 activos...
[2026-06-15 21:05:09] (Hilo: INDICES) Patrullando 14 activos...
[2026-06-15 21:05:22] (Hilo: CRIPTO) Patrullando 2 activos...
[2026-06-15 21:05:22] (Hilo: CRIPTO) [COOLDOWN] BTCUSDm bloqueado. Operación reciente detectada.
[2026-06-15 21:05:22] (Hilo: FOREX) Patrullando 7 activos...
[2026-06-15 21:05:23] (Hilo: METALES) Patrullando 15 activos...
[2026-06-15 21:05:23] (Hilo: METALES) [COOLDOWN] XAUUSDm bloqueado. Operación reciente detectada.
[2026-06-15 21:05:23] (Hilo: ENERGIA) Patrullando 3 activos...
[2026-06-15 21:05:24] (Hilo: INDICES) Patrullando 14 activos...
[2026-06-15 21:05:37] (Hilo: CRIPTO) Patrullando 2 activos...
[2026-06-15 21:05:37] (Hilo: FOREX) Patrullando 7 activos...
[2026-06-15 21:05:38] (Hilo: METALES) Patrullando 15 activos...
[2026-06-15 21:05:38] (Hilo: METALES) [COOLDOWN] XAUUSDm bloqueado. Operación reciente detectada.
[2026-06-15 21:05:38] (Hilo: ENERGIA) Patrullando 3 activos...
[2026-06-15 21:05:39] (Hilo: INDICES) Patrullando 14 activos...
[2026-06-15 21:05:52] (Hilo: CRIPTO) Patrullando 2 activos...
[2026-06-15 21:05:52] (Hilo: CRIPTO) [COOLDOWN] BTCUSDm bloqueado. Operación reciente detectada.
[2026-06-15 21:05:52] (Hilo: FOREX) Patrullando 7 activos...
[2026-06-15 21:05:53] (Hilo: METALES) Patrullando 15 activos...
[2026-06-15 21:05:53] (Hilo: METALES) [COOLDOWN] XAUUSDm bloqueado. Operación reciente detectada.
[2026-06-15 21:05:53] (Hilo: ENERGIA) Patrullando 3 activos...
[2026-06-15 21:05:54] (Hilo: INDICES) Patrullando 14 activos...
[2026-06-15 21:06:07] (Hilo: CRIPTO) Patrullando 2 activos...
[2026-06-15 21:06:07] (Hilo: CRIPTO) [COOLDOWN] BTCUSDm bloqueado. Operación reciente detectada.
[2026-06-15 21:06:08] (Hilo: FOREX) Patrullando 7 activos...
[2026-06-15 21:06:08] (Hilo: ENERGIA) Patrullando 3 activos...
[2026-06-15 21:06:08] (Hilo: METALES) Patrullando 15 activos...
[2026-06-15 21:06:09] (Hilo: INDICES) Patrullando 14 activos...
[2026-06-15 21:06:22] (Hilo: CRIPTO) Patrullando 2 activos...
[2026-06-15 21:06:22] (Hilo: CRIPTO) [COOLDOWN] BTCUSDm bloqueado. Operación reciente detectada.
[2026-06-15 21:06:23] (Hilo: FOREX) Patrullando 7 activos...
[2026-06-15 21:06:23] (Hilo: ENERGIA) Patrullando 3 activos...
[2026-06-15 21:06:23] (Hilo: METALES) Patrullando 15 activos...
[2026-06-15 21:06:24] (Hilo: INDICES) Patrullando 14 activos...
[2026-06-15 21:06:37] (Hilo: CRIPTO) Patrullando 2 activos...
[2026-06-15 21:06:37] (Hilo: CRIPTO) [COOLDOWN] BTCUSDm bloqueado. Operación reciente detectada.
[2026-06-15 21:06:38] (Hilo: FOREX) Patrullando 7 activos...
[2026-06-15 21:06:38] (Hilo: ENERGIA) Patrullando 3 activos...
[2026-06-15 21:06:38] (Hilo: METALES) Patrullando 15 activos...
[2026-06-15 21:06:38] (Hilo: METALES) [COOLDOWN] XAUAUDm bloqueado. Operación reciente detectada.
[2026-06-15 21:06:39] (Hilo: INDICES) Patrullando 14 activos...
[2026-06-15 21:06:52] (Hilo: CRIPTO) Patrullando 2 activos...
[2026-06-15 21:06:52] (Hilo: CRIPTO) [COOLDOWN] BTCUSDm bloqueado. Operación reciente detectada.
[2026-06-15 21:06:53] (Hilo: FOREX) Patrullando 7 activos...
[2026-06-15 21:06:53] (Hilo: ENERGIA) Patrullando 3 activos...
[2026-06-15 21:06:53] (Hilo: METALES) Patrullando 15 activos...
[2026-06-15 21:06:53] (Hilo: METALES) [COOLDOWN] XAUAUDm bloqueado. Operación reciente detectada.
[2026-06-15 21:06:54] (Hilo: INDICES) Patrullando 14 activos...
[2026-06-15 21:07:07] (Hilo: CRIPTO) Patrullando 2 activos...
[2026-06-15 21:07:07] (Hilo: CRIPTO) [COOLDOWN] BTCUSDm bloqueado. Operación reciente detectada.
[2026-06-15 21:07:08] (Hilo: FOREX) Patrullando 7 activos...
[2026-06-15 21:07:08] (Hilo: ENERGIA) Patrullando 3 activos...
[2026-06-15 21:07:08] (Hilo: METALES) Patrullando 15 activos...
[2026-06-15 21:07:08] (Hilo: METALES) [COOLDOWN] XAUAUDm bloqueado. Operación reciente detectada.
[2026-06-15 21:07:09] (Hilo: INDICES) Patrullando 14 activos...
[2026-06-15 21:07:22] (Hilo: CRIPTO) Patrullando 2 activos...
[2026-06-15 21:07:23] (Hilo: FOREX) Patrullando 7 activos...
[2026-06-15 21:07:23] (Hilo: ENERGIA) Patrullando 3 activos...
[2026-06-15 21:07:23] (Hilo: METALES) Patrullando 15 activos...
[2026-06-15 21:07:23] (Hilo: METALES) [COOLDOWN] XAUAUDm bloqueado. Operación reciente detectada.
[2026-06-15 21:07:24] (Hilo: INDICES) Patrullando 14 activos...
[2026-06-15 21:07:37] (Hilo: CRIPTO) Patrullando 2 activos...
[2026-06-15 21:07:38] (Hilo: FOREX) Patrullando 7 activos...
[2026-06-15 21:07:38] (Hilo: ENERGIA) Patrullando 3 activos...
[2026-06-15 21:07:38] (Hilo: METALES) Patrullando 15 activos...
[2026-06-15 21:07:38] (Hilo: METALES) [COOLDOWN] XAUAUDm bloqueado. Operación reciente detectada.
[2026-06-15 21:07:39] (Hilo: INDICES) Patrullando 14 activos...
[2026-06-15 21:07:52] (Hilo: CRIPTO) Patrullando 2 activos...
[2026-06-15 21:07:53] (Hilo: FOREX) Patrullando 7 activos...
[2026-06-15 21:07:53] (Hilo: ENERGIA) Patrullando 3 activos...
[2026-06-15 21:07:53] (Hilo: METALES) Patrullando 15 activos...
[2026-06-15 21:07:53] (Hilo: METALES) [COOLDOWN] XAUAUDm bloqueado. Operación reciente detectada.
[2026-06-15 21:07:54] (Hilo: INDICES) Patrullando 14 activos...
[2026-06-15 21:08:07] (Hilo: CRIPTO) Patrullando 2 activos...
[2026-06-15 21:08:08] (Hilo: FOREX) Patrullando 7 activos...
[2026-06-15 21:08:08] (Hilo: ENERGIA) Patrullando 3 activos...
[2026-06-15 21:08:08] (Hilo: METALES) Patrullando 15 activos...
[2026-06-15 21:08:08] (Hilo: METALES) [COOLDOWN] XAUAUDm bloqueado. Operación reciente detectada.
[2026-06-15 21:08:09] (Hilo: INDICES) Patrullando 14 activos...
[2026-06-15 21:08:22] (Hilo: CRIPTO) Patrullando 2 activos...
[2026-06-15 21:08:23] (Hilo: FOREX) Patrullando 7 activos...
[2026-06-15 21:08:23] (Hilo: ENERGIA) Patrullando 3 activos...
[2026-06-15 21:08:24] (Hilo: METALES) Patrullando 15 activos...
[2026-06-15 21:08:24] (Hilo: METALES) [COOLDOWN] XAUAUDm bloqueado. Operación reciente detectada.
[2026-06-15 21:08:24] (Hilo: INDICES) Patrullando 14 activos...
[2026-06-15 21:08:37] (Hilo: CRIPTO) Patrullando 2 activos...
[2026-06-15 21:08:37] (Hilo: CRIPTO) [COOLDOWN] BTCUSDm bloqueado. Operación reciente detectada.
[2026-06-15 21:08:38] (Hilo: FOREX) Patrullando 7 activos...
[2026-06-15 21:08:38] (Hilo: ENERGIA) Patrullando 3 activos...
[2026-06-15 21:08:39] (Hilo: METALES) Patrullando 15 activos...
[2026-06-15 21:08:39] (Hilo: METALES) [COOLDOWN] XAUAUDm bloqueado. Operación reciente detectada.
[2026-06-15 21:08:40] (Hilo: INDICES) Patrullando 14 activos...
[2026-06-15 21:08:52] (Hilo: CRIPTO) Patrullando 2 activos...
[2026-06-15 21:08:53] (Hilo: FOREX) Patrullando 7 activos...
[2026-06-15 21:08:53] (Hilo: ENERGIA) Patrullando 3 activos...
[2026-06-15 21:08:54] (Hilo: METALES) Patrullando 15 activos...
[2026-06-15 21:08:54] (Hilo: METALES) [COOLDOWN] XAUAUDm bloqueado. Operación reciente detectada.
[2026-06-15 21:08:55] (Hilo: INDICES) Patrullando 14 activos...
[2026-06-15 21:09:07] (Hilo: CRIPTO) Patrullando 2 activos...
[2026-06-15 21:09:07] (Hilo: CRIPTO) [COOLDOWN] BTCUSDm bloqueado. Operación reciente detectada.
[2026-06-15 21:09:08] (Hilo: FOREX) Patrullando 7 activos...
[2026-06-15 21:09:08] (Hilo: ENERGIA) Patrullando 3 activos...
[2026-06-15 21:09:09] (Hilo: METALES) Patrullando 15 activos...
[2026-06-15 21:09:09] (Hilo: METALES) [COOLDOWN] XAUAUDm bloqueado. Operación reciente detectada.
[2026-06-15 21:09:10] (Hilo: INDICES) Patrullando 14 activos...
[2026-06-15 21:09:22] (Hilo: CRIPTO) Patrullando 2 activos...
[2026-06-15 21:09:22] (Hilo: CRIPTO) [COOLDOWN] BTCUSDm bloqueado. Operación reciente detectada.
[2026-06-15 21:09:23] (Hilo: FOREX) Patrullando 7 activos...
[2026-06-15 21:09:23] (Hilo: ENERGIA) Patrullando 3 activos...
[2026-06-15 21:09:24] (Hilo: METALES) Patrullando 15 activos...
[2026-06-15 21:09:24] (Hilo: METALES) [COOLDOWN] XAUAUDm bloqueado. Operación reciente detectada.
[2026-06-15 21:09:25] (Hilo: INDICES) Patrullando 14 activos...
[2026-06-15 21:09:37] (Hilo: CRIPTO) Patrullando 2 activos...
[2026-06-15 21:09:37] (Hilo: CRIPTO) [COOLDOWN] BTCUSDm bloqueado. Operación reciente detectada.
[2026-06-15 21:09:38] (Hilo: FOREX) Patrullando 7 activos...
[2026-06-15 21:09:38] (Hilo: ENERGIA) Patrullando 3 activos...
[2026-06-15 21:09:39] (Hilo: METALES) Patrullando 15 activos...
[2026-06-15 21:09:39] (Hilo: METALES) [COOLDOWN] XAUAUDm bloqueado. Operación reciente detectada.
[2026-06-15 21:09:40] (Hilo: INDICES) Patrullando 14 activos...
[2026-06-15 21:09:52] (Hilo: CRIPTO) Patrullando 2 activos...
[2026-06-15 21:09:52] (Hilo: CRIPTO) [COOLDOWN] BTCUSDm bloqueado. Operación reciente detectada.
[2026-06-15 21:09:53] (Hilo: FOREX) Patrullando 7 activos...
[2026-06-15 21:09:53] (Hilo: ENERGIA) Patrullando 3 activos...
[2026-06-15 21:09:54] (Hilo: METALES) Patrullando 15 activos...
[2026-06-15 21:09:54] (Hilo: METALES) [COOLDOWN] XAUAUDm bloqueado. Operación reciente detectada.
[2026-06-15 21:09:55] (Hilo: INDICES) Patrullando 14 activos...
[2026-06-15 21:10:07] (Hilo: CRIPTO) Patrullando 2 activos...
[2026-06-15 21:10:07] (Hilo: CRIPTO) [COOLDOWN] BTCUSDm bloqueado. Operación reciente detectada.
[2026-06-15 21:10:08] (Hilo: FOREX) Patrullando 7 activos...
[2026-06-15 21:10:08] (Hilo: ENERGIA) Patrullando 3 activos...
[2026-06-15 21:10:09] (Hilo: METALES) Patrullando 15 activos...
[2026-06-15 21:10:09] (Hilo: METALES) [COOLDOWN] XAUAUDm bloqueado. Operación reciente detectada.
[2026-06-15 21:10:10] (Hilo: INDICES) Patrullando 14 activos...
[2026-06-15 21:10:22] (Hilo: CRIPTO) Patrullando 2 activos...
[2026-06-15 21:10:22] (Hilo: CRIPTO) [COOLDOWN] BTCUSDm bloqueado. Operación reciente detectada.
[2026-06-15 21:10:23] (Hilo: FOREX) Patrullando 7 activos...
[2026-06-15 21:10:23] (Hilo: ENERGIA) Patrullando 3 activos...
[2026-06-15 21:10:24] (Hilo: METALES) Patrullando 15 activos...
[2026-06-15 21:10:24] (Hilo: METALES) [COOLDOWN] XAUAUDm bloqueado. Operación reciente detectada.
[2026-06-15 21:10:25] (Hilo: INDICES) Patrullando 14 activos...
[2026-06-15 21:10:37] (Hilo: CRIPTO) Patrullando 2 activos...
[2026-06-15 21:10:37] (Hilo: CRIPTO) [COOLDOWN] BTCUSDm bloqueado. Operación reciente detectada.
[2026-06-15 21:10:38] (Hilo: FOREX) Patrullando 7 activos...
[2026-06-15 21:10:38] (Hilo: ENERGIA) Patrullando 3 activos...
[2026-06-15 21:10:39] (Hilo: METALES) Patrullando 15 activos...
[2026-06-15 21:10:39] (Hilo: METALES) [COOLDOWN] XAUAUDm bloqueado. Operación reciente detectada.
[2026-06-15 21:10:40] (Hilo: INDICES) Patrullando 14 activos...
[2026-06-15 21:10:52] (Hilo: CRIPTO) Patrullando 2 activos...
[2026-06-15 21:10:52] (Hilo: CRIPTO) [COOLDOWN] BTCUSDm bloqueado. Operación reciente detectada.
[2026-06-15 21:10:53] (Hilo: FOREX) Patrullando 7 activos...
[2026-06-15 21:10:53] (Hilo: ENERGIA) Patrullando 3 activos...
[2026-06-15 21:10:54] (Hilo: METALES) Patrullando 15 activos...
[2026-06-15 21:10:54] (Hilo: METALES) [COOLDOWN] XAUAUDm bloqueado. Operación reciente detectada.
[2026-06-15 21:10:55] (Hilo: INDICES) Patrullando 14 activos...
[2026-06-15 21:11:07] (Hilo: CRIPTO) Patrullando 2 activos...
[2026-06-15 21:11:07] (Hilo: CRIPTO) [COOLDOWN] BTCUSDm bloqueado. Operación reciente detectada.
[2026-06-15 21:12:43] (Hilo: MainThread) Inicializando motores del Quant Sniper Multi-Thread Bot...
[2026-06-15 21:12:43] (Hilo: MainThread) Conexión establecida con éxito. Desplegando hilos de trabajo...
[2026-06-15 21:12:43] (Hilo: FOREX) Fila de patrullaje activada con Firma: 1000
[2026-06-15 21:12:43] (Hilo: FOREX) Patrullando 7 activos...
[2026-06-15 21:12:43] (Hilo: METALES) Fila de patrullaje activada con Firma: 3000
[2026-06-15 21:12:43] (Hilo: CRIPTO) Fila de patrullaje activada con Firma: 2000
[2026-06-15 21:12:43] (Hilo: METALES) Patrullando 15 activos...
[2026-06-15 21:12:43] (Hilo: INDICES) Fila de patrullaje activada con Firma: 4000
[2026-06-15 21:12:43] (Hilo: METALES) [COOLDOWN] XAUAUDm bloqueado. Operación reciente detectada.
[2026-06-15 21:12:43] (Hilo: CRIPTO) Patrullando 2 activos...
[2026-06-15 21:12:43] (Hilo: ENERGIA) Fila de patrullaje activada con Firma: 5000
[2026-06-15 21:12:43] (Hilo: INDICES) Patrullando 14 activos...
[2026-06-15 21:12:43] (Hilo: CRIPTO) [COOLDOWN] BTCUSDm bloqueado. Operación reciente detectada.
[2026-06-15 21:12:43] (Hilo: ENERGIA) Patrullando 3 activos...
[2026-06-15 21:12:58] (Hilo: FOREX) Patrullando 7 activos...
[2026-06-15 21:12:58] (Hilo: METALES) Patrullando 15 activos...
[2026-06-15 21:12:58] (Hilo: METALES) [COOLDOWN] XAUAUDm bloqueado. Operación reciente detectada.
[2026-06-15 21:12:58] (Hilo: CRIPTO) Patrullando 2 activos...
[2026-06-15 21:12:58] (Hilo: CRIPTO) [COOLDOWN] BTCUSDm bloqueado. Operación reciente detectada.
[2026-06-15 21:12:58] (Hilo: ENERGIA) Patrullando 3 activos...
[2026-06-15 21:12:58] (Hilo: INDICES) Patrullando 14 activos...
[2026-06-15 21:13:13] (Hilo: FOREX) Patrullando 7 activos...
[2026-06-15 21:13:13] (Hilo: CRIPTO) Patrullando 2 activos...
[2026-06-15 21:13:13] (Hilo: CRIPTO) [COOLDOWN] BTCUSDm bloqueado. Operación reciente detectada.
[2026-06-15 21:13:13] (Hilo: METALES) Patrullando 15 activos...
[2026-06-15 21:13:13] (Hilo: METALES) [COOLDOWN] XAUAUDm bloqueado. Operación reciente detectada.
[2026-06-15 21:13:13] (Hilo: ENERGIA) Patrullando 3 activos...
[2026-06-15 21:13:13] (Hilo: INDICES) Patrullando 14 activos...
[2026-06-15 21:13:28] (Hilo: FOREX) Patrullando 7 activos...
[2026-06-15 21:13:28] (Hilo: CRIPTO) Patrullando 2 activos...
[2026-06-15 21:13:28] (Hilo: CRIPTO) [COOLDOWN] BTCUSDm bloqueado. Operación reciente detectada.
[2026-06-15 21:13:28] (Hilo: ENERGIA) Patrullando 3 activos...
[2026-06-15 21:13:28] (Hilo: METALES) Patrullando 15 activos...
[2026-06-15 21:13:28] (Hilo: METALES) [COOLDOWN] XAUAUDm bloqueado. Operación reciente detectada.
[2026-06-15 21:13:28] (Hilo: INDICES) Patrullando 14 activos...
[2026-06-15 21:13:43] (Hilo: FOREX) Patrullando 7 activos...
[2026-06-15 21:13:43] (Hilo: CRIPTO) Patrullando 2 activos...
[2026-06-15 21:13:43] (Hilo: CRIPTO) [COOLDOWN] BTCUSDm bloqueado. Operación reciente detectada.
[2026-06-15 21:13:43] (Hilo: ENERGIA) Patrullando 3 activos...
[2026-06-15 21:13:43] (Hilo: METALES) Patrullando 15 activos...
[2026-06-15 21:13:43] (Hilo: METALES) [COOLDOWN] XAUAUDm bloqueado. Operación reciente detectada.
[2026-06-15 21:13:43] (Hilo: INDICES) Patrullando 14 activos...
[2026-06-15 21:13:58] (Hilo: FOREX) Patrullando 7 activos...
[2026-06-15 21:13:58] (Hilo: CRIPTO) Patrullando 2 activos...
[2026-06-15 21:13:58] (Hilo: CRIPTO) [COOLDOWN] BTCUSDm bloqueado. Operación reciente detectada.
[2026-06-15 21:13:58] (Hilo: ENERGIA) Patrullando 3 activos...
[2026-06-15 21:13:58] (Hilo: INDICES) Patrullando 14 activos...
[2026-06-15 21:13:58] (Hilo: METALES) Patrullando 15 activos...
[2026-06-15 21:13:58] (Hilo: METALES) [COOLDOWN] XAUAUDm bloqueado. Operación reciente detectada.
[2026-06-15 21:14:13] (Hilo: CRIPTO) Patrullando 2 activos...
[2026-06-15 21:14:13] (Hilo: CRIPTO) [COOLDOWN] BTCUSDm bloqueado. Operación reciente detectada.
[2026-06-15 21:14:13] (Hilo: FOREX) Patrullando 7 activos...
[2026-06-15 21:14:13] (Hilo: ENERGIA) Patrullando 3 activos...
[2026-06-15 21:14:13] (Hilo: INDICES) Patrullando 14 activos...
[2026-06-15 21:14:13] (Hilo: METALES) Patrullando 15 activos...
[2026-06-15 21:14:13] (Hilo: METALES) [COOLDOWN] XAUAUDm bloqueado. Operación reciente detectada.
[2026-06-15 21:14:28] (Hilo: CRIPTO) Patrullando 2 activos...
[2026-06-15 21:14:28] (Hilo: CRIPTO) [COOLDOWN] BTCUSDm bloqueado. Operación reciente detectada.
[2026-06-15 21:14:28] (Hilo: FOREX) Patrullando 7 activos...
[2026-06-15 21:14:28] (Hilo: ENERGIA) Patrullando 3 activos...
[2026-06-15 21:14:28] (Hilo: INDICES) Patrullando 14 activos...
[2026-06-15 21:14:28] (Hilo: METALES) Patrullando 15 activos...
[2026-06-15 21:14:28] (Hilo: METALES) [COOLDOWN] XAUAUDm bloqueado. Operación reciente detectada.
[2026-06-15 21:14:43] (Hilo: CRIPTO) Patrullando 2 activos...
[2026-06-15 21:14:43] (Hilo: CRIPTO) [COOLDOWN] BTCUSDm bloqueado. Operación reciente detectada.
[2026-06-15 21:14:43] (Hilo: FOREX) Patrullando 7 activos...
[2026-06-15 21:14:43] (Hilo: ENERGIA) Patrullando 3 activos...
[2026-06-15 21:14:43] (Hilo: INDICES) Patrullando 14 activos...
[2026-06-15 21:14:43] (Hilo: METALES) Patrullando 15 activos...
[2026-06-15 21:14:43] (Hilo: METALES) [COOLDOWN] XAUAUDm bloqueado. Operación reciente detectada.
[2026-06-15 21:14:58] (Hilo: CRIPTO) Patrullando 2 activos...
[2026-06-15 21:14:58] (Hilo: CRIPTO) [COOLDOWN] BTCUSDm bloqueado. Operación reciente detectada.
[2026-06-15 21:14:58] (Hilo: FOREX) Patrullando 7 activos...
[2026-06-15 21:14:58] (Hilo: ENERGIA) Patrullando 3 activos...
[2026-06-15 21:14:58] (Hilo: INDICES) Patrullando 14 activos...
[2026-06-15 21:14:58] (Hilo: METALES) Patrullando 15 activos...
[2026-06-15 21:14:58] (Hilo: METALES) [COOLDOWN] XAUAUDm bloqueado. Operación reciente detectada.
[2026-06-15 21:15:13] (Hilo: CRIPTO) Patrullando 2 activos...
[2026-06-15 21:15:13] (Hilo: CRIPTO) [COOLDOWN] BTCUSDm bloqueado. Operación reciente detectada.
[2026-06-15 21:15:13] (Hilo: FOREX) Patrullando 7 activos...
[2026-06-15 21:15:13] (Hilo: ENERGIA) Patrullando 3 activos...
[2026-06-15 21:15:13] (Hilo: INDICES) Patrullando 14 activos...
[2026-06-15 21:17:21] (Hilo: MainThread) Inicializando motores del Quant Sniper Multi-Thread Bot...
[2026-06-15 21:17:21] (Hilo: MainThread) Conexión establecida con éxito. Desplegando hilos de trabajo...
[2026-06-15 21:17:21] (Hilo: FOREX) Fila de patrullaje activada con Firma: 1000
[2026-06-15 21:17:21] (Hilo: FOREX) Patrullando 7 activos...
[2026-06-15 21:17:21] (Hilo: METALES) Fila de patrullaje activada con Firma: 3000
[2026-06-15 21:17:21] (Hilo: CRIPTO) Fila de patrullaje activada con Firma: 2000
[2026-06-15 21:17:21] (Hilo: METALES) Patrullando 15 activos...
[2026-06-15 21:17:21] (Hilo: INDICES) Fila de patrullaje activada con Firma: 4000
[2026-06-15 21:17:21] (Hilo: ENERGIA) Fila de patrullaje activada con Firma: 5000
[2026-06-15 21:17:21] (Hilo: CRIPTO) Patrullando 2 activos...
[2026-06-15 21:17:21] (Hilo: INDICES) Patrullando 14 activos...
[2026-06-15 21:17:21] (Hilo: METALES) [COOLDOWN] XAUAUDm bloqueado. Operación reciente detectada.
[2026-06-15 21:17:21] (Hilo: CRIPTO) [COOLDOWN] BTCUSDm bloqueado. Operación reciente detectada.
[2026-06-15 21:17:21] (Hilo: ACCIONES) Fila de patrullaje activada con Firma: 6000
[2026-06-15 21:17:21] (Hilo: ENERGIA) Patrullando 3 activos...
[2026-06-15 21:17:21] (Hilo: ACCIONES) Patrullando 91 activos...
[2026-06-15 21:17:36] (Hilo: FOREX) Patrullando 7 activos...
[2026-06-15 21:17:36] (Hilo: CRIPTO) Patrullando 2 activos...
[2026-06-15 21:17:36] (Hilo: INDICES) Patrullando 14 activos...
[2026-06-15 21:17:36] (Hilo: ENERGIA) Patrullando 3 activos...
[2026-06-15 21:17:37] (Hilo: METALES) Patrullando 15 activos...
[2026-06-15 21:17:37] (Hilo: CRIPTO) [COOLDOWN] BTCUSDm bloqueado. Operación reciente detectada.
[2026-06-15 21:17:38] (Hilo: METALES) [COOLDOWN] XAUAUDm bloqueado. Operación reciente detectada.
[2026-06-15 21:17:52] (Hilo: FOREX) Patrullando 7 activos...
[2026-06-15 21:17:54] (Hilo: CRIPTO) Patrullando 2 activos...
[2026-06-15 21:17:54] (Hilo: CRIPTO) [COOLDOWN] BTCUSDm bloqueado. Operación reciente detectada.
[2026-06-15 21:17:54] (Hilo: INDICES) Patrullando 14 activos...
[2026-06-15 21:17:54] (Hilo: ENERGIA) Patrullando 3 activos...
[2026-06-15 21:17:54] (Hilo: METALES) Patrullando 15 activos...
[2026-06-15 21:17:54] (Hilo: METALES) [COOLDOWN] XAUAUDm bloqueado. Operación reciente detectada.
[2026-06-15 21:17:56] (Hilo: ACCIONES) Patrullando 91 activos...
[2026-06-15 21:18:07] (Hilo: FOREX) Patrullando 7 activos...
[2026-06-15 21:18:09] (Hilo: CRIPTO) Patrullando 2 activos...
[2026-06-15 21:18:09] (Hilo: CRIPTO) [COOLDOWN] BTCUSDm bloqueado. Operación reciente detectada.
[2026-06-15 21:18:09] (Hilo: INDICES) Patrullando 14 activos...
[2026-06-15 21:18:09] (Hilo: ENERGIA) Patrullando 3 activos...
[2026-06-15 21:18:09] (Hilo: METALES) Patrullando 15 activos...
[2026-06-15 21:18:09] (Hilo: METALES) [COOLDOWN] XAUAUDm bloqueado. Operación reciente detectada.
[2026-06-15 21:18:11] (Hilo: ACCIONES) Patrullando 91 activos...
[2026-06-15 21:18:22] (Hilo: FOREX) Patrullando 7 activos...
[2026-06-15 21:18:24] (Hilo: CRIPTO) Patrullando 2 activos...
[2026-06-15 21:18:24] (Hilo: CRIPTO) [COOLDOWN] BTCUSDm bloqueado. Operación reciente detectada.
[2026-06-15 21:18:24] (Hilo: INDICES) Patrullando 14 activos...
[2026-06-15 21:18:24] (Hilo: ENERGIA) Patrullando 3 activos...
[2026-06-15 21:18:24] (Hilo: METALES) Patrullando 15 activos...
[2026-06-15 21:18:24] (Hilo: METALES) [COOLDOWN] XAUAUDm bloqueado. Operación reciente detectada.
[2026-06-15 21:18:27] (Hilo: ACCIONES) Patrullando 91 activos...
[2026-06-15 21:18:37] (Hilo: FOREX) Patrullando 7 activos...
[2026-06-15 21:18:39] (Hilo: CRIPTO) Patrullando 2 activos...
[2026-06-15 21:18:39] (Hilo: CRIPTO) [COOLDOWN] BTCUSDm bloqueado. Operación reciente detectada.
[2026-06-15 21:18:39] (Hilo: INDICES) Patrullando 14 activos...
[2026-06-15 21:18:39] (Hilo: ENERGIA) Patrullando 3 activos...
[2026-06-15 21:18:39] (Hilo: METALES) Patrullando 15 activos...
[2026-06-15 21:18:39] (Hilo: METALES) [COOLDOWN] XAUAUDm bloqueado. Operación reciente detectada.
[2026-06-15 21:18:42] (Hilo: ACCIONES) Patrullando 91 activos...
[2026-06-15 21:18:52] (Hilo: FOREX) Patrullando 7 activos...
[2026-06-15 21:18:54] (Hilo: CRIPTO) Patrullando 2 activos...
[2026-06-15 21:18:54] (Hilo: CRIPTO) [COOLDOWN] BTCUSDm bloqueado. Operación reciente detectada.
[2026-06-15 21:18:54] (Hilo: INDICES) Patrullando 14 activos...
[2026-06-15 21:18:54] (Hilo: ENERGIA) Patrullando 3 activos...
[2026-06-15 21:18:54] (Hilo: METALES) Patrullando 15 activos...
[2026-06-15 21:18:54] (Hilo: METALES) [COOLDOWN] XAUAUDm bloqueado. Operación reciente detectada.
[2026-06-15 21:18:57] (Hilo: ACCIONES) Patrullando 91 activos...
[2026-06-15 21:19:07] (Hilo: FOREX) Patrullando 7 activos...
[2026-06-15 21:19:09] (Hilo: CRIPTO) Patrullando 2 activos...
[2026-06-15 21:19:09] (Hilo: CRIPTO) [COOLDOWN] BTCUSDm bloqueado. Operación reciente detectada.
[2026-06-15 21:19:09] (Hilo: INDICES) Patrullando 14 activos...
[2026-06-15 21:19:09] (Hilo: ENERGIA) Patrullando 3 activos...
[2026-06-15 21:19:09] (Hilo: METALES) Patrullando 15 activos...
[2026-06-15 21:19:09] (Hilo: METALES) [COOLDOWN] XAUAUDm bloqueado. Operación reciente detectada.
[2026-06-15 21:19:12] (Hilo: ACCIONES) Patrullando 91 activos...
[2026-06-15 21:19:22] (Hilo: FOREX) Patrullando 7 activos...
[2026-06-15 21:19:24] (Hilo: CRIPTO) Patrullando 2 activos...
[2026-06-15 21:19:24] (Hilo: CRIPTO) [COOLDOWN] BTCUSDm bloqueado. Operación reciente detectada.
[2026-06-15 21:19:24] (Hilo: INDICES) Patrullando 14 activos...
[2026-06-15 21:19:24] (Hilo: ENERGIA) Patrullando 3 activos...
[2026-06-15 21:19:25] (Hilo: METALES) Patrullando 15 activos...
[2026-06-15 21:19:25] (Hilo: METALES) [COOLDOWN] XAUAUDm bloqueado. Operación reciente detectada.
[2026-06-15 21:19:27] (Hilo: ACCIONES) Patrullando 91 activos...
[2026-06-15 21:19:37] (Hilo: FOREX) Patrullando 7 activos...
[2026-06-15 21:19:39] (Hilo: CRIPTO) Patrullando 2 activos...
[2026-06-15 21:19:39] (Hilo: CRIPTO) [COOLDOWN] BTCUSDm bloqueado. Operación reciente detectada.
[2026-06-15 21:19:39] (Hilo: INDICES) Patrullando 14 activos...
[2026-06-15 21:19:39] (Hilo: ENERGIA) Patrullando 3 activos...
[2026-06-15 21:19:40] (Hilo: METALES) Patrullando 15 activos...
[2026-06-15 21:19:40] (Hilo: METALES) [COOLDOWN] XAUAUDm bloqueado. Operación reciente detectada.
[2026-06-15 21:19:43] (Hilo: ACCIONES) Patrullando 91 activos...
[2026-06-15 21:19:52] (Hilo: FOREX) Patrullando 7 activos...
[2026-06-15 21:19:52] (Hilo: FOREX) [COOLDOWN] GBPUSDm bloqueado. Operación reciente detectada.
[2026-06-15 21:19:54] (Hilo: CRIPTO) Patrullando 2 activos...
[2026-06-15 21:19:54] (Hilo: CRIPTO) [COOLDOWN] BTCUSDm bloqueado. Operación reciente detectada.
[2026-06-15 21:19:54] (Hilo: INDICES) Patrullando 14 activos...
[2026-06-15 21:19:54] (Hilo: ENERGIA) Patrullando 3 activos...
[2026-06-15 21:19:55] (Hilo: METALES) Patrullando 15 activos...
[2026-06-15 21:19:55] (Hilo: METALES) [COOLDOWN] XAUAUDm bloqueado. Operación reciente detectada.
[2026-06-15 21:19:58] (Hilo: ACCIONES) Patrullando 91 activos...
[2026-06-15 21:20:07] (Hilo: FOREX) Patrullando 7 activos...
[2026-06-15 21:20:07] (Hilo: FOREX) [COOLDOWN] GBPUSDm bloqueado. Operación reciente detectada.
[2026-06-15 21:20:09] (Hilo: CRIPTO) Patrullando 2 activos...
[2026-06-15 21:20:09] (Hilo: CRIPTO) [COOLDOWN] BTCUSDm bloqueado. Operación reciente detectada.
[2026-06-15 21:20:09] (Hilo: ENERGIA) Patrullando 3 activos...
[2026-06-15 21:20:09] (Hilo: INDICES) Patrullando 14 activos...
[2026-06-15 21:20:10] (Hilo: METALES) Patrullando 15 activos...
[2026-06-15 21:20:10] (Hilo: METALES) [COOLDOWN] XAUAUDm bloqueado. Operación reciente detectada.
[2026-06-15 21:20:13] (Hilo: ACCIONES) Patrullando 91 activos...
[2026-06-15 21:20:22] (Hilo: FOREX) Patrullando 7 activos...
[2026-06-15 21:20:22] (Hilo: FOREX) [COOLDOWN] GBPUSDm bloqueado. Operación reciente detectada.
[2026-06-15 21:20:24] (Hilo: CRIPTO) Patrullando 2 activos...
[2026-06-15 21:20:24] (Hilo: CRIPTO) [COOLDOWN] BTCUSDm bloqueado. Operación reciente detectada.
[2026-06-15 21:20:24] (Hilo: ENERGIA) Patrullando 3 activos...
[2026-06-15 21:20:24] (Hilo: INDICES) Patrullando 14 activos...
[2026-06-15 21:20:25] (Hilo: METALES) Patrullando 15 activos...
[2026-06-15 21:20:25] (Hilo: METALES) [COOLDOWN] XAUAUDm bloqueado. Operación reciente detectada.
[2026-06-15 21:20:28] (Hilo: ACCIONES) Patrullando 91 activos...
[2026-06-15 21:20:37] (Hilo: FOREX) Patrullando 7 activos...
[2026-06-15 21:20:37] (Hilo: FOREX) [COOLDOWN] GBPUSDm bloqueado. Operación reciente detectada.
[2026-06-15 21:20:39] (Hilo: CRIPTO) Patrullando 2 activos...
[2026-06-15 21:20:39] (Hilo: CRIPTO) [COOLDOWN] BTCUSDm bloqueado. Operación reciente detectada.
[2026-06-15 21:20:39] (Hilo: ENERGIA) Patrullando 3 activos...
[2026-06-15 21:20:39] (Hilo: INDICES) Patrullando 14 activos...
[2026-06-15 21:20:40] (Hilo: METALES) Patrullando 15 activos...
[2026-06-15 21:20:40] (Hilo: METALES) [COOLDOWN] XAUAUDm bloqueado. Operación reciente detectada.
[2026-06-15 21:20:44] (Hilo: ACCIONES) Patrullando 91 activos...
[2026-06-15 21:20:52] (Hilo: FOREX) Patrullando 7 activos...
[2026-06-15 21:20:52] (Hilo: FOREX) [COOLDOWN] GBPUSDm bloqueado. Operación reciente detectada.
[2026-06-15 21:20:54] (Hilo: CRIPTO) Patrullando 2 activos...
[2026-06-15 21:20:54] (Hilo: CRIPTO) [COOLDOWN] BTCUSDm bloqueado. Operación reciente detectada.
[2026-06-15 21:20:54] (Hilo: ENERGIA) Patrullando 3 activos...
[2026-06-15 21:20:54] (Hilo: INDICES) Patrullando 14 activos...
[2026-06-15 21:20:55] (Hilo: METALES) Patrullando 15 activos...
[2026-06-15 21:20:55] (Hilo: METALES) [COOLDOWN] XAUAUDm bloqueado. Operación reciente detectada.
[2026-06-15 21:20:59] (Hilo: ACCIONES) Patrullando 91 activos...
[2026-06-15 21:21:07] (Hilo: FOREX) Patrullando 7 activos...
[2026-06-15 21:21:07] (Hilo: FOREX) [COOLDOWN] GBPUSDm bloqueado. Operación reciente detectada.
[2026-06-15 21:21:09] (Hilo: CRIPTO) Patrullando 2 activos...
[2026-06-15 21:21:09] (Hilo: CRIPTO) [COOLDOWN] BTCUSDm bloqueado. Operación reciente detectada.
[2026-06-15 21:21:09] (Hilo: ENERGIA) Patrullando 3 activos...
[2026-06-15 21:21:10] (Hilo: INDICES) Patrullando 14 activos...
[2026-06-15 21:21:10] (Hilo: METALES) Patrullando 15 activos...
[2026-06-15 21:21:10] (Hilo: METALES) [COOLDOWN] XAUAUDm bloqueado. Operación reciente detectada.
[2026-06-15 21:21:14] (Hilo: ACCIONES) Patrullando 91 activos...
[2026-06-15 21:21:22] (Hilo: FOREX) Patrullando 7 activos...
[2026-06-15 21:21:22] (Hilo: FOREX) [COOLDOWN] GBPUSDm bloqueado. Operación reciente detectada.
[2026-06-15 21:21:24] (Hilo: CRIPTO) Patrullando 2 activos...
[2026-06-15 21:21:24] (Hilo: CRIPTO) [COOLDOWN] BTCUSDm bloqueado. Operación reciente detectada.
[2026-06-15 21:21:24] (Hilo: ENERGIA) Patrullando 3 activos...
[2026-06-15 21:21:25] (Hilo: INDICES) Patrullando 14 activos...
[2026-06-15 21:21:25] (Hilo: METALES) Patrullando 15 activos...
[2026-06-15 21:21:25] (Hilo: METALES) [COOLDOWN] XAUAUDm bloqueado. Operación reciente detectada.
[2026-06-15 21:21:29] (Hilo: ACCIONES) Patrullando 91 activos...
[2026-06-15 21:21:37] (Hilo: FOREX) Patrullando 7 activos...
[2026-06-15 21:21:37] (Hilo: FOREX) [COOLDOWN] GBPUSDm bloqueado. Operación reciente detectada.
[2026-06-15 21:21:39] (Hilo: CRIPTO) Patrullando 2 activos...
[2026-06-15 21:21:39] (Hilo: CRIPTO) [COOLDOWN] BTCUSDm bloqueado. Operación reciente detectada.
[2026-06-15 21:21:39] (Hilo: ENERGIA) Patrullando 3 activos...
[2026-06-15 21:21:40] (Hilo: INDICES) Patrullando 14 activos...
[2026-06-15 21:21:40] (Hilo: METALES) Patrullando 15 activos...
[2026-06-15 21:21:40] (Hilo: METALES) [COOLDOWN] XAUAUDm bloqueado. Operación reciente detectada.
[2026-06-15 21:21:45] (Hilo: ACCIONES) Patrullando 91 activos...
[2026-06-15 21:21:52] (Hilo: FOREX) Patrullando 7 activos...
[2026-06-15 21:21:52] (Hilo: FOREX) [COOLDOWN] GBPUSDm bloqueado. Operación reciente detectada.
[2026-06-15 21:21:54] (Hilo: CRIPTO) Patrullando 2 activos...
[2026-06-15 21:21:54] (Hilo: CRIPTO) [COOLDOWN] BTCUSDm bloqueado. Operación reciente detectada.
[2026-06-15 21:21:54] (Hilo: ENERGIA) Patrullando 3 activos...
[2026-06-15 21:21:55] (Hilo: INDICES) Patrullando 14 activos...
[2026-06-15 21:21:55] (Hilo: METALES) Patrullando 15 activos...
[2026-06-15 21:21:55] (Hilo: METALES) [COOLDOWN] XAUAUDm bloqueado. Operación reciente detectada.
[2026-06-15 21:22:00] (Hilo: ACCIONES) Patrullando 91 activos...
[2026-06-15 21:22:07] (Hilo: FOREX) Patrullando 7 activos...
[2026-06-15 21:22:07] (Hilo: FOREX) [COOLDOWN] GBPUSDm bloqueado. Operación reciente detectada.
[2026-06-15 21:22:09] (Hilo: CRIPTO) Patrullando 2 activos...
[2026-06-15 21:22:09] (Hilo: CRIPTO) [COOLDOWN] BTCUSDm bloqueado. Operación reciente detectada.
[2026-06-15 21:22:09] (Hilo: ENERGIA) Patrullando 3 activos...
[2026-06-15 21:22:10] (Hilo: INDICES) Patrullando 14 activos...
[2026-06-15 21:22:10] (Hilo: METALES) Patrullando 15 activos...
[2026-06-15 21:22:10] (Hilo: METALES) [COOLDOWN] XAUAUDm bloqueado. Operación reciente detectada.
[2026-06-15 21:22:15] (Hilo: ACCIONES) Patrullando 91 activos...
[2026-06-15 21:22:22] (Hilo: FOREX) Patrullando 7 activos...
[2026-06-15 21:22:22] (Hilo: FOREX) [COOLDOWN] GBPUSDm bloqueado. Operación reciente detectada.
[2026-06-15 21:22:24] (Hilo: CRIPTO) Patrullando 2 activos...
[2026-06-15 21:22:24] (Hilo: CRIPTO) [COOLDOWN] BTCUSDm bloqueado. Operación reciente detectada.
[2026-06-15 21:22:24] (Hilo: ENERGIA) Patrullando 3 activos...
[2026-06-15 21:22:25] (Hilo: INDICES) Patrullando 14 activos...
[2026-06-15 21:22:25] (Hilo: METALES) Patrullando 15 activos...
[2026-06-15 21:22:25] (Hilo: METALES) [COOLDOWN] XAUAUDm bloqueado. Operación reciente detectada.
[2026-06-15 21:22:30] (Hilo: ACCIONES) Patrullando 91 activos...
[2026-06-15 21:22:37] (Hilo: FOREX) Patrullando 7 activos...
[2026-06-15 21:22:37] (Hilo: FOREX) [COOLDOWN] GBPUSDm bloqueado. Operación reciente detectada.
[2026-06-15 21:22:39] (Hilo: CRIPTO) Patrullando 2 activos...
[2026-06-15 21:22:39] (Hilo: CRIPTO) [COOLDOWN] BTCUSDm bloqueado. Operación reciente detectada.
[2026-06-15 21:22:39] (Hilo: ENERGIA) Patrullando 3 activos...
[2026-06-15 21:22:40] (Hilo: INDICES) Patrullando 14 activos...
[2026-06-15 21:22:40] (Hilo: METALES) Patrullando 15 activos...
[2026-06-15 21:22:40] (Hilo: METALES) [COOLDOWN] XAUAUDm bloqueado. Operación reciente detectada.
[2026-06-15 21:22:45] (Hilo: ACCIONES) Patrullando 91 activos...
[2026-06-15 21:22:52] (Hilo: FOREX) Patrullando 7 activos...
[2026-06-15 21:22:52] (Hilo: FOREX) [COOLDOWN] GBPUSDm bloqueado. Operación reciente detectada.
[2026-06-15 21:22:54] (Hilo: CRIPTO) Patrullando 2 activos...
[2026-06-15 21:22:54] (Hilo: CRIPTO) [COOLDOWN] BTCUSDm bloqueado. Operación reciente detectada.
[2026-06-15 21:22:54] (Hilo: ENERGIA) Patrullando 3 activos...
[2026-06-15 21:22:55] (Hilo: INDICES) Patrullando 14 activos...
[2026-06-15 21:22:55] (Hilo: METALES) Patrullando 15 activos...
[2026-06-15 21:22:55] (Hilo: METALES) [COOLDOWN] XAUAUDm bloqueado. Operación reciente detectada.
[2026-06-15 21:23:00] (Hilo: ACCIONES) Patrullando 91 activos...
[2026-06-15 21:23:07] (Hilo: FOREX) Patrullando 7 activos...
[2026-06-15 21:23:07] (Hilo: FOREX) [COOLDOWN] GBPUSDm bloqueado. Operación reciente detectada.
[2026-06-15 21:23:09] (Hilo: CRIPTO) Patrullando 2 activos...
[2026-06-15 21:23:09] (Hilo: CRIPTO) [COOLDOWN] BTCUSDm bloqueado. Operación reciente detectada.
[2026-06-15 21:23:09] (Hilo: ENERGIA) Patrullando 3 activos...
[2026-06-15 21:23:10] (Hilo: INDICES) Patrullando 14 activos...
[2026-06-15 21:23:10] (Hilo: METALES) Patrullando 15 activos...
[2026-06-15 21:23:10] (Hilo: METALES) [COOLDOWN] XAUAUDm bloqueado. Operación reciente detectada.
[2026-06-15 21:23:16] (Hilo: ACCIONES) Patrullando 91 activos...
[2026-06-15 21:23:22] (Hilo: FOREX) Patrullando 7 activos...
[2026-06-15 21:23:22] (Hilo: FOREX) [COOLDOWN] GBPUSDm bloqueado. Operación reciente detectada.
[2026-06-15 21:23:24] (Hilo: CRIPTO) Patrullando 2 activos...
[2026-06-15 21:23:24] (Hilo: CRIPTO) [COOLDOWN] BTCUSDm bloqueado. Operación reciente detectada.
[2026-06-15 21:23:24] (Hilo: ENERGIA) Patrullando 3 activos...
[2026-06-15 21:23:25] (Hilo: INDICES) Patrullando 14 activos...
[2026-06-15 21:23:25] (Hilo: METALES) Patrullando 15 activos...
[2026-06-15 21:23:25] (Hilo: METALES) [COOLDOWN] XAUAUDm bloqueado. Operación reciente detectada.
[2026-06-15 21:23:31] (Hilo: ACCIONES) Patrullando 91 activos...
[2026-06-15 21:23:37] (Hilo: FOREX) Patrullando 7 activos...
[2026-06-15 21:23:37] (Hilo: FOREX) [COOLDOWN] GBPUSDm bloqueado. Operación reciente detectada.
[2026-06-15 21:23:39] (Hilo: CRIPTO) Patrullando 2 activos...
[2026-06-15 21:23:39] (Hilo: CRIPTO) [COOLDOWN] BTCUSDm bloqueado. Operación reciente detectada.
[2026-06-15 21:23:39] (Hilo: ENERGIA) Patrullando 3 activos...
[2026-06-15 21:23:40] (Hilo: INDICES) Patrullando 14 activos...
[2026-06-15 21:23:40] (Hilo: METALES) Patrullando 15 activos...
[2026-06-15 21:23:40] (Hilo: METALES) [COOLDOWN] XAUAUDm bloqueado. Operación reciente detectada.
[2026-06-15 21:23:46] (Hilo: ACCIONES) Patrullando 91 activos...
[2026-06-15 21:23:52] (Hilo: FOREX) Patrullando 7 activos...
[2026-06-15 21:23:52] (Hilo: FOREX) [COOLDOWN] GBPUSDm bloqueado. Operación reciente detectada.
[2026-06-15 21:23:54] (Hilo: CRIPTO) Patrullando 2 activos...
[2026-06-15 21:23:54] (Hilo: CRIPTO) [COOLDOWN] BTCUSDm bloqueado. Operación reciente detectada.
[2026-06-15 21:23:54] (Hilo: ENERGIA) Patrullando 3 activos...
[2026-06-15 21:23:55] (Hilo: INDICES) Patrullando 14 activos...
[2026-06-15 21:23:55] (Hilo: METALES) Patrullando 15 activos...
[2026-06-15 21:23:55] (Hilo: METALES) [COOLDOWN] XAUAUDm bloqueado. Operación reciente detectada.
[2026-06-15 21:24:02] (Hilo: ACCIONES) Patrullando 91 activos...
[2026-06-15 21:24:07] (Hilo: FOREX) Patrullando 7 activos...
[2026-06-15 21:24:07] (Hilo: FOREX) [COOLDOWN] GBPUSDm bloqueado. Operación reciente detectada.
[2026-06-15 21:24:09] (Hilo: CRIPTO) Patrullando 2 activos...
[2026-06-15 21:24:09] (Hilo: CRIPTO) [COOLDOWN] BTCUSDm bloqueado. Operación reciente detectada.
[2026-06-15 21:24:09] (Hilo: ENERGIA) Patrullando 3 activos...
[2026-06-15 21:24:10] (Hilo: INDICES) Patrullando 14 activos...
[2026-06-15 21:24:10] (Hilo: METALES) Patrullando 15 activos...
[2026-06-15 21:24:10] (Hilo: METALES) [COOLDOWN] XAUAUDm bloqueado. Operación reciente detectada.
[2026-06-15 21:24:17] (Hilo: ACCIONES) Patrullando 91 activos...
[2026-06-15 21:24:22] (Hilo: FOREX) Patrullando 7 activos...
[2026-06-15 21:24:22] (Hilo: FOREX) [COOLDOWN] GBPUSDm bloqueado. Operación reciente detectada.
[2026-06-15 21:24:24] (Hilo: CRIPTO) Patrullando 2 activos...
[2026-06-15 21:24:24] (Hilo: CRIPTO) [COOLDOWN] BTCUSDm bloqueado. Operación reciente detectada.
[2026-06-15 21:24:25] (Hilo: ENERGIA) Patrullando 3 activos...
[2026-06-15 21:24:25] (Hilo: INDICES) Patrullando 14 activos...
[2026-06-15 21:24:25] (Hilo: METALES) Patrullando 15 activos...
[2026-06-15 21:24:25] (Hilo: METALES) [COOLDOWN] XAUAUDm bloqueado. Operación reciente detectada.
[2026-06-15 21:24:32] (Hilo: ACCIONES) Patrullando 91 activos...
[2026-06-15 21:24:37] (Hilo: FOREX) Patrullando 7 activos...
[2026-06-15 21:24:37] (Hilo: FOREX) [COOLDOWN] GBPUSDm bloqueado. Operación reciente detectada.
[2026-06-15 21:24:39] (Hilo: CRIPTO) Patrullando 2 activos...
[2026-06-15 21:24:39] (Hilo: CRIPTO) [COOLDOWN] BTCUSDm bloqueado. Operación reciente detectada.
[2026-06-15 21:24:40] (Hilo: ENERGIA) Patrullando 3 activos...
[2026-06-15 21:24:40] (Hilo: INDICES) Patrullando 14 activos...
[2026-06-15 21:24:40] (Hilo: METALES) Patrullando 15 activos...
[2026-06-15 21:24:40] (Hilo: METALES) [COOLDOWN] XAUAUDm bloqueado. Operación reciente detectada.
[2026-06-15 21:24:47] (Hilo: ACCIONES) Patrullando 91 activos...
[2026-06-15 21:24:52] (Hilo: FOREX) Patrullando 7 activos...
[2026-06-15 21:24:52] (Hilo: FOREX) [COOLDOWN] GBPUSDm bloqueado. Operación reciente detectada.
[2026-06-15 21:24:54] (Hilo: CRIPTO) Patrullando 2 activos...
[2026-06-15 21:24:54] (Hilo: CRIPTO) [COOLDOWN] BTCUSDm bloqueado. Operación reciente detectada.
[2026-06-15 21:24:55] (Hilo: ENERGIA) Patrullando 3 activos...
[2026-06-15 21:24:55] (Hilo: INDICES) Patrullando 14 activos...
[2026-06-15 21:24:55] (Hilo: METALES) Patrullando 15 activos...
[2026-06-15 21:24:55] (Hilo: METALES) [COOLDOWN] XAUAUDm bloqueado. Operación reciente detectada.
[2026-06-15 21:25:03] (Hilo: ACCIONES) Patrullando 91 activos...
[2026-06-15 21:25:07] (Hilo: FOREX) Patrullando 7 activos...
[2026-06-15 21:25:07] (Hilo: FOREX) [COOLDOWN] GBPUSDm bloqueado. Operación reciente detectada.
[2026-06-15 21:25:09] (Hilo: CRIPTO) Patrullando 2 activos...
[2026-06-15 21:25:09] (Hilo: CRIPTO) [COOLDOWN] BTCUSDm bloqueado. Operación reciente detectada.
[2026-06-15 21:25:10] (Hilo: ENERGIA) Patrullando 3 activos...
[2026-06-15 21:25:10] (Hilo: INDICES) Patrullando 14 activos...
[2026-06-15 21:25:10] (Hilo: METALES) Patrullando 15 activos...
[2026-06-15 21:25:10] (Hilo: METALES) [COOLDOWN] XAUAUDm bloqueado. Operación reciente detectada.
[2026-06-15 21:25:18] (Hilo: ACCIONES) Patrullando 91 activos...
[2026-06-15 21:25:22] (Hilo: FOREX) Patrullando 7 activos...
[2026-06-15 21:25:22] (Hilo: FOREX) [COOLDOWN] GBPUSDm bloqueado. Operación reciente detectada.
[2026-06-15 21:25:24] (Hilo: CRIPTO) Patrullando 2 activos...
[2026-06-15 21:25:24] (Hilo: CRIPTO) [COOLDOWN] BTCUSDm bloqueado. Operación reciente detectada.
[2026-06-15 21:25:25] (Hilo: ENERGIA) Patrullando 3 activos...
[2026-06-15 21:25:25] (Hilo: INDICES) Patrullando 14 activos...
[2026-06-15 21:25:26] (Hilo: METALES) Patrullando 15 activos...
[2026-06-15 21:25:26] (Hilo: METALES) [COOLDOWN] XAUAUDm bloqueado. Operación reciente detectada.
[2026-06-15 21:25:33] (Hilo: ACCIONES) Patrullando 91 activos...
[2026-06-15 21:25:37] (Hilo: FOREX) Patrullando 7 activos...
[2026-06-15 21:25:37] (Hilo: FOREX) [COOLDOWN] GBPUSDm bloqueado. Operación reciente detectada.
[2026-06-15 21:25:39] (Hilo: CRIPTO) Patrullando 2 activos...
[2026-06-15 21:25:39] (Hilo: CRIPTO) [COOLDOWN] BTCUSDm bloqueado. Operación reciente detectada.
[2026-06-15 21:25:40] (Hilo: ENERGIA) Patrullando 3 activos...
[2026-06-15 21:25:40] (Hilo: INDICES) Patrullando 14 activos...
[2026-06-15 21:25:41] (Hilo: METALES) Patrullando 15 activos...
[2026-06-15 21:25:41] (Hilo: METALES) [COOLDOWN] XAUAUDm bloqueado. Operación reciente detectada.
[2026-06-15 21:25:48] (Hilo: ACCIONES) Patrullando 91 activos...
[2026-06-15 21:25:52] (Hilo: FOREX) Patrullando 7 activos...
[2026-06-15 21:25:52] (Hilo: FOREX) [COOLDOWN] GBPUSDm bloqueado. Operación reciente detectada.
[2026-06-15 21:25:54] (Hilo: CRIPTO) Patrullando 2 activos...
[2026-06-15 21:25:54] (Hilo: CRIPTO) [COOLDOWN] BTCUSDm bloqueado. Operación reciente detectada.
[2026-06-15 21:25:55] (Hilo: ENERGIA) Patrullando 3 activos...
[2026-06-15 21:25:55] (Hilo: INDICES) Patrullando 14 activos...
[2026-06-15 21:25:56] (Hilo: METALES) Patrullando 15 activos...
[2026-06-15 21:25:56] (Hilo: METALES) [COOLDOWN] XAUAUDm bloqueado. Operación reciente detectada.
[2026-06-15 21:26:04] (Hilo: ACCIONES) Patrullando 91 activos...
[2026-06-15 21:26:07] (Hilo: FOREX) Patrullando 7 activos...
[2026-06-15 21:26:07] (Hilo: FOREX) [COOLDOWN] GBPUSDm bloqueado. Operación reciente detectada.
[2026-06-15 21:26:09] (Hilo: CRIPTO) Patrullando 2 activos...
[2026-06-15 21:26:09] (Hilo: CRIPTO) [COOLDOWN] BTCUSDm bloqueado. Operación reciente detectada.
[2026-06-15 21:26:10] (Hilo: ENERGIA) Patrullando 3 activos...
[2026-06-15 21:26:10] (Hilo: INDICES) Patrullando 14 activos...
[2026-06-15 21:26:11] (Hilo: METALES) Patrullando 15 activos...
[2026-06-15 21:26:11] (Hilo: METALES) [COOLDOWN] XAUAUDm bloqueado. Operación reciente detectada.
[2026-06-15 21:26:19] (Hilo: ACCIONES) Patrullando 91 activos...
[2026-06-15 21:26:22] (Hilo: FOREX) Patrullando 7 activos...
[2026-06-15 21:26:22] (Hilo: FOREX) [COOLDOWN] GBPUSDm bloqueado. Operación reciente detectada.
[2026-06-15 21:26:24] (Hilo: CRIPTO) Patrullando 2 activos...
[2026-06-15 21:26:24] (Hilo: CRIPTO) [COOLDOWN] BTCUSDm bloqueado. Operación reciente detectada.
[2026-06-15 21:26:25] (Hilo: ENERGIA) Patrullando 3 activos...
[2026-06-15 21:26:25] (Hilo: INDICES) Patrullando 14 activos...
[2026-06-15 21:26:26] (Hilo: METALES) Patrullando 15 activos...
[2026-06-15 21:26:26] (Hilo: METALES) [COOLDOWN] XAUAUDm bloqueado. Operación reciente detectada.
[2026-06-15 21:26:34] (Hilo: ACCIONES) Patrullando 91 activos...
[2026-06-15 21:26:37] (Hilo: FOREX) Patrullando 7 activos...
[2026-06-15 21:26:37] (Hilo: FOREX) [COOLDOWN] GBPUSDm bloqueado. Operación reciente detectada.
[2026-06-15 21:26:39] (Hilo: CRIPTO) Patrullando 2 activos...
[2026-06-15 21:26:39] (Hilo: CRIPTO) [COOLDOWN] BTCUSDm bloqueado. Operación reciente detectada.
[2026-06-15 21:26:40] (Hilo: ENERGIA) Patrullando 3 activos...
[2026-06-15 21:26:40] (Hilo: INDICES) Patrullando 14 activos...
[2026-06-15 21:26:41] (Hilo: METALES) Patrullando 15 activos...
[2026-06-15 21:26:41] (Hilo: METALES) [COOLDOWN] XAUAUDm bloqueado. Operación reciente detectada.
[2026-06-15 21:26:49] (Hilo: ACCIONES) Patrullando 91 activos...
[2026-06-15 21:26:53] (Hilo: FOREX) Patrullando 7 activos...
[2026-06-15 21:26:53] (Hilo: FOREX) [COOLDOWN] GBPUSDm bloqueado. Operación reciente detectada.
[2026-06-15 21:26:54] (Hilo: CRIPTO) Patrullando 2 activos...
[2026-06-15 21:26:54] (Hilo: CRIPTO) [COOLDOWN] BTCUSDm bloqueado. Operación reciente detectada.
[2026-06-15 21:26:55] (Hilo: ENERGIA) Patrullando 3 activos...
[2026-06-15 21:26:55] (Hilo: INDICES) Patrullando 14 activos...
[2026-06-15 21:26:56] (Hilo: METALES) Patrullando 15 activos...
[2026-06-15 21:26:56] (Hilo: METALES) [COOLDOWN] XAUAUDm bloqueado. Operación reciente detectada.
[2026-06-15 21:27:05] (Hilo: ACCIONES) Patrullando 91 activos...
[2026-06-15 21:27:08] (Hilo: FOREX) Patrullando 7 activos...
[2026-06-15 21:27:08] (Hilo: FOREX) [COOLDOWN] GBPUSDm bloqueado. Operación reciente detectada.
[2026-06-15 21:27:09] (Hilo: CRIPTO) Patrullando 2 activos...
[2026-06-15 21:27:09] (Hilo: CRIPTO) [COOLDOWN] BTCUSDm bloqueado. Operación reciente detectada.
[2026-06-15 21:27:10] (Hilo: ENERGIA) Patrullando 3 activos...
[2026-06-15 21:27:10] (Hilo: INDICES) Patrullando 14 activos...
[2026-06-15 21:27:11] (Hilo: METALES) Patrullando 15 activos...
[2026-06-15 21:27:11] (Hilo: METALES) [COOLDOWN] XAUAUDm bloqueado. Operación reciente detectada.
[2026-06-15 21:27:20] (Hilo: ACCIONES) Patrullando 91 activos...
[2026-06-15 21:27:23] (Hilo: FOREX) Patrullando 7 activos...
[2026-06-15 21:27:23] (Hilo: FOREX) [COOLDOWN] GBPUSDm bloqueado. Operación reciente detectada.
[2026-06-15 21:27:24] (Hilo: CRIPTO) Patrullando 2 activos...
[2026-06-15 21:27:24] (Hilo: CRIPTO) [COOLDOWN] BTCUSDm bloqueado. Operación reciente detectada.
[2026-06-15 21:27:25] (Hilo: ENERGIA) Patrullando 3 activos...
[2026-06-15 21:27:25] (Hilo: INDICES) Patrullando 14 activos...
[2026-06-15 21:27:26] (Hilo: METALES) Patrullando 15 activos...
[2026-06-15 21:27:26] (Hilo: METALES) [COOLDOWN] XAUAUDm bloqueado. Operación reciente detectada.
[2026-06-15 21:27:35] (Hilo: ACCIONES) Patrullando 91 activos...
[2026-06-15 21:27:38] (Hilo: FOREX) Patrullando 7 activos...
[2026-06-15 21:27:38] (Hilo: FOREX) [COOLDOWN] GBPUSDm bloqueado. Operación reciente detectada.
[2026-06-15 21:27:39] (Hilo: CRIPTO) Patrullando 2 activos...
[2026-06-15 21:27:39] (Hilo: CRIPTO) [COOLDOWN] BTCUSDm bloqueado. Operación reciente detectada.
[2026-06-15 21:27:40] (Hilo: ENERGIA) Patrullando 3 activos...
[2026-06-15 21:27:40] (Hilo: INDICES) Patrullando 14 activos...
[2026-06-15 21:27:41] (Hilo: METALES) Patrullando 15 activos...
[2026-06-15 21:27:41] (Hilo: METALES) [COOLDOWN] XAUAUDm bloqueado. Operación reciente detectada.
[2026-06-15 21:27:50] (Hilo: ACCIONES) Patrullando 91 activos...
[2026-06-15 21:27:53] (Hilo: FOREX) Patrullando 7 activos...
[2026-06-15 21:27:53] (Hilo: FOREX) [COOLDOWN] GBPUSDm bloqueado. Operación reciente detectada.
[2026-06-15 21:27:54] (Hilo: CRIPTO) Patrullando 2 activos...
[2026-06-15 21:27:54] (Hilo: CRIPTO) [COOLDOWN] BTCUSDm bloqueado. Operación reciente detectada.
[2026-06-15 21:27:55] (Hilo: ENERGIA) Patrullando 3 activos...
[2026-06-15 21:27:55] (Hilo: INDICES) Patrullando 14 activos...
[2026-06-15 21:27:56] (Hilo: METALES) Patrullando 15 activos...
[2026-06-15 21:27:56] (Hilo: METALES) [COOLDOWN] XAUAUDm bloqueado. Operación reciente detectada.
[2026-06-15 21:28:05] (Hilo: ACCIONES) Patrullando 91 activos...
[2026-06-15 21:28:08] (Hilo: FOREX) Patrullando 7 activos...
[2026-06-15 21:28:08] (Hilo: FOREX) [COOLDOWN] GBPUSDm bloqueado. Operación reciente detectada.
[2026-06-15 21:28:09] (Hilo: CRIPTO) Patrullando 2 activos...
[2026-06-15 21:28:09] (Hilo: CRIPTO) [COOLDOWN] BTCUSDm bloqueado. Operación reciente detectada.
[2026-06-15 21:28:10] (Hilo: ENERGIA) Patrullando 3 activos...
[2026-06-15 21:28:10] (Hilo: INDICES) Patrullando 14 activos...
[2026-06-15 21:28:11] (Hilo: METALES) Patrullando 15 activos...
[2026-06-15 21:28:11] (Hilo: METALES) [COOLDOWN] XAUAUDm bloqueado. Operación reciente detectada.
[2026-06-15 21:28:21] (Hilo: ACCIONES) Patrullando 91 activos...
[2026-06-15 21:28:23] (Hilo: FOREX) Patrullando 7 activos...
[2026-06-15 21:28:23] (Hilo: FOREX) [COOLDOWN] GBPUSDm bloqueado. Operación reciente detectada.
[2026-06-15 21:28:24] (Hilo: CRIPTO) Patrullando 2 activos...
[2026-06-15 21:28:24] (Hilo: CRIPTO) [COOLDOWN] BTCUSDm bloqueado. Operación reciente detectada.
[2026-06-15 21:28:25] (Hilo: ENERGIA) Patrullando 3 activos...
[2026-06-15 21:28:26] (Hilo: INDICES) Patrullando 14 activos...
[2026-06-15 21:28:26] (Hilo: METALES) Patrullando 15 activos...
[2026-06-15 21:28:26] (Hilo: METALES) [COOLDOWN] XAUAUDm bloqueado. Operación reciente detectada.
[2026-06-15 21:28:36] (Hilo: ACCIONES) Patrullando 91 activos...
[2026-06-15 21:28:38] (Hilo: FOREX) Patrullando 7 activos...
[2026-06-15 21:28:38] (Hilo: FOREX) [COOLDOWN] GBPUSDm bloqueado. Operación reciente detectada.
[2026-06-15 21:28:39] (Hilo: CRIPTO) Patrullando 2 activos...
[2026-06-15 21:28:39] (Hilo: CRIPTO) [COOLDOWN] BTCUSDm bloqueado. Operación reciente detectada.
[2026-06-15 21:28:40] (Hilo: ENERGIA) Patrullando 3 activos...
[2026-06-15 21:28:41] (Hilo: INDICES) Patrullando 14 activos...
[2026-06-15 21:28:41] (Hilo: METALES) Patrullando 15 activos...
[2026-06-15 21:28:41] (Hilo: METALES) [COOLDOWN] XAUAUDm bloqueado. Operación reciente detectada.
[2026-06-15 21:28:51] (Hilo: ACCIONES) Patrullando 91 activos...
[2026-06-15 21:28:53] (Hilo: FOREX) Patrullando 7 activos...
[2026-06-15 21:28:53] (Hilo: FOREX) [COOLDOWN] GBPUSDm bloqueado. Operación reciente detectada.
[2026-06-15 21:28:54] (Hilo: CRIPTO) Patrullando 2 activos...
[2026-06-15 21:28:54] (Hilo: CRIPTO) [COOLDOWN] BTCUSDm bloqueado. Operación reciente detectada.
[2026-06-15 21:28:55] (Hilo: ENERGIA) Patrullando 3 activos...
[2026-06-15 21:28:56] (Hilo: INDICES) Patrullando 14 activos...
[2026-06-15 21:28:56] (Hilo: METALES) Patrullando 15 activos...
[2026-06-15 21:28:56] (Hilo: METALES) [COOLDOWN] XAUAUDm bloqueado. Operación reciente detectada.
[2026-06-15 21:29:07] (Hilo: ACCIONES) Patrullando 91 activos...
[2026-06-15 21:29:08] (Hilo: FOREX) Patrullando 7 activos...
[2026-06-15 21:29:08] (Hilo: FOREX) [COOLDOWN] GBPUSDm bloqueado. Operación reciente detectada.
[2026-06-15 21:29:09] (Hilo: CRIPTO) Patrullando 2 activos...
[2026-06-15 21:29:09] (Hilo: CRIPTO) [COOLDOWN] BTCUSDm bloqueado. Operación reciente detectada.
[2026-06-15 21:29:10] (Hilo: ENERGIA) Patrullando 3 activos...
[2026-06-15 21:29:11] (Hilo: INDICES) Patrullando 14 activos...
[2026-06-15 21:29:11] (Hilo: METALES) Patrullando 15 activos...
[2026-06-15 21:29:11] (Hilo: METALES) [COOLDOWN] XAUAUDm bloqueado. Operación reciente detectada.
[2026-06-15 21:29:22] (Hilo: ACCIONES) Patrullando 91 activos...
[2026-06-15 21:29:23] (Hilo: FOREX) Patrullando 7 activos...
[2026-06-15 21:29:23] (Hilo: FOREX) [COOLDOWN] GBPUSDm bloqueado. Operación reciente detectada.
[2026-06-15 21:29:24] (Hilo: CRIPTO) Patrullando 2 activos...
[2026-06-15 21:29:24] (Hilo: CRIPTO) [COOLDOWN] BTCUSDm bloqueado. Operación reciente detectada.
[2026-06-15 21:29:25] (Hilo: ENERGIA) Patrullando 3 activos...
[2026-06-15 21:29:26] (Hilo: INDICES) Patrullando 14 activos...
[2026-06-15 21:29:26] (Hilo: METALES) Patrullando 15 activos...
[2026-06-15 21:29:26] (Hilo: METALES) [COOLDOWN] XAUAUDm bloqueado. Operación reciente detectada.
[2026-06-15 21:29:37] (Hilo: ACCIONES) Patrullando 91 activos...
[2026-06-15 21:29:38] (Hilo: FOREX) Patrullando 7 activos...
[2026-06-15 21:29:38] (Hilo: FOREX) [COOLDOWN] GBPUSDm bloqueado. Operación reciente detectada.
[2026-06-15 21:29:39] (Hilo: CRIPTO) Patrullando 2 activos...
[2026-06-15 21:29:39] (Hilo: CRIPTO) [COOLDOWN] BTCUSDm bloqueado. Operación reciente detectada.
[2026-06-15 21:29:40] (Hilo: ENERGIA) Patrullando 3 activos...
[2026-06-15 21:29:41] (Hilo: INDICES) Patrullando 14 activos...
[2026-06-15 21:29:41] (Hilo: METALES) Patrullando 15 activos...
[2026-06-15 21:29:41] (Hilo: METALES) [COOLDOWN] XAUAUDm bloqueado. Operación reciente detectada.
[2026-06-15 21:29:52] (Hilo: ACCIONES) Patrullando 91 activos...
[2026-06-15 21:29:53] (Hilo: FOREX) Patrullando 7 activos...
[2026-06-15 21:29:53] (Hilo: FOREX) [COOLDOWN] GBPUSDm bloqueado. Operación reciente detectada.
[2026-06-15 21:29:54] (Hilo: CRIPTO) Patrullando 2 activos...
[2026-06-15 21:29:54] (Hilo: CRIPTO) [COOLDOWN] BTCUSDm bloqueado. Operación reciente detectada.
[2026-06-15 21:29:55] (Hilo: ENERGIA) Patrullando 3 activos...
[2026-06-15 21:29:56] (Hilo: INDICES) Patrullando 14 activos...
[2026-06-15 21:29:57] (Hilo: METALES) Patrullando 15 activos...
[2026-06-15 21:29:57] (Hilo: METALES) [COOLDOWN] XAUAUDm bloqueado. Operación reciente detectada.
[2026-06-15 21:30:08] (Hilo: ACCIONES) Patrullando 91 activos...
[2026-06-15 21:30:08] (Hilo: FOREX) Patrullando 7 activos...
[2026-06-15 21:30:08] (Hilo: FOREX) [COOLDOWN] GBPUSDm bloqueado. Operación reciente detectada.
[2026-06-15 21:30:09] (Hilo: CRIPTO) Patrullando 2 activos...
[2026-06-15 21:30:09] (Hilo: CRIPTO) [COOLDOWN] BTCUSDm bloqueado. Operación reciente detectada.
[2026-06-15 21:30:10] (Hilo: ENERGIA) Patrullando 3 activos...
[2026-06-15 21:30:11] (Hilo: INDICES) Patrullando 14 activos...
[2026-06-15 21:30:12] (Hilo: METALES) Patrullando 15 activos...
[2026-06-15 21:30:12] (Hilo: METALES) [COOLDOWN] XAUAUDm bloqueado. Operación reciente detectada.
[2026-06-15 21:30:23] (Hilo: FOREX) Patrullando 7 activos...
[2026-06-15 21:30:23] (Hilo: FOREX) [COOLDOWN] GBPUSDm bloqueado. Operación reciente detectada.
[2026-06-15 21:30:23] (Hilo: ACCIONES) Patrullando 91 activos...
[2026-06-15 21:30:24] (Hilo: CRIPTO) Patrullando 2 activos...
[2026-06-15 21:30:24] (Hilo: CRIPTO) [COOLDOWN] BTCUSDm bloqueado. Operación reciente detectada.
[2026-06-15 21:30:25] (Hilo: ENERGIA) Patrullando 3 activos...
[2026-06-15 21:30:26] (Hilo: INDICES) Patrullando 14 activos...
[2026-06-15 21:30:27] (Hilo: METALES) Patrullando 15 activos...
[2026-06-15 21:30:27] (Hilo: METALES) [COOLDOWN] XAUUSDm bloqueado. Operación reciente detectada.
[2026-06-15 21:30:27] (Hilo: METALES) [COOLDOWN] XAUAUDm bloqueado. Operación reciente detectada.
[2026-06-15 21:30:27] (Hilo: METALES) [COOLDOWN] XAUEURm bloqueado. Operación reciente detectada.
[2026-06-15 21:30:38] (Hilo: FOREX) Patrullando 7 activos...
[2026-06-15 21:30:38] (Hilo: FOREX) [COOLDOWN] GBPUSDm bloqueado. Operación reciente detectada.
[2026-06-15 21:30:38] (Hilo: ACCIONES) Patrullando 91 activos...
[2026-06-15 21:30:39] (Hilo: CRIPTO) Patrullando 2 activos...
[2026-06-15 21:30:39] (Hilo: CRIPTO) [COOLDOWN] BTCUSDm bloqueado. Operación reciente detectada.
[2026-06-15 21:30:40] (Hilo: ENERGIA) Patrullando 3 activos...
[2026-06-15 21:30:41] (Hilo: INDICES) Patrullando 14 activos...
[2026-06-15 21:30:42] (Hilo: METALES) Patrullando 15 activos...
[2026-06-15 21:30:42] (Hilo: METALES) [COOLDOWN] XAUUSDm bloqueado. Operación reciente detectada.
[2026-06-15 21:30:42] (Hilo: METALES) [COOLDOWN] XAUAUDm bloqueado. Operación reciente detectada.
[2026-06-15 21:30:42] (Hilo: METALES) [COOLDOWN] XAUEURm bloqueado. Operación reciente detectada.
[2026-06-15 21:30:53] (Hilo: FOREX) Patrullando 7 activos...
[2026-06-15 21:30:53] (Hilo: FOREX) [COOLDOWN] GBPUSDm bloqueado. Operación reciente detectada.
[2026-06-15 21:30:53] (Hilo: ACCIONES) Patrullando 91 activos...
[2026-06-15 21:30:54] (Hilo: CRIPTO) Patrullando 2 activos...
[2026-06-15 21:30:54] (Hilo: CRIPTO) [COOLDOWN] BTCUSDm bloqueado. Operación reciente detectada.
[2026-06-15 21:30:55] (Hilo: ENERGIA) Patrullando 3 activos...
[2026-06-15 21:30:56] (Hilo: INDICES) Patrullando 14 activos...
[2026-06-15 21:30:57] (Hilo: METALES) Patrullando 15 activos...
[2026-06-15 21:30:57] (Hilo: METALES) [COOLDOWN] XAUUSDm bloqueado. Operación reciente detectada.
[2026-06-15 21:30:57] (Hilo: METALES) [COOLDOWN] XAUAUDm bloqueado. Operación reciente detectada.
[2026-06-15 21:30:57] (Hilo: METALES) [COOLDOWN] XAUEURm bloqueado. Operación reciente detectada.
[2026-06-15 21:31:08] (Hilo: FOREX) Patrullando 7 activos...
[2026-06-15 21:31:08] (Hilo: FOREX) [COOLDOWN] GBPUSDm bloqueado. Operación reciente detectada.
[2026-06-15 21:31:09] (Hilo: ACCIONES) Patrullando 91 activos...
[2026-06-15 21:31:09] (Hilo: CRIPTO) Patrullando 2 activos...
[2026-06-15 21:31:09] (Hilo: CRIPTO) [COOLDOWN] BTCUSDm bloqueado. Operación reciente detectada.
[2026-06-15 21:31:10] (Hilo: ENERGIA) Patrullando 3 activos...
[2026-06-15 21:31:11] (Hilo: INDICES) Patrullando 14 activos...
[2026-06-15 21:31:12] (Hilo: METALES) Patrullando 15 activos...
[2026-06-15 21:31:12] (Hilo: METALES) [COOLDOWN] XAUUSDm bloqueado. Operación reciente detectada.
[2026-06-15 21:31:12] (Hilo: METALES) [COOLDOWN] XAUAUDm bloqueado. Operación reciente detectada.
[2026-06-15 21:31:12] (Hilo: METALES) [COOLDOWN] XAUEURm bloqueado. Operación reciente detectada.
[2026-06-15 21:31:23] (Hilo: FOREX) Patrullando 7 activos...
[2026-06-15 21:31:23] (Hilo: FOREX) [COOLDOWN] GBPUSDm bloqueado. Operación reciente detectada.
[2026-06-15 21:31:24] (Hilo: ACCIONES) Patrullando 91 activos...
[2026-06-15 21:31:24] (Hilo: CRIPTO) Patrullando 2 activos...
[2026-06-15 21:31:24] (Hilo: CRIPTO) [COOLDOWN] BTCUSDm bloqueado. Operación reciente detectada.
[2026-06-15 21:31:25] (Hilo: ENERGIA) Patrullando 3 activos...
[2026-06-15 21:31:26] (Hilo: INDICES) Patrullando 14 activos...
[2026-06-15 21:31:27] (Hilo: METALES) Patrullando 15 activos...
[2026-06-15 21:31:27] (Hilo: METALES) [COOLDOWN] XAUUSDm bloqueado. Operación reciente detectada.
[2026-06-15 21:31:27] (Hilo: METALES) [COOLDOWN] XAUAUDm bloqueado. Operación reciente detectada.
[2026-06-15 21:31:27] (Hilo: METALES) [COOLDOWN] XAUEURm bloqueado. Operación reciente detectada.
[2026-06-15 21:31:38] (Hilo: FOREX) Patrullando 7 activos...
[2026-06-15 21:31:38] (Hilo: FOREX) [COOLDOWN] GBPUSDm bloqueado. Operación reciente detectada.
[2026-06-15 21:31:39] (Hilo: ACCIONES) Patrullando 91 activos...
[2026-06-15 21:31:39] (Hilo: CRIPTO) Patrullando 2 activos...
[2026-06-15 21:31:39] (Hilo: CRIPTO) [COOLDOWN] BTCUSDm bloqueado. Operación reciente detectada.
[2026-06-15 21:31:40] (Hilo: ENERGIA) Patrullando 3 activos...
[2026-06-15 21:31:41] (Hilo: INDICES) Patrullando 14 activos...
[2026-06-15 21:31:42] (Hilo: METALES) Patrullando 15 activos...
[2026-06-15 21:31:42] (Hilo: METALES) [COOLDOWN] XAUUSDm bloqueado. Operación reciente detectada.
[2026-06-15 21:31:42] (Hilo: METALES) [COOLDOWN] XAUAUDm bloqueado. Operación reciente detectada.
[2026-06-15 21:31:42] (Hilo: METALES) [COOLDOWN] XAUEURm bloqueado. Operación reciente detectada.
[2026-06-15 21:31:53] (Hilo: FOREX) Patrullando 7 activos...
[2026-06-15 21:31:53] (Hilo: FOREX) [COOLDOWN] GBPUSDm bloqueado. Operación reciente detectada.
[2026-06-15 21:31:54] (Hilo: ACCIONES) Patrullando 91 activos...
[2026-06-15 21:31:54] (Hilo: CRIPTO) Patrullando 2 activos...
[2026-06-15 21:31:54] (Hilo: CRIPTO) [COOLDOWN] BTCUSDm bloqueado. Operación reciente detectada.
[2026-06-15 21:31:55] (Hilo: ENERGIA) Patrullando 3 activos...
[2026-06-15 21:31:56] (Hilo: INDICES) Patrullando 14 activos...
[2026-06-15 21:31:57] (Hilo: METALES) Patrullando 15 activos...
[2026-06-15 21:31:57] (Hilo: METALES) [COOLDOWN] XAUUSDm bloqueado. Operación reciente detectada.
[2026-06-15 21:31:57] (Hilo: METALES) [COOLDOWN] XAUAUDm bloqueado. Operación reciente detectada.
[2026-06-15 21:31:57] (Hilo: METALES) [COOLDOWN] XAUEURm bloqueado. Operación reciente detectada.
[2026-06-15 21:32:08] (Hilo: FOREX) Patrullando 7 activos...
[2026-06-15 21:32:08] (Hilo: FOREX) [COOLDOWN] GBPUSDm bloqueado. Operación reciente detectada.
[2026-06-15 21:32:09] (Hilo: CRIPTO) Patrullando 2 activos...
[2026-06-15 21:32:09] (Hilo: CRIPTO) [COOLDOWN] BTCUSDm bloqueado. Operación reciente detectada.
[2026-06-15 21:32:10] (Hilo: ACCIONES) Patrullando 91 activos...
[2026-06-15 21:32:10] (Hilo: ENERGIA) Patrullando 3 activos...
[2026-06-15 21:32:11] (Hilo: INDICES) Patrullando 14 activos...
[2026-06-15 21:32:12] (Hilo: METALES) Patrullando 15 activos...
[2026-06-15 21:32:12] (Hilo: METALES) [COOLDOWN] XAUUSDm bloqueado. Operación reciente detectada.
[2026-06-15 21:32:12] (Hilo: METALES) [COOLDOWN] XAUAUDm bloqueado. Operación reciente detectada.
[2026-06-15 21:32:12] (Hilo: METALES) [COOLDOWN] XAUEURm bloqueado. Operación reciente detectada.
[2026-06-15 21:32:23] (Hilo: FOREX) Patrullando 7 activos...
[2026-06-15 21:32:23] (Hilo: FOREX) [COOLDOWN] GBPUSDm bloqueado. Operación reciente detectada.
[2026-06-15 21:32:24] (Hilo: CRIPTO) Patrullando 2 activos...
[2026-06-15 21:32:24] (Hilo: CRIPTO) [COOLDOWN] BTCUSDm bloqueado. Operación reciente detectada.
[2026-06-15 21:32:25] (Hilo: ACCIONES) Patrullando 91 activos...
[2026-06-15 21:32:25] (Hilo: ENERGIA) Patrullando 3 activos...
[2026-06-15 21:32:26] (Hilo: INDICES) Patrullando 14 activos...
[2026-06-15 21:32:27] (Hilo: METALES) Patrullando 15 activos...
[2026-06-15 21:32:27] (Hilo: METALES) [COOLDOWN] XAUUSDm bloqueado. Operación reciente detectada.
[2026-06-15 21:32:27] (Hilo: METALES) [COOLDOWN] XAUAUDm bloqueado. Operación reciente detectada.
[2026-06-15 21:32:27] (Hilo: METALES) [COOLDOWN] XAUEURm bloqueado. Operación reciente detectada.
[2026-06-15 21:32:38] (Hilo: FOREX) Patrullando 7 activos...
[2026-06-15 21:32:38] (Hilo: FOREX) [COOLDOWN] GBPUSDm bloqueado. Operación reciente detectada.
[2026-06-15 21:32:39] (Hilo: CRIPTO) Patrullando 2 activos...
[2026-06-15 21:32:39] (Hilo: CRIPTO) [COOLDOWN] BTCUSDm bloqueado. Operación reciente detectada.
[2026-06-15 21:32:40] (Hilo: ENERGIA) Patrullando 3 activos...
[2026-06-15 21:32:40] (Hilo: ACCIONES) Patrullando 91 activos...
[2026-06-15 21:32:41] (Hilo: INDICES) Patrullando 14 activos...
[2026-06-15 21:32:42] (Hilo: METALES) Patrullando 15 activos...
[2026-06-15 21:32:42] (Hilo: METALES) [COOLDOWN] XAUUSDm bloqueado. Operación reciente detectada.
[2026-06-15 21:32:42] (Hilo: METALES) [COOLDOWN] XAUAUDm bloqueado. Operación reciente detectada.
[2026-06-15 21:32:42] (Hilo: METALES) [COOLDOWN] XAUEURm bloqueado. Operación reciente detectada.
[2026-06-15 21:32:53] (Hilo: FOREX) Patrullando 7 activos...
[2026-06-15 21:32:53] (Hilo: FOREX) [COOLDOWN] GBPUSDm bloqueado. Operación reciente detectada.
[2026-06-15 21:32:54] (Hilo: CRIPTO) Patrullando 2 activos...
[2026-06-15 21:32:54] (Hilo: CRIPTO) [COOLDOWN] BTCUSDm bloqueado. Operación reciente detectada.
[2026-06-15 21:32:55] (Hilo: ENERGIA) Patrullando 3 activos...
[2026-06-15 21:32:55] (Hilo: ACCIONES) Patrullando 91 activos...
[2026-06-15 21:32:56] (Hilo: INDICES) Patrullando 14 activos...
[2026-06-15 21:32:57] (Hilo: METALES) Patrullando 15 activos...
[2026-06-15 21:32:57] (Hilo: METALES) [COOLDOWN] XAUUSDm bloqueado. Operación reciente detectada.
[2026-06-15 21:32:57] (Hilo: METALES) [COOLDOWN] XAUAUDm bloqueado. Operación reciente detectada.
[2026-06-15 21:32:57] (Hilo: METALES) [COOLDOWN] XAUEURm bloqueado. Operación reciente detectada.
[2026-06-15 21:33:08] (Hilo: FOREX) Patrullando 7 activos...
[2026-06-15 21:33:08] (Hilo: FOREX) [COOLDOWN] GBPUSDm bloqueado. Operación reciente detectada.
[2026-06-15 21:33:09] (Hilo: CRIPTO) Patrullando 2 activos...
[2026-06-15 21:33:09] (Hilo: CRIPTO) [COOLDOWN] BTCUSDm bloqueado. Operación reciente detectada.
[2026-06-15 21:33:10] (Hilo: ENERGIA) Patrullando 3 activos...
[2026-06-15 21:33:11] (Hilo: ACCIONES) Patrullando 91 activos...
[2026-06-15 21:33:11] (Hilo: INDICES) Patrullando 14 activos...
[2026-06-15 21:33:12] (Hilo: METALES) Patrullando 15 activos...
[2026-06-15 21:33:12] (Hilo: METALES) [COOLDOWN] XAUUSDm bloqueado. Operación reciente detectada.
[2026-06-15 21:33:12] (Hilo: METALES) [COOLDOWN] XAUAUDm bloqueado. Operación reciente detectada.
[2026-06-15 21:33:12] (Hilo: METALES) [COOLDOWN] XAUEURm bloqueado. Operación reciente detectada.
[2026-06-15 21:33:23] (Hilo: FOREX) Patrullando 7 activos...
[2026-06-15 21:33:23] (Hilo: FOREX) [COOLDOWN] GBPUSDm bloqueado. Operación reciente detectada.
[2026-06-15 21:33:24] (Hilo: CRIPTO) Patrullando 2 activos...
[2026-06-15 21:33:24] (Hilo: CRIPTO) [COOLDOWN] BTCUSDm bloqueado. Operación reciente detectada.
[2026-06-15 21:33:25] (Hilo: ENERGIA) Patrullando 3 activos...
[2026-06-15 21:33:26] (Hilo: ACCIONES) Patrullando 91 activos...
[2026-06-15 21:33:26] (Hilo: INDICES) Patrullando 14 activos...
[2026-06-15 21:33:27] (Hilo: METALES) Patrullando 15 activos...
[2026-06-15 21:33:27] (Hilo: METALES) [COOLDOWN] XAUUSDm bloqueado. Operación reciente detectada.
[2026-06-15 21:33:27] (Hilo: METALES) [COOLDOWN] XAUAUDm bloqueado. Operación reciente detectada.
[2026-06-15 21:33:27] (Hilo: METALES) [COOLDOWN] XAUEURm bloqueado. Operación reciente detectada.
[2026-06-15 21:33:38] (Hilo: FOREX) Patrullando 7 activos...
[2026-06-15 21:33:38] (Hilo: FOREX) [COOLDOWN] GBPUSDm bloqueado. Operación reciente detectada.
[2026-06-15 21:33:39] (Hilo: CRIPTO) Patrullando 2 activos...
[2026-06-15 21:33:39] (Hilo: CRIPTO) [COOLDOWN] BTCUSDm bloqueado. Operación reciente detectada.
[2026-06-15 21:33:40] (Hilo: ENERGIA) Patrullando 3 activos...
[2026-06-15 21:33:41] (Hilo: ACCIONES) Patrullando 91 activos...
[2026-06-15 21:33:41] (Hilo: INDICES) Patrullando 14 activos...
[2026-06-15 21:33:42] (Hilo: METALES) Patrullando 15 activos...
[2026-06-15 21:33:42] (Hilo: METALES) [COOLDOWN] XAUUSDm bloqueado. Operación reciente detectada.
[2026-06-15 21:33:42] (Hilo: METALES) [COOLDOWN] XAUAUDm bloqueado. Operación reciente detectada.
[2026-06-15 21:33:42] (Hilo: METALES) [COOLDOWN] XAUEURm bloqueado. Operación reciente detectada.
[2026-06-15 21:33:53] (Hilo: FOREX) Patrullando 7 activos...
[2026-06-15 21:33:53] (Hilo: FOREX) [COOLDOWN] GBPUSDm bloqueado. Operación reciente detectada.
[2026-06-15 21:33:54] (Hilo: CRIPTO) Patrullando 2 activos...
[2026-06-15 21:33:54] (Hilo: CRIPTO) [COOLDOWN] BTCUSDm bloqueado. Operación reciente detectada.
[2026-06-15 21:33:55] (Hilo: ENERGIA) Patrullando 3 activos...
[2026-06-15 21:33:56] (Hilo: INDICES) Patrullando 14 activos...
[2026-06-15 21:33:57] (Hilo: ACCIONES) Patrullando 91 activos...
[2026-06-15 21:33:57] (Hilo: METALES) Patrullando 15 activos...
[2026-06-15 21:33:57] (Hilo: METALES) [COOLDOWN] XAUUSDm bloqueado. Operación reciente detectada.
[2026-06-15 21:33:57] (Hilo: METALES) [COOLDOWN] XAUAUDm bloqueado. Operación reciente detectada.
[2026-06-15 21:33:57] (Hilo: METALES) [COOLDOWN] XAUEURm bloqueado. Operación reciente detectada.
[2026-06-15 21:34:08] (Hilo: FOREX) Patrullando 7 activos...
[2026-06-15 21:34:08] (Hilo: FOREX) [COOLDOWN] GBPUSDm bloqueado. Operación reciente detectada.
[2026-06-15 21:34:09] (Hilo: CRIPTO) Patrullando 2 activos...
[2026-06-15 21:34:09] (Hilo: CRIPTO) [COOLDOWN] BTCUSDm bloqueado. Operación reciente detectada.
[2026-06-15 21:34:10] (Hilo: ENERGIA) Patrullando 3 activos...
[2026-06-15 21:34:11] (Hilo: INDICES) Patrullando 14 activos...
[2026-06-15 21:34:12] (Hilo: ACCIONES) Patrullando 91 activos...
[2026-06-15 21:34:12] (Hilo: METALES) Patrullando 15 activos...
[2026-06-15 21:34:12] (Hilo: METALES) [COOLDOWN] XAUUSDm bloqueado. Operación reciente detectada.
[2026-06-15 21:34:12] (Hilo: METALES) [COOLDOWN] XAUAUDm bloqueado. Operación reciente detectada.
[2026-06-15 21:34:12] (Hilo: METALES) [COOLDOWN] XAUEURm bloqueado. Operación reciente detectada.
[2026-06-15 21:34:23] (Hilo: FOREX) Patrullando 7 activos...
[2026-06-15 21:34:23] (Hilo: FOREX) [COOLDOWN] GBPUSDm bloqueado. Operación reciente detectada.
[2026-06-15 21:34:24] (Hilo: CRIPTO) Patrullando 2 activos...
[2026-06-15 21:34:24] (Hilo: CRIPTO) [COOLDOWN] BTCUSDm bloqueado. Operación reciente detectada.
[2026-06-15 21:34:25] (Hilo: ENERGIA) Patrullando 3 activos...
[2026-06-15 21:34:27] (Hilo: INDICES) Patrullando 14 activos...
[2026-06-15 21:34:27] (Hilo: ACCIONES) Patrullando 91 activos...
[2026-06-15 21:34:27] (Hilo: METALES) Patrullando 15 activos...
[2026-06-15 21:34:27] (Hilo: METALES) [COOLDOWN] XAUUSDm bloqueado. Operación reciente detectada.
[2026-06-15 21:34:27] (Hilo: METALES) [COOLDOWN] XAUAUDm bloqueado. Operación reciente detectada.
[2026-06-15 21:34:27] (Hilo: METALES) [COOLDOWN] XAUEURm bloqueado. Operación reciente detectada.
[2026-06-15 21:34:38] (Hilo: FOREX) Patrullando 7 activos...
[2026-06-15 21:34:38] (Hilo: FOREX) [COOLDOWN] GBPUSDm bloqueado. Operación reciente detectada.
[2026-06-15 21:34:39] (Hilo: CRIPTO) Patrullando 2 activos...
[2026-06-15 21:34:39] (Hilo: CRIPTO) [COOLDOWN] BTCUSDm bloqueado. Operación reciente detectada.
[2026-06-15 21:34:40] (Hilo: ENERGIA) Patrullando 3 activos...
[2026-06-15 21:34:42] (Hilo: INDICES) Patrullando 14 activos...
[2026-06-15 21:34:42] (Hilo: METALES) Patrullando 15 activos...
[2026-06-15 21:34:42] (Hilo: METALES) [COOLDOWN] XAUUSDm bloqueado. Operación reciente detectada.
[2026-06-15 21:34:42] (Hilo: METALES) [COOLDOWN] XAUAUDm bloqueado. Operación reciente detectada.
[2026-06-15 21:34:42] (Hilo: METALES) [COOLDOWN] XAUEURm bloqueado. Operación reciente detectada.
[2026-06-15 21:34:43] (Hilo: ACCIONES) Patrullando 91 activos...
[2026-06-15 21:34:53] (Hilo: FOREX) Patrullando 7 activos...
[2026-06-15 21:34:53] (Hilo: FOREX) [COOLDOWN] GBPUSDm bloqueado. Operación reciente detectada.
[2026-06-15 21:34:54] (Hilo: CRIPTO) Patrullando 2 activos...
[2026-06-15 21:34:54] (Hilo: CRIPTO) [COOLDOWN] BTCUSDm bloqueado. Operación reciente detectada.
[2026-06-15 21:34:55] (Hilo: ENERGIA) Patrullando 3 activos...
[2026-06-15 21:34:57] (Hilo: INDICES) Patrullando 14 activos...
[2026-06-15 21:34:57] (Hilo: METALES) Patrullando 15 activos...
[2026-06-15 21:34:57] (Hilo: METALES) [COOLDOWN] XAUUSDm bloqueado. Operación reciente detectada.
[2026-06-15 21:34:57] (Hilo: METALES) [COOLDOWN] XAUAUDm bloqueado. Operación reciente detectada.
[2026-06-15 21:34:57] (Hilo: METALES) [COOLDOWN] XAUEURm bloqueado. Operación reciente detectada.
[2026-06-15 21:34:58] (Hilo: ACCIONES) Patrullando 91 activos...
[2026-06-15 21:35:08] (Hilo: FOREX) Patrullando 7 activos...
[2026-06-15 21:35:08] (Hilo: FOREX) [COOLDOWN] GBPUSDm bloqueado. Operación reciente detectada.
[2026-06-15 21:35:10] (Hilo: CRIPTO) Patrullando 2 activos...
[2026-06-15 21:35:10] (Hilo: CRIPTO) [COOLDOWN] BTCUSDm bloqueado. Operación reciente detectada.
[2026-06-15 21:35:10] (Hilo: ENERGIA) Patrullando 3 activos...
[2026-06-15 21:35:12] (Hilo: INDICES) Patrullando 14 activos...
[2026-06-15 21:35:12] (Hilo: METALES) Patrullando 15 activos...
[2026-06-15 21:35:12] (Hilo: METALES) [COOLDOWN] XAUUSDm bloqueado. Operación reciente detectada.
[2026-06-15 21:35:12] (Hilo: METALES) [COOLDOWN] XAUAUDm bloqueado. Operación reciente detectada.
[2026-06-15 21:35:12] (Hilo: METALES) [COOLDOWN] XAUEURm bloqueado. Operación reciente detectada.
[2026-06-15 21:35:13] (Hilo: ACCIONES) Patrullando 91 activos...
[2026-06-15 21:35:23] (Hilo: FOREX) Patrullando 7 activos...
[2026-06-15 21:35:23] (Hilo: FOREX) [COOLDOWN] GBPUSDm bloqueado. Operación reciente detectada.
[2026-06-15 21:35:25] (Hilo: CRIPTO) Patrullando 2 activos...
[2026-06-15 21:35:25] (Hilo: CRIPTO) [COOLDOWN] BTCUSDm bloqueado. Operación reciente detectada.
[2026-06-15 21:35:25] (Hilo: ENERGIA) Patrullando 3 activos...
[2026-06-15 21:35:27] (Hilo: INDICES) Patrullando 14 activos...
[2026-06-15 21:35:27] (Hilo: METALES) Patrullando 15 activos...
[2026-06-15 21:35:27] (Hilo: METALES) [COOLDOWN] XAUUSDm bloqueado. Operación reciente detectada.
[2026-06-15 21:35:27] (Hilo: METALES) [COOLDOWN] XAUAUDm bloqueado. Operación reciente detectada.
[2026-06-15 21:35:27] (Hilo: METALES) [COOLDOWN] XAUEURm bloqueado. Operación reciente detectada.
[2026-06-15 21:35:28] (Hilo: ACCIONES) Patrullando 91 activos...
[2026-06-15 21:35:38] (Hilo: FOREX) Patrullando 7 activos...
[2026-06-15 21:35:38] (Hilo: FOREX) [COOLDOWN] GBPUSDm bloqueado. Operación reciente detectada.
[2026-06-15 21:35:40] (Hilo: CRIPTO) Patrullando 2 activos...
[2026-06-15 21:35:40] (Hilo: CRIPTO) [COOLDOWN] BTCUSDm bloqueado. Operación reciente detectada.
[2026-06-15 21:35:40] (Hilo: ENERGIA) Patrullando 3 activos...
[2026-06-15 21:35:42] (Hilo: INDICES) Patrullando 14 activos...
[2026-06-15 21:35:42] (Hilo: METALES) Patrullando 15 activos...
[2026-06-15 21:35:42] (Hilo: METALES) [COOLDOWN] XAUUSDm bloqueado. Operación reciente detectada.
[2026-06-15 21:35:42] (Hilo: METALES) [COOLDOWN] XAUAUDm bloqueado. Operación reciente detectada.
[2026-06-15 21:35:42] (Hilo: METALES) [COOLDOWN] XAUEURm bloqueado. Operación reciente detectada.
[2026-06-15 21:35:44] (Hilo: ACCIONES) Patrullando 91 activos...
[2026-06-15 21:35:53] (Hilo: FOREX) Patrullando 7 activos...
[2026-06-15 21:35:53] (Hilo: FOREX) [COOLDOWN] GBPUSDm bloqueado. Operación reciente detectada.
[2026-06-15 21:35:55] (Hilo: CRIPTO) Patrullando 2 activos...
[2026-06-15 21:35:55] (Hilo: CRIPTO) [COOLDOWN] BTCUSDm bloqueado. Operación reciente detectada.
[2026-06-15 21:35:55] (Hilo: ENERGIA) Patrullando 3 activos...
[2026-06-15 21:35:57] (Hilo: INDICES) Patrullando 14 activos...
[2026-06-15 21:35:58] (Hilo: METALES) Patrullando 15 activos...
[2026-06-15 21:35:58] (Hilo: METALES) [COOLDOWN] XAUUSDm bloqueado. Operación reciente detectada.
[2026-06-15 21:35:58] (Hilo: METALES) [COOLDOWN] XAUAUDm bloqueado. Operación reciente detectada.
[2026-06-15 21:35:58] (Hilo: METALES) [COOLDOWN] XAUEURm bloqueado. Operación reciente detectada.
[2026-06-15 21:35:59] (Hilo: ACCIONES) Patrullando 91 activos...
[2026-06-15 21:36:08] (Hilo: FOREX) Patrullando 7 activos...
[2026-06-15 21:36:08] (Hilo: FOREX) [COOLDOWN] GBPUSDm bloqueado. Operación reciente detectada.
[2026-06-15 21:36:10] (Hilo: CRIPTO) Patrullando 2 activos...
[2026-06-15 21:36:10] (Hilo: CRIPTO) [COOLDOWN] BTCUSDm bloqueado. Operación reciente detectada.
[2026-06-15 21:36:10] (Hilo: ENERGIA) Patrullando 3 activos...
[2026-06-15 21:36:12] (Hilo: INDICES) Patrullando 14 activos...
[2026-06-15 21:36:13] (Hilo: METALES) Patrullando 15 activos...
[2026-06-15 21:36:13] (Hilo: METALES) [COOLDOWN] XAUUSDm bloqueado. Operación reciente detectada.
[2026-06-15 21:36:13] (Hilo: METALES) [COOLDOWN] XAUAUDm bloqueado. Operación reciente detectada.
[2026-06-15 21:36:13] (Hilo: METALES) [COOLDOWN] XAUEURm bloqueado. Operación reciente detectada.
[2026-06-15 21:36:14] (Hilo: ACCIONES) Patrullando 91 activos...
[2026-06-15 21:36:23] (Hilo: FOREX) Patrullando 7 activos...
[2026-06-15 21:36:23] (Hilo: FOREX) [COOLDOWN] GBPUSDm bloqueado. Operación reciente detectada.
[2026-06-15 21:36:25] (Hilo: CRIPTO) Patrullando 2 activos...
[2026-06-15 21:36:25] (Hilo: CRIPTO) [COOLDOWN] BTCUSDm bloqueado. Operación reciente detectada.
[2026-06-15 21:36:25] (Hilo: ENERGIA) Patrullando 3 activos...
[2026-06-15 21:36:27] (Hilo: INDICES) Patrullando 14 activos...
[2026-06-15 21:36:28] (Hilo: METALES) Patrullando 15 activos...
[2026-06-15 21:36:28] (Hilo: METALES) [COOLDOWN] XAUUSDm bloqueado. Operación reciente detectada.
[2026-06-15 21:36:28] (Hilo: METALES) [COOLDOWN] XAUAUDm bloqueado. Operación reciente detectada.
[2026-06-15 21:36:28] (Hilo: METALES) [COOLDOWN] XAUEURm bloqueado. Operación reciente detectada.
[2026-06-15 21:36:29] (Hilo: ACCIONES) Patrullando 91 activos...
[2026-06-15 21:36:38] (Hilo: FOREX) Patrullando 7 activos...
[2026-06-15 21:36:38] (Hilo: FOREX) [COOLDOWN] GBPUSDm bloqueado. Operación reciente detectada.
[2026-06-15 21:36:40] (Hilo: CRIPTO) Patrullando 2 activos...
[2026-06-15 21:36:40] (Hilo: CRIPTO) [COOLDOWN] BTCUSDm bloqueado. Operación reciente detectada.
[2026-06-15 21:36:40] (Hilo: ENERGIA) Patrullando 3 activos...
[2026-06-15 21:36:42] (Hilo: INDICES) Patrullando 14 activos...
[2026-06-15 21:36:43] (Hilo: METALES) Patrullando 15 activos...
[2026-06-15 21:36:43] (Hilo: METALES) [COOLDOWN] XAUUSDm bloqueado. Operación reciente detectada.
[2026-06-15 21:36:43] (Hilo: METALES) [COOLDOWN] XAUEURm bloqueado. Operación reciente detectada.
[2026-06-15 21:36:44] (Hilo: ACCIONES) Patrullando 91 activos...
[2026-06-15 21:36:53] (Hilo: FOREX) Patrullando 7 activos...
[2026-06-15 21:36:53] (Hilo: FOREX) [COOLDOWN] GBPUSDm bloqueado. Operación reciente detectada.
[2026-06-15 21:36:55] (Hilo: CRIPTO) Patrullando 2 activos...
[2026-06-15 21:36:55] (Hilo: CRIPTO) [COOLDOWN] BTCUSDm bloqueado. Operación reciente detectada.
[2026-06-15 21:36:55] (Hilo: ENERGIA) Patrullando 3 activos...
[2026-06-15 21:36:57] (Hilo: INDICES) Patrullando 14 activos...
[2026-06-15 21:36:58] (Hilo: METALES) Patrullando 15 activos...
[2026-06-15 21:36:58] (Hilo: METALES) [COOLDOWN] XAUUSDm bloqueado. Operación reciente detectada.
[2026-06-15 21:36:58] (Hilo: METALES) [COOLDOWN] XAUEURm bloqueado. Operación reciente detectada.
[2026-06-15 21:37:00] (Hilo: ACCIONES) Patrullando 91 activos...
[2026-06-15 21:37:08] (Hilo: FOREX) Patrullando 7 activos...
[2026-06-15 21:37:08] (Hilo: FOREX) [COOLDOWN] GBPUSDm bloqueado. Operación reciente detectada.
[2026-06-15 21:37:10] (Hilo: CRIPTO) Patrullando 2 activos...
[2026-06-15 21:37:10] (Hilo: CRIPTO) [COOLDOWN] BTCUSDm bloqueado. Operación reciente detectada.
[2026-06-15 21:37:10] (Hilo: CRIPTO) [COOLDOWN] ETHUSDm bloqueado. Operación reciente detectada.
[2026-06-15 21:37:10] (Hilo: ENERGIA) Patrullando 3 activos...
[2026-06-15 21:37:12] (Hilo: INDICES) Patrullando 14 activos...
[2026-06-15 21:37:13] (Hilo: METALES) Patrullando 15 activos...
[2026-06-15 21:37:13] (Hilo: METALES) [COOLDOWN] XAUUSDm bloqueado. Operación reciente detectada.
[2026-06-15 21:37:13] (Hilo: METALES) [COOLDOWN] XAUEURm bloqueado. Operación reciente detectada.
[2026-06-15 21:37:15] (Hilo: ACCIONES) Patrullando 91 activos...
[2026-06-15 21:37:23] (Hilo: FOREX) Patrullando 7 activos...
[2026-06-15 21:37:23] (Hilo: FOREX) [COOLDOWN] GBPUSDm bloqueado. Operación reciente detectada.
[2026-06-15 21:37:25] (Hilo: CRIPTO) Patrullando 2 activos...
[2026-06-15 21:37:25] (Hilo: CRIPTO) [COOLDOWN] BTCUSDm bloqueado. Operación reciente detectada.
[2026-06-15 21:37:25] (Hilo: CRIPTO) [COOLDOWN] ETHUSDm bloqueado. Operación reciente detectada.
[2026-06-15 21:37:25] (Hilo: ENERGIA) Patrullando 3 activos...
[2026-06-15 21:37:27] (Hilo: INDICES) Patrullando 14 activos...
[2026-06-15 21:37:28] (Hilo: METALES) Patrullando 15 activos...
[2026-06-15 21:37:28] (Hilo: METALES) [COOLDOWN] XAUUSDm bloqueado. Operación reciente detectada.
[2026-06-15 21:37:28] (Hilo: METALES) [COOLDOWN] XAUEURm bloqueado. Operación reciente detectada.
[2026-06-15 21:37:30] (Hilo: ACCIONES) Patrullando 91 activos...
[2026-06-15 21:37:38] (Hilo: FOREX) Patrullando 7 activos...
[2026-06-15 21:37:38] (Hilo: FOREX) [COOLDOWN] GBPUSDm bloqueado. Operación reciente detectada.
[2026-06-15 21:37:40] (Hilo: CRIPTO) Patrullando 2 activos...
[2026-06-15 21:37:40] (Hilo: CRIPTO) [COOLDOWN] BTCUSDm bloqueado. Operación reciente detectada.
[2026-06-15 21:37:40] (Hilo: CRIPTO) [COOLDOWN] ETHUSDm bloqueado. Operación reciente detectada.
[2026-06-15 21:37:40] (Hilo: ENERGIA) Patrullando 3 activos...
[2026-06-15 21:37:42] (Hilo: INDICES) Patrullando 14 activos...
[2026-06-15 21:37:43] (Hilo: METALES) Patrullando 15 activos...
[2026-06-15 21:37:43] (Hilo: METALES) [COOLDOWN] XAUUSDm bloqueado. Operación reciente detectada.
[2026-06-15 21:37:43] (Hilo: METALES) [COOLDOWN] XAUEURm bloqueado. Operación reciente detectada.
[2026-06-15 21:37:45] (Hilo: ACCIONES) Patrullando 91 activos...
[2026-06-15 21:37:53] (Hilo: FOREX) Patrullando 7 activos...
[2026-06-15 21:37:53] (Hilo: FOREX) [COOLDOWN] GBPUSDm bloqueado. Operación reciente detectada.
[2026-06-15 21:37:55] (Hilo: CRIPTO) Patrullando 2 activos...
[2026-06-15 21:37:55] (Hilo: CRIPTO) [COOLDOWN] BTCUSDm bloqueado. Operación reciente detectada.
[2026-06-15 21:37:55] (Hilo: CRIPTO) [COOLDOWN] ETHUSDm bloqueado. Operación reciente detectada.
[2026-06-15 21:37:55] (Hilo: ENERGIA) Patrullando 3 activos...
[2026-06-15 21:37:57] (Hilo: INDICES) Patrullando 14 activos...
[2026-06-15 21:37:58] (Hilo: METALES) Patrullando 15 activos...
[2026-06-15 21:37:58] (Hilo: METALES) [COOLDOWN] XAUUSDm bloqueado. Operación reciente detectada.
[2026-06-15 21:37:58] (Hilo: METALES) [COOLDOWN] XAUEURm bloqueado. Operación reciente detectada.
[2026-06-15 21:39:30] (Hilo: MainThread) Inicializando motores del Quant Sniper Multi-Thread Bot...
[2026-06-15 21:39:30] (Hilo: MainThread) Conexión establecida con éxito. Desplegando hilos de trabajo...
[2026-06-15 21:39:30] (Hilo: FOREX) Fila de patrullaje activada con Firma: 1000
[2026-06-15 21:39:30] (Hilo: METALES) Fila de patrullaje activada con Firma: 3000
[2026-06-15 21:39:30] (Hilo: FOREX) Patrullando 7 activos...
[2026-06-15 21:39:30] (Hilo: METALES) Patrullando 15 activos...
[2026-06-15 21:39:30] (Hilo: CRIPTO) Fila de patrullaje activada con Firma: 2000
[2026-06-15 21:39:30] (Hilo: FOREX) [COOLDOWN] GBPUSDm bloqueado. Operación reciente detectada.
[2026-06-15 21:39:30] (Hilo: INDICES) Fila de patrullaje activada con Firma: 4000
[2026-06-15 21:39:30] (Hilo: CRIPTO) Patrullando 2 activos...
[2026-06-15 21:39:30] (Hilo: ENERGIA) Fila de patrullaje activada con Firma: 5000
[2026-06-15 21:39:30] (Hilo: METALES) [COOLDOWN] XAUUSDm bloqueado. Operación reciente detectada.
[2026-06-15 21:39:30] (Hilo: ACCIONES) Fila de patrullaje activada con Firma: 6000
[2026-06-15 21:39:30] (Hilo: INDICES) Patrullando 14 activos...
[2026-06-15 21:39:30] (Hilo: CRIPTO) [COOLDOWN] BTCUSDm bloqueado. Operación reciente detectada.
[2026-06-15 21:39:30] (Hilo: ACCIONES) Patrullando 91 activos...
[2026-06-15 21:39:30] (Hilo: ENERGIA) Patrullando 3 activos...
[2026-06-15 21:39:30] (Hilo: CRIPTO) [COOLDOWN] ETHUSDm bloqueado. Operación reciente detectada.
[2026-06-15 21:39:31] (Hilo: METALES) [COOLDOWN] XAUEURm bloqueado. Operación reciente detectada.
[2026-06-15 21:39:46] (Hilo: CRIPTO) Patrullando 2 activos...
[2026-06-15 21:39:46] (Hilo: CRIPTO) [COOLDOWN] BTCUSDm bloqueado. Operación reciente detectada.
[2026-06-15 21:39:46] (Hilo: FOREX) Patrullando 7 activos...
[2026-06-15 21:39:46] (Hilo: CRIPTO) [COOLDOWN] ETHUSDm bloqueado. Operación reciente detectada.
[2026-06-15 21:39:46] (Hilo: FOREX) [COOLDOWN] GBPUSDm bloqueado. Operación reciente detectada.
[2026-06-15 21:39:47] (Hilo: ENERGIA) Patrullando 3 activos...
[2026-06-15 21:39:49] (Hilo: METALES) Patrullando 15 activos...
[2026-06-15 21:39:49] (Hilo: METALES) [COOLDOWN] XAUUSDm bloqueado. Operación reciente detectada.
[2026-06-15 21:39:49] (Hilo: METALES) [COOLDOWN] XAUEURm bloqueado. Operación reciente detectada.
[2026-06-15 21:39:50] (Hilo: INDICES) Patrullando 14 activos...
[2026-06-15 21:40:01] (Hilo: CRIPTO) Patrullando 2 activos...
[2026-06-15 21:40:01] (Hilo: CRIPTO) [COOLDOWN] BTCUSDm bloqueado. Operación reciente detectada.
[2026-06-15 21:40:01] (Hilo: CRIPTO) [COOLDOWN] ETHUSDm bloqueado. Operación reciente detectada.
[2026-06-15 21:40:01] (Hilo: FOREX) Patrullando 7 activos...
[2026-06-15 21:40:01] (Hilo: FOREX) [COOLDOWN] GBPUSDm bloqueado. Operación reciente detectada.
[2026-06-15 21:40:02] (Hilo: ENERGIA) Patrullando 3 activos...
[2026-06-15 21:40:04] (Hilo: ACCIONES) Patrullando 91 activos...
[2026-06-15 21:40:04] (Hilo: METALES) Patrullando 15 activos...
[2026-06-15 21:40:04] (Hilo: METALES) [COOLDOWN] XAUUSDm bloqueado. Operación reciente detectada.
[2026-06-15 21:40:04] (Hilo: METALES) [COOLDOWN] XAUEURm bloqueado. Operación reciente detectada.
[2026-06-15 21:40:05] (Hilo: INDICES) Patrullando 14 activos...
[2026-06-15 21:40:16] (Hilo: CRIPTO) Patrullando 2 activos...
[2026-06-15 21:40:16] (Hilo: CRIPTO) [COOLDOWN] BTCUSDm bloqueado. Operación reciente detectada.
[2026-06-15 21:40:16] (Hilo: CRIPTO) [COOLDOWN] ETHUSDm bloqueado. Operación reciente detectada.
[2026-06-15 21:40:16] (Hilo: FOREX) Patrullando 7 activos...
[2026-06-15 21:40:16] (Hilo: FOREX) [COOLDOWN] GBPUSDm bloqueado. Operación reciente detectada.
[2026-06-15 21:40:17] (Hilo: ENERGIA) Patrullando 3 activos...
[2026-06-15 21:40:19] (Hilo: METALES) Patrullando 15 activos...
[2026-06-15 21:40:19] (Hilo: METALES) [COOLDOWN] XAUUSDm bloqueado. Operación reciente detectada.
[2026-06-15 21:40:19] (Hilo: METALES) [COOLDOWN] XAUEURm bloqueado. Operación reciente detectada.
[2026-06-15 21:40:20] (Hilo: INDICES) Patrullando 14 activos...
[2026-06-15 21:40:21] (Hilo: ACCIONES) Patrullando 91 activos...
[2026-06-15 21:40:31] (Hilo: CRIPTO) Patrullando 2 activos...
[2026-06-15 21:40:31] (Hilo: CRIPTO) [COOLDOWN] BTCUSDm bloqueado. Operación reciente detectada.
[2026-06-15 21:40:31] (Hilo: CRIPTO) [COOLDOWN] ETHUSDm bloqueado. Operación reciente detectada.
[2026-06-15 21:40:31] (Hilo: FOREX) Patrullando 7 activos...
[2026-06-15 21:40:31] (Hilo: FOREX) [COOLDOWN] GBPUSDm bloqueado. Operación reciente detectada.
[2026-06-15 21:40:32] (Hilo: ENERGIA) Patrullando 3 activos...
[2026-06-15 21:40:34] (Hilo: METALES) Patrullando 15 activos...
[2026-06-15 21:40:34] (Hilo: METALES) [COOLDOWN] XAUUSDm bloqueado. Operación reciente detectada.
[2026-06-15 21:40:34] (Hilo: METALES) [COOLDOWN] XAUEURm bloqueado. Operación reciente detectada.
[2026-06-15 21:40:35] (Hilo: INDICES) Patrullando 14 activos...
[2026-06-15 21:40:36] (Hilo: ACCIONES) Patrullando 91 activos...
[2026-06-15 21:40:46] (Hilo: CRIPTO) Patrullando 2 activos...
[2026-06-15 21:40:46] (Hilo: CRIPTO) [COOLDOWN] BTCUSDm bloqueado. Operación reciente detectada.
[2026-06-15 21:40:46] (Hilo: CRIPTO) [COOLDOWN] ETHUSDm bloqueado. Operación reciente detectada.
[2026-06-15 21:40:46] (Hilo: FOREX) Patrullando 7 activos...
[2026-06-15 21:40:46] (Hilo: FOREX) [COOLDOWN] GBPUSDm bloqueado. Operación reciente detectada.
[2026-06-15 21:40:47] (Hilo: ENERGIA) Patrullando 3 activos...
[2026-06-15 21:40:50] (Hilo: METALES) Patrullando 15 activos...
[2026-06-15 21:40:50] (Hilo: METALES) [COOLDOWN] XAUUSDm bloqueado. Operación reciente detectada.
[2026-06-15 21:40:50] (Hilo: METALES) [COOLDOWN] XAUEURm bloqueado. Operación reciente detectada.
[2026-06-15 21:40:50] (Hilo: INDICES) Patrullando 14 activos...
[2026-06-15 21:40:52] (Hilo: ACCIONES) Patrullando 91 activos...
[2026-06-15 21:41:01] (Hilo: CRIPTO) Patrullando 2 activos...
[2026-06-15 21:41:01] (Hilo: CRIPTO) [COOLDOWN] BTCUSDm bloqueado. Operación reciente detectada.
[2026-06-15 21:41:01] (Hilo: CRIPTO) [COOLDOWN] ETHUSDm bloqueado. Operación reciente detectada.
[2026-06-15 21:41:01] (Hilo: FOREX) Patrullando 7 activos...
[2026-06-15 21:41:01] (Hilo: FOREX) [COOLDOWN] GBPUSDm bloqueado. Operación reciente detectada.
[2026-06-15 21:41:02] (Hilo: ENERGIA) Patrullando 3 activos...
[2026-06-15 21:41:05] (Hilo: METALES) Patrullando 15 activos...
[2026-06-15 21:41:05] (Hilo: METALES) [COOLDOWN] XAUUSDm bloqueado. Operación reciente detectada.
[2026-06-15 21:41:05] (Hilo: METALES) [COOLDOWN] XAUEURm bloqueado. Operación reciente detectada.
[2026-06-15 21:41:05] (Hilo: INDICES) Patrullando 14 activos...
[2026-06-15 21:41:07] (Hilo: ACCIONES) Patrullando 91 activos...
[2026-06-15 21:41:16] (Hilo: CRIPTO) Patrullando 2 activos...
[2026-06-15 21:41:16] (Hilo: FOREX) Patrullando 7 activos...
[2026-06-15 21:41:16] (Hilo: FOREX) [COOLDOWN] GBPUSDm bloqueado. Operación reciente detectada.
[2026-06-15 21:41:16] (Hilo: CRIPTO) [COOLDOWN] ETHUSDm bloqueado. Operación reciente detectada.
[2026-06-15 21:41:17] (Hilo: ENERGIA) Patrullando 3 activos...
[2026-06-15 21:41:20] (Hilo: METALES) Patrullando 15 activos...
[2026-06-15 21:41:20] (Hilo: METALES) [COOLDOWN] XAUUSDm bloqueado. Operación reciente detectada.
[2026-06-15 21:41:20] (Hilo: METALES) [COOLDOWN] XAUEURm bloqueado. Operación reciente detectada.
[2026-06-15 21:41:20] (Hilo: INDICES) Patrullando 14 activos...
[2026-06-15 21:41:23] (Hilo: ACCIONES) Patrullando 91 activos...
[2026-06-15 21:41:31] (Hilo: CRIPTO) Patrullando 2 activos...
[2026-06-15 21:41:31] (Hilo: FOREX) Patrullando 7 activos...
[2026-06-15 21:41:31] (Hilo: FOREX) [COOLDOWN] GBPUSDm bloqueado. Operación reciente detectada.
[2026-06-15 21:41:31] (Hilo: CRIPTO) [COOLDOWN] ETHUSDm bloqueado. Operación reciente detectada.
[2026-06-15 21:41:32] (Hilo: ENERGIA) Patrullando 3 activos...
[2026-06-15 21:41:35] (Hilo: METALES) Patrullando 15 activos...
[2026-06-15 21:41:35] (Hilo: METALES) [COOLDOWN] XAUUSDm bloqueado. Operación reciente detectada.
[2026-06-15 21:41:35] (Hilo: METALES) [COOLDOWN] XAUEURm bloqueado. Operación reciente detectada.
[2026-06-15 21:41:35] (Hilo: INDICES) Patrullando 14 activos...
[2026-06-15 21:41:38] (Hilo: ACCIONES) Patrullando 91 activos...
[2026-06-15 21:41:46] (Hilo: CRIPTO) Patrullando 2 activos...
[2026-06-15 21:41:46] (Hilo: FOREX) Patrullando 7 activos...
[2026-06-15 21:41:46] (Hilo: FOREX) [COOLDOWN] GBPUSDm bloqueado. Operación reciente detectada.
[2026-06-15 21:41:46] (Hilo: CRIPTO) [COOLDOWN] ETHUSDm bloqueado. Operación reciente detectada.
[2026-06-15 21:41:47] (Hilo: ENERGIA) Patrullando 3 activos...
[2026-06-15 21:41:50] (Hilo: METALES) Patrullando 15 activos...
[2026-06-15 21:41:50] (Hilo: METALES) [COOLDOWN] XAUUSDm bloqueado. Operación reciente detectada.
[2026-06-15 21:41:50] (Hilo: METALES) [COOLDOWN] XAUEURm bloqueado. Operación reciente detectada.
[2026-06-15 21:41:51] (Hilo: INDICES) Patrullando 14 activos...
[2026-06-15 21:41:54] (Hilo: ACCIONES) Patrullando 91 activos...
[2026-06-15 21:42:01] (Hilo: CRIPTO) Patrullando 2 activos...
[2026-06-15 21:42:01] (Hilo: FOREX) Patrullando 7 activos...
[2026-06-15 21:42:01] (Hilo: FOREX) [COOLDOWN] GBPUSDm bloqueado. Operación reciente detectada.
[2026-06-15 21:42:01] (Hilo: CRIPTO) [COOLDOWN] ETHUSDm bloqueado. Operación reciente detectada.
[2026-06-15 21:42:02] (Hilo: ENERGIA) Patrullando 3 activos...
[2026-06-15 21:42:05] (Hilo: METALES) Patrullando 15 activos...
[2026-06-15 21:42:05] (Hilo: METALES) [COOLDOWN] XAUUSDm bloqueado. Operación reciente detectada.
[2026-06-15 21:42:05] (Hilo: METALES) [COOLDOWN] XAUEURm bloqueado. Operación reciente detectada.
[2026-06-15 21:42:06] (Hilo: INDICES) Patrullando 14 activos...
[2026-06-15 21:42:09] (Hilo: ACCIONES) Patrullando 91 activos...
[2026-06-15 21:42:16] (Hilo: CRIPTO) Patrullando 2 activos...
[2026-06-15 21:42:16] (Hilo: FOREX) Patrullando 7 activos...
[2026-06-15 21:42:16] (Hilo: FOREX) [COOLDOWN] GBPUSDm bloqueado. Operación reciente detectada.
[2026-06-15 21:42:16] (Hilo: CRIPTO) [COOLDOWN] ETHUSDm bloqueado. Operación reciente detectada.
[2026-06-15 21:42:17] (Hilo: ENERGIA) Patrullando 3 activos...
[2026-06-15 21:42:20] (Hilo: METALES) Patrullando 15 activos...
[2026-06-15 21:42:20] (Hilo: METALES) [COOLDOWN] XAUUSDm bloqueado. Operación reciente detectada.
[2026-06-15 21:42:20] (Hilo: METALES) [COOLDOWN] XAUEURm bloqueado. Operación reciente detectada.
[2026-06-15 21:42:21] (Hilo: INDICES) Patrullando 14 activos...
[2026-06-15 21:42:25] (Hilo: ACCIONES) Patrullando 91 activos...
[2026-06-15 21:42:31] (Hilo: CRIPTO) Patrullando 2 activos...
[2026-06-15 21:42:31] (Hilo: FOREX) Patrullando 7 activos...
[2026-06-15 21:42:31] (Hilo: FOREX) [COOLDOWN] GBPUSDm bloqueado. Operación reciente detectada.
[2026-06-15 21:42:31] (Hilo: CRIPTO) [COOLDOWN] ETHUSDm bloqueado. Operación reciente detectada.
[2026-06-15 21:42:32] (Hilo: ENERGIA) Patrullando 3 activos...
[2026-06-15 21:42:35] (Hilo: METALES) Patrullando 15 activos...
[2026-06-15 21:42:35] (Hilo: METALES) [COOLDOWN] XAUUSDm bloqueado. Operación reciente detectada.
[2026-06-15 21:42:35] (Hilo: METALES) [COOLDOWN] XAUEURm bloqueado. Operación reciente detectada.
[2026-06-15 21:42:36] (Hilo: INDICES) Patrullando 14 activos...
[2026-06-15 21:42:40] (Hilo: ACCIONES) Patrullando 91 activos...
[2026-06-15 21:42:46] (Hilo: FOREX) Patrullando 7 activos...
[2026-06-15 21:42:46] (Hilo: CRIPTO) Patrullando 2 activos...
[2026-06-15 21:42:46] (Hilo: FOREX) [COOLDOWN] GBPUSDm bloqueado. Operación reciente detectada.
[2026-06-15 21:42:46] (Hilo: CRIPTO) [COOLDOWN] ETHUSDm bloqueado. Operación reciente detectada.
[2026-06-15 21:42:47] (Hilo: ENERGIA) Patrullando 3 activos...
[2026-06-15 21:42:50] (Hilo: METALES) Patrullando 15 activos...
[2026-06-15 21:42:50] (Hilo: METALES) [COOLDOWN] XAUUSDm bloqueado. Operación reciente detectada.
[2026-06-15 21:42:50] (Hilo: METALES) [COOLDOWN] XAUEURm bloqueado. Operación reciente detectada.
[2026-06-15 21:42:51] (Hilo: INDICES) Patrullando 14 activos...
[2026-06-15 21:42:56] (Hilo: ACCIONES) Patrullando 91 activos...
[2026-06-15 21:43:01] (Hilo: FOREX) Patrullando 7 activos...
[2026-06-15 21:43:01] (Hilo: FOREX) [COOLDOWN] GBPUSDm bloqueado. Operación reciente detectada.
[2026-06-15 21:43:01] (Hilo: CRIPTO) Patrullando 2 activos...
[2026-06-15 21:43:01] (Hilo: CRIPTO) [COOLDOWN] ETHUSDm bloqueado. Operación reciente detectada.
[2026-06-15 21:43:03] (Hilo: ENERGIA) Patrullando 3 activos...
[2026-06-15 21:43:05] (Hilo: METALES) Patrullando 15 activos...
[2026-06-15 21:43:05] (Hilo: METALES) [COOLDOWN] XAUUSDm bloqueado. Operación reciente detectada.
[2026-06-15 21:43:05] (Hilo: METALES) [COOLDOWN] XAUEURm bloqueado. Operación reciente detectada.
[2026-06-15 21:43:06] (Hilo: INDICES) Patrullando 14 activos...
[2026-06-15 21:43:11] (Hilo: ACCIONES) Patrullando 91 activos...
[2026-06-15 21:43:16] (Hilo: FOREX) Patrullando 7 activos...
[2026-06-15 21:43:16] (Hilo: FOREX) [COOLDOWN] GBPUSDm bloqueado. Operación reciente detectada.
[2026-06-15 21:43:16] (Hilo: CRIPTO) Patrullando 2 activos...
[2026-06-15 21:43:16] (Hilo: CRIPTO) [COOLDOWN] ETHUSDm bloqueado. Operación reciente detectada.
[2026-06-15 21:43:18] (Hilo: ENERGIA) Patrullando 3 activos...
[2026-06-15 21:43:20] (Hilo: METALES) Patrullando 15 activos...
[2026-06-15 21:43:20] (Hilo: METALES) [COOLDOWN] XAUUSDm bloqueado. Operación reciente detectada.
[2026-06-15 21:43:20] (Hilo: METALES) [COOLDOWN] XAUEURm bloqueado. Operación reciente detectada.
[2026-06-15 21:43:21] (Hilo: INDICES) Patrullando 14 activos...
[2026-06-15 21:43:27] (Hilo: ACCIONES) Patrullando 91 activos...
[2026-06-15 21:43:31] (Hilo: CRIPTO) Patrullando 2 activos...
[2026-06-15 21:43:31] (Hilo: FOREX) Patrullando 7 activos...
[2026-06-15 21:43:31] (Hilo: FOREX) [COOLDOWN] GBPUSDm bloqueado. Operación reciente detectada.
[2026-06-15 21:43:31] (Hilo: CRIPTO) [COOLDOWN] ETHUSDm bloqueado. Operación reciente detectada.
[2026-06-15 21:43:33] (Hilo: ENERGIA) Patrullando 3 activos...
[2026-06-15 21:43:35] (Hilo: METALES) Patrullando 15 activos...
[2026-06-15 21:43:35] (Hilo: METALES) [COOLDOWN] XAUUSDm bloqueado. Operación reciente detectada.
[2026-06-15 21:43:35] (Hilo: METALES) [COOLDOWN] XAUEURm bloqueado. Operación reciente detectada.
[2026-06-15 21:43:36] (Hilo: INDICES) Patrullando 14 activos...
[2026-06-15 21:43:42] (Hilo: ACCIONES) Patrullando 91 activos...
[2026-06-15 21:43:46] (Hilo: FOREX) Patrullando 7 activos...
[2026-06-15 21:43:46] (Hilo: FOREX) [COOLDOWN] GBPUSDm bloqueado. Operación reciente detectada.
[2026-06-15 21:43:46] (Hilo: CRIPTO) Patrullando 2 activos...
[2026-06-15 21:43:46] (Hilo: CRIPTO) [COOLDOWN] ETHUSDm bloqueado. Operación reciente detectada.
[2026-06-15 21:43:48] (Hilo: ENERGIA) Patrullando 3 activos...
[2026-06-15 21:43:50] (Hilo: METALES) Patrullando 15 activos...
[2026-06-15 21:43:50] (Hilo: METALES) [COOLDOWN] XAUUSDm bloqueado. Operación reciente detectada.
[2026-06-15 21:43:50] (Hilo: METALES) [COOLDOWN] XAUEURm bloqueado. Operación reciente detectada.
[2026-06-15 21:43:51] (Hilo: INDICES) Patrullando 14 activos...
[2026-06-15 21:43:58] (Hilo: ACCIONES) Patrullando 91 activos...
[2026-06-15 21:44:01] (Hilo: FOREX) Patrullando 7 activos...
[2026-06-15 21:44:01] (Hilo: CRIPTO) Patrullando 2 activos...
[2026-06-15 21:44:01] (Hilo: FOREX) [COOLDOWN] GBPUSDm bloqueado. Operación reciente detectada.
[2026-06-15 21:44:01] (Hilo: CRIPTO) [COOLDOWN] ETHUSDm bloqueado. Operación reciente detectada.
[2026-06-15 21:44:03] (Hilo: ENERGIA) Patrullando 3 activos...
[2026-06-15 21:44:05] (Hilo: METALES) Patrullando 15 activos...
[2026-06-15 21:44:05] (Hilo: METALES) [COOLDOWN] XAUUSDm bloqueado. Operación reciente detectada.
[2026-06-15 21:44:05] (Hilo: METALES) [COOLDOWN] XAUEURm bloqueado. Operación reciente detectada.
[2026-06-15 21:44:06] (Hilo: INDICES) Patrullando 14 activos...
[2026-06-15 21:44:13] (Hilo: ACCIONES) Patrullando 91 activos...
[2026-06-15 21:44:16] (Hilo: FOREX) Patrullando 7 activos...
[2026-06-15 21:44:16] (Hilo: FOREX) [COOLDOWN] GBPUSDm bloqueado. Operación reciente detectada.
[2026-06-15 21:44:16] (Hilo: CRIPTO) Patrullando 2 activos...
[2026-06-15 21:44:16] (Hilo: CRIPTO) [COOLDOWN] ETHUSDm bloqueado. Operación reciente detectada.
[2026-06-15 21:44:18] (Hilo: ENERGIA) Patrullando 3 activos...
[2026-06-15 21:44:20] (Hilo: METALES) Patrullando 15 activos...
[2026-06-15 21:44:20] (Hilo: METALES) [COOLDOWN] XAUUSDm bloqueado. Operación reciente detectada.
[2026-06-15 21:44:20] (Hilo: METALES) [COOLDOWN] XAUEURm bloqueado. Operación reciente detectada.
[2026-06-15 21:44:21] (Hilo: INDICES) Patrullando 14 activos...
[2026-06-15 21:44:29] (Hilo: ACCIONES) Patrullando 91 activos...
[2026-06-15 21:44:31] (Hilo: CRIPTO) Patrullando 2 activos...
[2026-06-15 21:44:31] (Hilo: FOREX) Patrullando 7 activos...
[2026-06-15 21:44:31] (Hilo: FOREX) [COOLDOWN] GBPUSDm bloqueado. Operación reciente detectada.
[2026-06-15 21:44:31] (Hilo: CRIPTO) [COOLDOWN] ETHUSDm bloqueado. Operación reciente detectada.
[2026-06-15 21:44:33] (Hilo: ENERGIA) Patrullando 3 activos...
[2026-06-15 21:44:35] (Hilo: METALES) Patrullando 15 activos...
[2026-06-15 21:44:35] (Hilo: METALES) [COOLDOWN] XAUUSDm bloqueado. Operación reciente detectada.
[2026-06-15 21:44:35] (Hilo: METALES) [COOLDOWN] XAUEURm bloqueado. Operación reciente detectada.
[2026-06-15 21:44:36] (Hilo: INDICES) Patrullando 14 activos...
[2026-06-15 21:44:45] (Hilo: ACCIONES) Patrullando 91 activos...
[2026-06-15 21:44:46] (Hilo: CRIPTO) Patrullando 2 activos...
[2026-06-15 21:44:46] (Hilo: FOREX) Patrullando 7 activos...
[2026-06-15 21:44:46] (Hilo: FOREX) [COOLDOWN] GBPUSDm bloqueado. Operación reciente detectada.
[2026-06-15 21:44:46] (Hilo: CRIPTO) [COOLDOWN] ETHUSDm bloqueado. Operación reciente detectada.
[2026-06-15 21:44:48] (Hilo: ENERGIA) Patrullando 3 activos...
[2026-06-15 21:44:51] (Hilo: METALES) Patrullando 15 activos...
[2026-06-15 21:44:51] (Hilo: METALES) [COOLDOWN] XAUUSDm bloqueado. Operación reciente detectada.
[2026-06-15 21:44:51] (Hilo: METALES) [COOLDOWN] XAUEURm bloqueado. Operación reciente detectada.
[2026-06-15 21:44:51] (Hilo: INDICES) Patrullando 14 activos...
[2026-06-15 21:45:00] (Hilo: ACCIONES) Patrullando 91 activos...
[2026-06-15 21:45:01] (Hilo: FOREX) Patrullando 7 activos...
[2026-06-15 21:45:01] (Hilo: CRIPTO) Patrullando 2 activos...
[2026-06-15 21:45:01] (Hilo: FOREX) [COOLDOWN] GBPUSDm bloqueado. Operación reciente detectada.
[2026-06-15 21:45:01] (Hilo: CRIPTO) [COOLDOWN] ETHUSDm bloqueado. Operación reciente detectada.
[2026-06-15 21:45:03] (Hilo: ENERGIA) Patrullando 3 activos...
[2026-06-15 21:45:06] (Hilo: METALES) Patrullando 15 activos...
[2026-06-15 21:45:06] (Hilo: METALES) [COOLDOWN] XAUUSDm bloqueado. Operación reciente detectada.
[2026-06-15 21:45:06] (Hilo: METALES) [COOLDOWN] XAUEURm bloqueado. Operación reciente detectada.
[2026-06-15 21:45:06] (Hilo: INDICES) Patrullando 14 activos...
[2026-06-15 21:45:16] (Hilo: ACCIONES) Patrullando 91 activos...
[2026-06-15 21:45:16] (Hilo: FOREX) Patrullando 7 activos...
[2026-06-15 21:45:16] (Hilo: FOREX) [COOLDOWN] GBPUSDm bloqueado. Operación reciente detectada.
[2026-06-15 21:45:16] (Hilo: CRIPTO) Patrullando 2 activos...
[2026-06-15 21:45:16] (Hilo: CRIPTO) [COOLDOWN] ETHUSDm bloqueado. Operación reciente detectada.
[2026-06-15 21:45:18] (Hilo: ENERGIA) Patrullando 3 activos...
[2026-06-15 21:45:21] (Hilo: METALES) Patrullando 15 activos...
[2026-06-15 21:45:21] (Hilo: METALES) [COOLDOWN] XAUUSDm bloqueado. Operación reciente detectada.
[2026-06-15 21:45:21] (Hilo: METALES) [COOLDOWN] XAUEURm bloqueado. Operación reciente detectada.
[2026-06-15 21:45:21] (Hilo: INDICES) Patrullando 14 activos...
[2026-06-15 21:45:31] (Hilo: FOREX) Patrullando 7 activos...
[2026-06-15 21:45:31] (Hilo: FOREX) [COOLDOWN] GBPUSDm bloqueado. Operación reciente detectada.
[2026-06-15 21:45:31] (Hilo: CRIPTO) Patrullando 2 activos...
[2026-06-15 21:45:31] (Hilo: CRIPTO) [COOLDOWN] ETHUSDm bloqueado. Operación reciente detectada.
[2026-06-15 21:45:31] (Hilo: ACCIONES) Patrullando 91 activos...
[2026-06-15 21:45:33] (Hilo: ENERGIA) Patrullando 3 activos...
[2026-06-15 21:45:36] (Hilo: METALES) Patrullando 15 activos...
[2026-06-15 21:45:36] (Hilo: METALES) [COOLDOWN] XAUUSDm bloqueado. Operación reciente detectada.
[2026-06-15 21:45:36] (Hilo: METALES) [COOLDOWN] XAUEURm bloqueado. Operación reciente detectada.
[2026-06-15 21:45:37] (Hilo: INDICES) Patrullando 14 activos...
[2026-06-15 21:45:46] (Hilo: FOREX) Patrullando 7 activos...
[2026-06-15 21:45:46] (Hilo: FOREX) [COOLDOWN] GBPUSDm bloqueado. Operación reciente detectada.
[2026-06-15 21:45:46] (Hilo: CRIPTO) Patrullando 2 activos...
[2026-06-15 21:45:46] (Hilo: CRIPTO) [COOLDOWN] ETHUSDm bloqueado. Operación reciente detectada.
[2026-06-15 21:45:47] (Hilo: ACCIONES) Patrullando 91 activos...
[2026-06-15 21:45:48] (Hilo: ENERGIA) Patrullando 3 activos...
[2026-06-15 21:45:51] (Hilo: METALES) Patrullando 15 activos...
[2026-06-15 21:45:51] (Hilo: METALES) [COOLDOWN] XAUUSDm bloqueado. Operación reciente detectada.
[2026-06-15 21:45:51] (Hilo: METALES) [COOLDOWN] XAUEURm bloqueado. Operación reciente detectada.
[2026-06-15 21:45:52] (Hilo: INDICES) Patrullando 14 activos...
[2026-06-15 21:46:01] (Hilo: FOREX) Patrullando 7 activos...
[2026-06-15 21:46:01] (Hilo: FOREX) [COOLDOWN] GBPUSDm bloqueado. Operación reciente detectada.
[2026-06-15 21:46:01] (Hilo: CRIPTO) Patrullando 2 activos...
[2026-06-15 21:46:01] (Hilo: CRIPTO) [COOLDOWN] ETHUSDm bloqueado. Operación reciente detectada.
[2026-06-15 21:46:02] (Hilo: ACCIONES) Patrullando 91 activos...
[2026-06-15 21:46:03] (Hilo: ENERGIA) Patrullando 3 activos...
[2026-06-15 21:46:06] (Hilo: METALES) Patrullando 15 activos...
[2026-06-15 21:46:06] (Hilo: METALES) [COOLDOWN] XAUUSDm bloqueado. Operación reciente detectada.
[2026-06-15 21:46:06] (Hilo: METALES) [COOLDOWN] XAUEURm bloqueado. Operación reciente detectada.
[2026-06-15 21:46:07] (Hilo: INDICES) Patrullando 14 activos...
[2026-06-15 21:46:16] (Hilo: FOREX) Patrullando 7 activos...
[2026-06-15 21:46:16] (Hilo: FOREX) [COOLDOWN] GBPUSDm bloqueado. Operación reciente detectada.
[2026-06-15 21:46:16] (Hilo: CRIPTO) Patrullando 2 activos...
[2026-06-15 21:46:16] (Hilo: CRIPTO) [COOLDOWN] ETHUSDm bloqueado. Operación reciente detectada.
[2026-06-15 21:46:18] (Hilo: ACCIONES) Patrullando 91 activos...
[2026-06-15 21:46:18] (Hilo: ENERGIA) Patrullando 3 activos...
[2026-06-15 21:46:21] (Hilo: METALES) Patrullando 15 activos...
[2026-06-15 21:46:21] (Hilo: METALES) [COOLDOWN] XAUUSDm bloqueado. Operación reciente detectada.
[2026-06-15 21:46:21] (Hilo: METALES) [COOLDOWN] XAUEURm bloqueado. Operación reciente detectada.
[2026-06-15 21:46:22] (Hilo: INDICES) Patrullando 14 activos...
[2026-06-15 21:46:31] (Hilo: FOREX) Patrullando 7 activos...
[2026-06-15 21:46:31] (Hilo: FOREX) [COOLDOWN] GBPUSDm bloqueado. Operación reciente detectada.
[2026-06-15 21:46:31] (Hilo: CRIPTO) Patrullando 2 activos...
[2026-06-15 21:46:31] (Hilo: CRIPTO) [COOLDOWN] ETHUSDm bloqueado. Operación reciente detectada.
[2026-06-15 21:46:33] (Hilo: ENERGIA) Patrullando 3 activos...
[2026-06-15 21:46:33] (Hilo: ACCIONES) Patrullando 91 activos...
[2026-06-15 21:46:36] (Hilo: METALES) Patrullando 15 activos...
[2026-06-15 21:46:36] (Hilo: METALES) [COOLDOWN] XAUUSDm bloqueado. Operación reciente detectada.
[2026-06-15 21:46:36] (Hilo: METALES) [COOLDOWN] XAUEURm bloqueado. Operación reciente detectada.
[2026-06-15 21:46:37] (Hilo: INDICES) Patrullando 14 activos...
[2026-06-15 21:46:46] (Hilo: FOREX) Patrullando 7 activos...
[2026-06-15 21:46:46] (Hilo: FOREX) [COOLDOWN] GBPUSDm bloqueado. Operación reciente detectada.
[2026-06-15 21:46:46] (Hilo: CRIPTO) Patrullando 2 activos...
[2026-06-15 21:46:46] (Hilo: CRIPTO) [COOLDOWN] ETHUSDm bloqueado. Operación reciente detectada.
[2026-06-15 21:46:48] (Hilo: ENERGIA) Patrullando 3 activos...
[2026-06-15 21:46:49] (Hilo: ACCIONES) Patrullando 91 activos...
[2026-06-15 21:46:51] (Hilo: METALES) Patrullando 15 activos...
[2026-06-15 21:46:51] (Hilo: METALES) [COOLDOWN] XAUUSDm bloqueado. Operación reciente detectada.
[2026-06-15 21:46:51] (Hilo: METALES) [COOLDOWN] XAUEURm bloqueado. Operación reciente detectada.
[2026-06-15 21:46:52] (Hilo: INDICES) Patrullando 14 activos...
[2026-06-15 21:47:01] (Hilo: FOREX) Patrullando 7 activos...
[2026-06-15 21:47:01] (Hilo: FOREX) [COOLDOWN] GBPUSDm bloqueado. Operación reciente detectada.
[2026-06-15 21:47:01] (Hilo: CRIPTO) Patrullando 2 activos...
[2026-06-15 21:47:01] (Hilo: CRIPTO) [COOLDOWN] ETHUSDm bloqueado. Operación reciente detectada.
[2026-06-15 21:47:03] (Hilo: ENERGIA) Patrullando 3 activos...
[2026-06-15 21:47:04] (Hilo: ACCIONES) Patrullando 91 activos...
[2026-06-15 21:47:06] (Hilo: METALES) Patrullando 15 activos...
[2026-06-15 21:47:06] (Hilo: METALES) [COOLDOWN] XAUUSDm bloqueado. Operación reciente detectada.
[2026-06-15 21:47:06] (Hilo: METALES) [COOLDOWN] XAUEURm bloqueado. Operación reciente detectada.
[2026-06-15 21:47:07] (Hilo: INDICES) Patrullando 14 activos...
[2026-06-15 21:47:16] (Hilo: CRIPTO) Patrullando 2 activos...
[2026-06-15 21:47:16] (Hilo: FOREX) Patrullando 7 activos...
[2026-06-15 21:47:16] (Hilo: FOREX) [COOLDOWN] GBPUSDm bloqueado. Operación reciente detectada.
[2026-06-15 21:47:16] (Hilo: CRIPTO) [COOLDOWN] ETHUSDm bloqueado. Operación reciente detectada.
[2026-06-15 21:47:18] (Hilo: ENERGIA) Patrullando 3 activos...
[2026-06-15 21:47:19] (Hilo: ACCIONES) Patrullando 91 activos...
[2026-06-15 21:47:21] (Hilo: METALES) Patrullando 15 activos...
[2026-06-15 21:47:21] (Hilo: METALES) [COOLDOWN] XAUUSDm bloqueado. Operación reciente detectada.
[2026-06-15 21:47:21] (Hilo: METALES) [COOLDOWN] XAUEURm bloqueado. Operación reciente detectada.
[2026-06-15 21:47:22] (Hilo: INDICES) Patrullando 14 activos...
[2026-06-15 21:47:31] (Hilo: FOREX) Patrullando 7 activos...
[2026-06-15 21:47:31] (Hilo: FOREX) [COOLDOWN] GBPUSDm bloqueado. Operación reciente detectada.
[2026-06-15 21:47:31] (Hilo: CRIPTO) Patrullando 2 activos...
[2026-06-15 21:47:31] (Hilo: CRIPTO) [COOLDOWN] ETHUSDm bloqueado. Operación reciente detectada.
[2026-06-15 21:47:33] (Hilo: ENERGIA) Patrullando 3 activos...
[2026-06-15 21:47:35] (Hilo: ACCIONES) Patrullando 91 activos...
[2026-06-15 21:47:36] (Hilo: METALES) Patrullando 15 activos...
[2026-06-15 21:47:36] (Hilo: METALES) [COOLDOWN] XAUUSDm bloqueado. Operación reciente detectada.
[2026-06-15 21:47:36] (Hilo: METALES) [COOLDOWN] XAUEURm bloqueado. Operación reciente detectada.
[2026-06-15 21:47:37] (Hilo: INDICES) Patrullando 14 activos...
[2026-06-15 21:47:46] (Hilo: FOREX) Patrullando 7 activos...
[2026-06-15 21:47:46] (Hilo: FOREX) [COOLDOWN] GBPUSDm bloqueado. Operación reciente detectada.
[2026-06-15 21:47:46] (Hilo: CRIPTO) Patrullando 2 activos...
[2026-06-15 21:47:46] (Hilo: CRIPTO) [COOLDOWN] ETHUSDm bloqueado. Operación reciente detectada.
[2026-06-15 21:47:48] (Hilo: ENERGIA) Patrullando 3 activos...
[2026-06-15 21:47:50] (Hilo: ACCIONES) Patrullando 91 activos...
[2026-06-15 21:47:51] (Hilo: METALES) Patrullando 15 activos...
[2026-06-15 21:47:51] (Hilo: METALES) [COOLDOWN] XAUUSDm bloqueado. Operación reciente detectada.
[2026-06-15 21:47:51] (Hilo: METALES) [COOLDOWN] XAUEURm bloqueado. Operación reciente detectada.
[2026-06-15 21:47:52] (Hilo: INDICES) Patrullando 14 activos...
[2026-06-15 21:48:01] (Hilo: FOREX) Patrullando 7 activos...
[2026-06-15 21:48:01] (Hilo: FOREX) [COOLDOWN] GBPUSDm bloqueado. Operación reciente detectada.
[2026-06-15 21:48:01] (Hilo: CRIPTO) Patrullando 2 activos...
[2026-06-15 21:48:01] (Hilo: CRIPTO) [COOLDOWN] ETHUSDm bloqueado. Operación reciente detectada.
[2026-06-15 21:48:03] (Hilo: ENERGIA) Patrullando 3 activos...
[2026-06-15 21:48:06] (Hilo: ACCIONES) Patrullando 91 activos...
[2026-06-15 21:48:06] (Hilo: METALES) Patrullando 15 activos...
[2026-06-15 21:48:06] (Hilo: METALES) [COOLDOWN] XAUUSDm bloqueado. Operación reciente detectada.
[2026-06-15 21:48:06] (Hilo: METALES) [COOLDOWN] XAUEURm bloqueado. Operación reciente detectada.
[2026-06-15 21:48:07] (Hilo: INDICES) Patrullando 14 activos...
[2026-06-15 21:48:16] (Hilo: FOREX) Patrullando 7 activos...
[2026-06-15 21:48:16] (Hilo: FOREX) [COOLDOWN] GBPUSDm bloqueado. Operación reciente detectada.
[2026-06-15 21:48:16] (Hilo: CRIPTO) Patrullando 2 activos...
[2026-06-15 21:48:16] (Hilo: CRIPTO) [COOLDOWN] ETHUSDm bloqueado. Operación reciente detectada.
[2026-06-15 21:48:18] (Hilo: ENERGIA) Patrullando 3 activos...
[2026-06-15 21:48:21] (Hilo: METALES) Patrullando 15 activos...
[2026-06-15 21:48:21] (Hilo: METALES) [COOLDOWN] XAUUSDm bloqueado. Operación reciente detectada.
[2026-06-15 21:48:21] (Hilo: METALES) [COOLDOWN] XAUEURm bloqueado. Operación reciente detectada.
[2026-06-15 21:48:21] (Hilo: ACCIONES) Patrullando 91 activos...
[2026-06-15 21:48:22] (Hilo: INDICES) Patrullando 14 activos...
[2026-06-15 21:48:31] (Hilo: FOREX) Patrullando 7 activos...
[2026-06-15 21:48:31] (Hilo: FOREX) [COOLDOWN] GBPUSDm bloqueado. Operación reciente detectada.
[2026-06-15 21:48:31] (Hilo: CRIPTO) Patrullando 2 activos...
[2026-06-15 21:48:31] (Hilo: CRIPTO) [COOLDOWN] ETHUSDm bloqueado. Operación reciente detectada.
[2026-06-15 21:48:33] (Hilo: ENERGIA) Patrullando 3 activos...
[2026-06-15 21:48:37] (Hilo: METALES) Patrullando 15 activos...
[2026-06-15 21:48:37] (Hilo: METALES) [COOLDOWN] XAUUSDm bloqueado. Operación reciente detectada.
[2026-06-15 21:48:37] (Hilo: METALES) [COOLDOWN] XAUEURm bloqueado. Operación reciente detectada.
[2026-06-15 21:48:37] (Hilo: ACCIONES) Patrullando 91 activos...
[2026-06-15 21:48:37] (Hilo: INDICES) Patrullando 14 activos...
[2026-06-15 21:48:46] (Hilo: FOREX) Patrullando 7 activos...
[2026-06-15 21:48:46] (Hilo: FOREX) [COOLDOWN] GBPUSDm bloqueado. Operación reciente detectada.
[2026-06-15 21:48:46] (Hilo: CRIPTO) Patrullando 2 activos...
[2026-06-15 21:48:46] (Hilo: CRIPTO) [COOLDOWN] ETHUSDm bloqueado. Operación reciente detectada.
[2026-06-15 21:48:48] (Hilo: ENERGIA) Patrullando 3 activos...
[2026-06-15 21:48:52] (Hilo: METALES) Patrullando 15 activos...
[2026-06-15 21:48:52] (Hilo: METALES) [COOLDOWN] XAUUSDm bloqueado. Operación reciente detectada.
[2026-06-15 21:48:52] (Hilo: METALES) [COOLDOWN] XAUEURm bloqueado. Operación reciente detectada.
[2026-06-15 21:48:53] (Hilo: INDICES) Patrullando 14 activos...
[2026-06-15 21:48:53] (Hilo: ACCIONES) Patrullando 91 activos...
[2026-06-15 21:49:01] (Hilo: CRIPTO) Patrullando 2 activos...
[2026-06-15 21:49:01] (Hilo: FOREX) Patrullando 7 activos...
[2026-06-15 21:49:01] (Hilo: FOREX) [COOLDOWN] GBPUSDm bloqueado. Operación reciente detectada.
[2026-06-15 21:49:01] (Hilo: CRIPTO) [COOLDOWN] ETHUSDm bloqueado. Operación reciente detectada.
[2026-06-15 21:49:03] (Hilo: ENERGIA) Patrullando 3 activos...
[2026-06-15 21:49:07] (Hilo: METALES) Patrullando 15 activos...
[2026-06-15 21:49:07] (Hilo: METALES) [COOLDOWN] XAUUSDm bloqueado. Operación reciente detectada.
[2026-06-15 21:49:07] (Hilo: METALES) [COOLDOWN] XAUEURm bloqueado. Operación reciente detectada.
[2026-06-15 21:49:08] (Hilo: INDICES) Patrullando 14 activos...
[2026-06-15 21:49:08] (Hilo: ACCIONES) Patrullando 91 activos...
[2026-06-15 21:49:16] (Hilo: FOREX) Patrullando 7 activos...
[2026-06-15 21:49:16] (Hilo: FOREX) [COOLDOWN] GBPUSDm bloqueado. Operación reciente detectada.
[2026-06-15 21:49:16] (Hilo: CRIPTO) Patrullando 2 activos...
[2026-06-15 21:49:16] (Hilo: CRIPTO) [COOLDOWN] ETHUSDm bloqueado. Operación reciente detectada.
[2026-06-15 21:49:18] (Hilo: ENERGIA) Patrullando 3 activos...
[2026-06-15 21:49:22] (Hilo: METALES) Patrullando 15 activos...
[2026-06-15 21:49:22] (Hilo: METALES) [COOLDOWN] XAUUSDm bloqueado. Operación reciente detectada.
[2026-06-15 21:49:22] (Hilo: METALES) [COOLDOWN] XAUEURm bloqueado. Operación reciente detectada.
[2026-06-15 21:49:23] (Hilo: INDICES) Patrullando 14 activos...
[2026-06-15 21:49:24] (Hilo: ACCIONES) Patrullando 91 activos...
[2026-06-15 21:49:31] (Hilo: FOREX) Patrullando 7 activos...
[2026-06-15 21:49:31] (Hilo: FOREX) [COOLDOWN] GBPUSDm bloqueado. Operación reciente detectada.
[2026-06-15 21:49:31] (Hilo: CRIPTO) Patrullando 2 activos...
[2026-06-15 21:49:31] (Hilo: CRIPTO) [COOLDOWN] ETHUSDm bloqueado. Operación reciente detectada.
[2026-06-15 21:49:33] (Hilo: ENERGIA) Patrullando 3 activos...
[2026-06-15 21:49:37] (Hilo: METALES) Patrullando 15 activos...
[2026-06-15 21:49:37] (Hilo: METALES) [COOLDOWN] XAUUSDm bloqueado. Operación reciente detectada.
[2026-06-15 21:49:37] (Hilo: METALES) [COOLDOWN] XAUEURm bloqueado. Operación reciente detectada.
[2026-06-15 21:49:38] (Hilo: INDICES) Patrullando 14 activos...
[2026-06-15 21:49:39] (Hilo: ACCIONES) Patrullando 91 activos...
[2026-06-15 21:49:46] (Hilo: CRIPTO) Patrullando 2 activos...
[2026-06-15 21:49:46] (Hilo: FOREX) Patrullando 7 activos...
[2026-06-15 21:49:46] (Hilo: FOREX) [COOLDOWN] GBPUSDm bloqueado. Operación reciente detectada.
[2026-06-15 21:49:46] (Hilo: CRIPTO) [COOLDOWN] ETHUSDm bloqueado. Operación reciente detectada.
[2026-06-15 21:49:48] (Hilo: ENERGIA) Patrullando 3 activos...
[2026-06-15 21:49:52] (Hilo: METALES) Patrullando 15 activos...
[2026-06-15 21:49:52] (Hilo: METALES) [COOLDOWN] XAUUSDm bloqueado. Operación reciente detectada.
[2026-06-15 21:49:52] (Hilo: METALES) [COOLDOWN] XAUEURm bloqueado. Operación reciente detectada.
[2026-06-15 21:49:53] (Hilo: INDICES) Patrullando 14 activos...
[2026-06-15 21:49:55] (Hilo: ACCIONES) Patrullando 91 activos...
[2026-06-15 21:50:01] (Hilo: FOREX) Patrullando 7 activos...
[2026-06-15 21:50:01] (Hilo: CRIPTO) Patrullando 2 activos...
[2026-06-15 21:50:01] (Hilo: CRIPTO) [COOLDOWN] ETHUSDm bloqueado. Operación reciente detectada.
[2026-06-15 21:50:03] (Hilo: ENERGIA) Patrullando 3 activos...
[2026-06-15 21:50:07] (Hilo: METALES) Patrullando 15 activos...
[2026-06-15 21:50:07] (Hilo: METALES) [COOLDOWN] XAUUSDm bloqueado. Operación reciente detectada.
[2026-06-15 21:50:07] (Hilo: METALES) [COOLDOWN] XAUEURm bloqueado. Operación reciente detectada.
[2026-06-15 21:50:08] (Hilo: INDICES) Patrullando 14 activos...
[2026-06-15 21:50:10] (Hilo: ACCIONES) Patrullando 91 activos...
[2026-06-15 21:50:16] (Hilo: CRIPTO) Patrullando 2 activos...
[2026-06-15 21:50:16] (Hilo: FOREX) Patrullando 7 activos...
[2026-06-15 21:50:16] (Hilo: CRIPTO) [COOLDOWN] ETHUSDm bloqueado. Operación reciente detectada.
[2026-06-15 21:50:18] (Hilo: ENERGIA) Patrullando 3 activos...
[2026-06-15 21:50:22] (Hilo: METALES) Patrullando 15 activos...
[2026-06-15 21:50:22] (Hilo: METALES) [COOLDOWN] XAUUSDm bloqueado. Operación reciente detectada.
[2026-06-15 21:50:22] (Hilo: METALES) [COOLDOWN] XAUEURm bloqueado. Operación reciente detectada.
[2026-06-15 21:50:23] (Hilo: INDICES) Patrullando 14 activos...
[2026-06-15 21:50:26] (Hilo: ACCIONES) Patrullando 91 activos...
[2026-06-15 21:50:31] (Hilo: CRIPTO) Patrullando 2 activos...
[2026-06-15 21:50:31] (Hilo: CRIPTO) [COOLDOWN] ETHUSDm bloqueado. Operación reciente detectada.
[2026-06-15 21:50:31] (Hilo: FOREX) Patrullando 7 activos...
[2026-06-15 21:50:33] (Hilo: ENERGIA) Patrullando 3 activos...
[2026-06-15 21:50:37] (Hilo: METALES) Patrullando 15 activos...
[2026-06-15 21:50:37] (Hilo: METALES) [COOLDOWN] XAUUSDm bloqueado. Operación reciente detectada.
[2026-06-15 21:50:37] (Hilo: METALES) [COOLDOWN] XAUEURm bloqueado. Operación reciente detectada.
[2026-06-15 21:50:38] (Hilo: INDICES) Patrullando 14 activos...
[2026-06-15 21:50:41] (Hilo: ACCIONES) Patrullando 91 activos...
[2026-06-15 21:50:46] (Hilo: CRIPTO) Patrullando 2 activos...
[2026-06-15 21:50:46] (Hilo: CRIPTO) [COOLDOWN] ETHUSDm bloqueado. Operación reciente detectada.
[2026-06-15 21:50:46] (Hilo: FOREX) Patrullando 7 activos...
[2026-06-15 21:50:48] (Hilo: ENERGIA) Patrullando 3 activos...
[2026-06-15 21:50:52] (Hilo: METALES) Patrullando 15 activos...
[2026-06-15 21:50:52] (Hilo: METALES) [COOLDOWN] XAUUSDm bloqueado. Operación reciente detectada.
[2026-06-15 21:50:52] (Hilo: METALES) [COOLDOWN] XAUEURm bloqueado. Operación reciente detectada.
[2026-06-15 21:50:53] (Hilo: INDICES) Patrullando 14 activos...
[2026-06-15 21:50:57] (Hilo: ACCIONES) Patrullando 91 activos...
[2026-06-15 21:51:01] (Hilo: CRIPTO) Patrullando 2 activos...
[2026-06-15 21:51:01] (Hilo: CRIPTO) [COOLDOWN] ETHUSDm bloqueado. Operación reciente detectada.
[2026-06-15 21:51:01] (Hilo: FOREX) Patrullando 7 activos...
[2026-06-15 21:51:03] (Hilo: ENERGIA) Patrullando 3 activos...
[2026-06-15 21:51:07] (Hilo: METALES) Patrullando 15 activos...
[2026-06-15 21:51:07] (Hilo: METALES) [COOLDOWN] XAUUSDm bloqueado. Operación reciente detectada.
[2026-06-15 21:51:07] (Hilo: METALES) [COOLDOWN] XAUEURm bloqueado. Operación reciente detectada.
[2026-06-15 21:51:08] (Hilo: INDICES) Patrullando 14 activos...
[2026-06-15 21:51:12] (Hilo: ACCIONES) Patrullando 91 activos...
[2026-06-15 21:51:16] (Hilo: CRIPTO) Patrullando 2 activos...
[2026-06-15 21:51:16] (Hilo: CRIPTO) [COOLDOWN] ETHUSDm bloqueado. Operación reciente detectada.
[2026-06-15 21:51:16] (Hilo: FOREX) Patrullando 7 activos...
[2026-06-15 21:51:18] (Hilo: ENERGIA) Patrullando 3 activos...
[2026-06-15 21:51:22] (Hilo: METALES) Patrullando 15 activos...
[2026-06-15 21:51:22] (Hilo: METALES) [COOLDOWN] XAUUSDm bloqueado. Operación reciente detectada.
[2026-06-15 21:51:22] (Hilo: METALES) [COOLDOWN] XAUEURm bloqueado. Operación reciente detectada.
[2026-06-15 21:51:23] (Hilo: INDICES) Patrullando 14 activos...
[2026-06-15 21:51:28] (Hilo: ACCIONES) Patrullando 91 activos...
[2026-06-15 21:51:31] (Hilo: CRIPTO) Patrullando 2 activos...
[2026-06-15 21:51:31] (Hilo: CRIPTO) [COOLDOWN] ETHUSDm bloqueado. Operación reciente detectada.
[2026-06-15 21:51:31] (Hilo: FOREX) Patrullando 7 activos...
[2026-06-15 21:51:33] (Hilo: ENERGIA) Patrullando 3 activos...
[2026-06-15 21:51:37] (Hilo: METALES) Patrullando 15 activos...
[2026-06-15 21:51:37] (Hilo: METALES) [COOLDOWN] XAUUSDm bloqueado. Operación reciente detectada.
[2026-06-15 21:51:37] (Hilo: METALES) [COOLDOWN] XAUEURm bloqueado. Operación reciente detectada.
[2026-06-15 21:51:38] (Hilo: INDICES) Patrullando 14 activos...
[2026-06-15 21:51:43] (Hilo: ACCIONES) Patrullando 91 activos...
[2026-06-15 21:51:46] (Hilo: CRIPTO) Patrullando 2 activos...
[2026-06-15 21:51:46] (Hilo: CRIPTO) [COOLDOWN] ETHUSDm bloqueado. Operación reciente detectada.
[2026-06-15 21:51:46] (Hilo: FOREX) Patrullando 7 activos...
[2026-06-15 21:51:48] (Hilo: ENERGIA) Patrullando 3 activos...
[2026-06-15 21:51:52] (Hilo: METALES) Patrullando 15 activos...
[2026-06-15 21:51:52] (Hilo: METALES) [COOLDOWN] XAUUSDm bloqueado. Operación reciente detectada.
[2026-06-15 21:51:52] (Hilo: METALES) [COOLDOWN] XAUEURm bloqueado. Operación reciente detectada.
[2026-06-15 21:51:53] (Hilo: INDICES) Patrullando 14 activos...
[2026-06-15 21:51:59] (Hilo: ACCIONES) Patrullando 91 activos...
[2026-06-15 21:52:01] (Hilo: CRIPTO) Patrullando 2 activos...
[2026-06-15 21:52:01] (Hilo: CRIPTO) [COOLDOWN] ETHUSDm bloqueado. Operación reciente detectada.
[2026-06-15 21:52:01] (Hilo: FOREX) Patrullando 7 activos...
[2026-06-15 21:52:03] (Hilo: ENERGIA) Patrullando 3 activos...
[2026-06-15 21:52:07] (Hilo: METALES) Patrullando 15 activos...
[2026-06-15 21:52:07] (Hilo: METALES) [COOLDOWN] XAUUSDm bloqueado. Operación reciente detectada.
[2026-06-15 21:52:07] (Hilo: METALES) [COOLDOWN] XAUEURm bloqueado. Operación reciente detectada.
[2026-06-15 21:52:08] (Hilo: INDICES) Patrullando 14 activos...
[2026-06-15 21:52:14] (Hilo: ACCIONES) Patrullando 91 activos...
[2026-06-15 21:52:16] (Hilo: CRIPTO) Patrullando 2 activos...
[2026-06-15 21:52:16] (Hilo: CRIPTO) [COOLDOWN] ETHUSDm bloqueado. Operación reciente detectada.
[2026-06-15 21:52:16] (Hilo: FOREX) Patrullando 7 activos...
[2026-06-15 21:52:18] (Hilo: ENERGIA) Patrullando 3 activos...
[2026-06-15 21:52:22] (Hilo: METALES) Patrullando 15 activos...
[2026-06-15 21:52:22] (Hilo: METALES) [COOLDOWN] XAUUSDm bloqueado. Operación reciente detectada.
[2026-06-15 21:52:22] (Hilo: METALES) [COOLDOWN] XAUEURm bloqueado. Operación reciente detectada.
[2026-06-15 21:52:24] (Hilo: INDICES) Patrullando 14 activos...
[2026-06-15 21:52:30] (Hilo: ACCIONES) Patrullando 91 activos...
[2026-06-15 21:52:31] (Hilo: CRIPTO) Patrullando 2 activos...
[2026-06-15 21:52:31] (Hilo: CRIPTO) [COOLDOWN] ETHUSDm bloqueado. Operación reciente detectada.
[2026-06-15 21:52:32] (Hilo: FOREX) Patrullando 7 activos...
[2026-06-15 21:52:33] (Hilo: ENERGIA) Patrullando 3 activos...
[2026-06-15 21:52:37] (Hilo: METALES) Patrullando 15 activos...
[2026-06-15 21:52:37] (Hilo: METALES) [COOLDOWN] XAUUSDm bloqueado. Operación reciente detectada.
[2026-06-15 21:52:37] (Hilo: METALES) [COOLDOWN] XAUEURm bloqueado. Operación reciente detectada.
[2026-06-15 21:52:39] (Hilo: INDICES) Patrullando 14 activos...
[2026-06-15 21:52:45] (Hilo: ACCIONES) Patrullando 91 activos...
[2026-06-15 21:52:46] (Hilo: CRIPTO) Patrullando 2 activos...
[2026-06-15 21:52:46] (Hilo: CRIPTO) [COOLDOWN] ETHUSDm bloqueado. Operación reciente detectada.
[2026-06-15 21:52:47] (Hilo: FOREX) Patrullando 7 activos...
[2026-06-15 21:52:48] (Hilo: ENERGIA) Patrullando 3 activos...
[2026-06-15 21:52:53] (Hilo: METALES) Patrullando 15 activos...
[2026-06-15 21:52:53] (Hilo: METALES) [COOLDOWN] XAUUSDm bloqueado. Operación reciente detectada.
[2026-06-15 21:52:53] (Hilo: METALES) [COOLDOWN] XAUEURm bloqueado. Operación reciente detectada.
[2026-06-15 21:52:54] (Hilo: INDICES) Patrullando 14 activos...
[2026-06-15 21:53:01] (Hilo: ACCIONES) Patrullando 91 activos...
[2026-06-15 21:53:01] (Hilo: CRIPTO) Patrullando 2 activos...
[2026-06-15 21:53:01] (Hilo: CRIPTO) [COOLDOWN] ETHUSDm bloqueado. Operación reciente detectada.
[2026-06-15 21:53:02] (Hilo: FOREX) Patrullando 7 activos...
[2026-06-15 21:53:03] (Hilo: ENERGIA) Patrullando 3 activos...
[2026-06-15 21:53:08] (Hilo: METALES) Patrullando 15 activos...
[2026-06-15 21:53:08] (Hilo: METALES) [COOLDOWN] XAUUSDm bloqueado. Operación reciente detectada.
[2026-06-15 21:53:08] (Hilo: METALES) [COOLDOWN] XAUEURm bloqueado. Operación reciente detectada.
[2026-06-15 21:53:09] (Hilo: INDICES) Patrullando 14 activos...
[2026-06-15 21:53:16] (Hilo: ACCIONES) Patrullando 91 activos...
[2026-06-15 21:53:16] (Hilo: CRIPTO) Patrullando 2 activos...
[2026-06-15 21:53:16] (Hilo: CRIPTO) [COOLDOWN] ETHUSDm bloqueado. Operación reciente detectada.
[2026-06-15 21:53:17] (Hilo: FOREX) Patrullando 7 activos...
[2026-06-15 21:53:18] (Hilo: ENERGIA) Patrullando 3 activos...
[2026-06-15 21:53:23] (Hilo: METALES) Patrullando 15 activos...
[2026-06-15 21:53:23] (Hilo: METALES) [COOLDOWN] XAUUSDm bloqueado. Operación reciente detectada.
[2026-06-15 21:53:23] (Hilo: METALES) [COOLDOWN] XAUEURm bloqueado. Operación reciente detectada.
[2026-06-15 21:53:24] (Hilo: INDICES) Patrullando 14 activos...
[2026-06-15 21:53:31] (Hilo: CRIPTO) Patrullando 2 activos...
[2026-06-15 21:53:31] (Hilo: CRIPTO) [COOLDOWN] ETHUSDm bloqueado. Operación reciente detectada.
[2026-06-15 21:53:32] (Hilo: FOREX) Patrullando 7 activos...
[2026-06-15 21:53:32] (Hilo: ACCIONES) Patrullando 91 activos...
[2026-06-15 21:53:33] (Hilo: ENERGIA) Patrullando 3 activos...
[2026-06-15 21:53:38] (Hilo: METALES) Patrullando 15 activos...
[2026-06-15 21:53:38] (Hilo: METALES) [COOLDOWN] XAUUSDm bloqueado. Operación reciente detectada.
[2026-06-15 21:53:38] (Hilo: METALES) [COOLDOWN] XAUEURm bloqueado. Operación reciente detectada.
[2026-06-15 21:53:39] (Hilo: INDICES) Patrullando 14 activos...
[2026-06-15 21:53:46] (Hilo: CRIPTO) Patrullando 2 activos...
[2026-06-15 21:53:46] (Hilo: CRIPTO) [COOLDOWN] ETHUSDm bloqueado. Operación reciente detectada.
[2026-06-15 21:53:47] (Hilo: FOREX) Patrullando 7 activos...
[2026-06-15 21:53:47] (Hilo: ACCIONES) Patrullando 91 activos...
[2026-06-15 21:53:49] (Hilo: ENERGIA) Patrullando 3 activos...
[2026-06-15 21:53:53] (Hilo: METALES) Patrullando 15 activos...
[2026-06-15 21:53:53] (Hilo: METALES) [COOLDOWN] XAUUSDm bloqueado. Operación reciente detectada.
[2026-06-15 21:53:53] (Hilo: METALES) [COOLDOWN] XAUEURm bloqueado. Operación reciente detectada.
[2026-06-15 21:53:54] (Hilo: INDICES) Patrullando 14 activos...
[2026-06-15 21:54:01] (Hilo: CRIPTO) Patrullando 2 activos...
[2026-06-15 21:54:01] (Hilo: CRIPTO) [COOLDOWN] ETHUSDm bloqueado. Operación reciente detectada.
[2026-06-15 21:54:02] (Hilo: FOREX) Patrullando 7 activos...
[2026-06-15 21:54:03] (Hilo: ACCIONES) Patrullando 91 activos...
[2026-06-15 21:54:04] (Hilo: ENERGIA) Patrullando 3 activos...
[2026-06-15 21:54:08] (Hilo: METALES) Patrullando 15 activos...
[2026-06-15 21:54:08] (Hilo: METALES) [COOLDOWN] XAUUSDm bloqueado. Operación reciente detectada.
[2026-06-15 21:54:08] (Hilo: METALES) [COOLDOWN] XAUEURm bloqueado. Operación reciente detectada.
[2026-06-15 21:54:09] (Hilo: INDICES) Patrullando 14 activos...
[2026-06-15 21:54:16] (Hilo: CRIPTO) Patrullando 2 activos...
[2026-06-15 21:54:17] (Hilo: CRIPTO) [COOLDOWN] ETHUSDm bloqueado. Operación reciente detectada.
[2026-06-15 21:54:17] (Hilo: FOREX) Patrullando 7 activos...
[2026-06-15 21:54:19] (Hilo: ENERGIA) Patrullando 3 activos...
[2026-06-15 21:54:19] (Hilo: ACCIONES) Patrullando 91 activos...
[2026-06-15 21:54:23] (Hilo: METALES) Patrullando 15 activos...
[2026-06-15 21:54:23] (Hilo: METALES) [COOLDOWN] XAUUSDm bloqueado. Operación reciente detectada.
[2026-06-15 21:54:23] (Hilo: METALES) [COOLDOWN] XAUEURm bloqueado. Operación reciente detectada.
[2026-06-15 21:54:24] (Hilo: INDICES) Patrullando 14 activos...
[2026-06-15 21:54:32] (Hilo: CRIPTO) Patrullando 2 activos...
[2026-06-15 21:54:32] (Hilo: CRIPTO) [COOLDOWN] ETHUSDm bloqueado. Operación reciente detectada.
[2026-06-15 21:54:32] (Hilo: FOREX) Patrullando 7 activos...
[2026-06-15 21:54:34] (Hilo: ENERGIA) Patrullando 3 activos...
[2026-06-15 21:54:34] (Hilo: ACCIONES) Patrullando 91 activos...
[2026-06-15 21:54:38] (Hilo: METALES) Patrullando 15 activos...
[2026-06-15 21:54:38] (Hilo: METALES) [COOLDOWN] XAUUSDm bloqueado. Operación reciente detectada.
[2026-06-15 21:54:38] (Hilo: METALES) [COOLDOWN] XAUEURm bloqueado. Operación reciente detectada.
[2026-06-15 21:54:39] (Hilo: INDICES) Patrullando 14 activos...
[2026-06-15 21:54:47] (Hilo: CRIPTO) Patrullando 2 activos...
[2026-06-15 21:54:47] (Hilo: CRIPTO) [COOLDOWN] ETHUSDm bloqueado. Operación reciente detectada.
[2026-06-15 21:54:47] (Hilo: FOREX) Patrullando 7 activos...
[2026-06-15 21:54:49] (Hilo: ENERGIA) Patrullando 3 activos...
[2026-06-15 21:54:50] (Hilo: ACCIONES) Patrullando 91 activos...
[2026-06-15 21:54:53] (Hilo: METALES) Patrullando 15 activos...
[2026-06-15 21:54:53] (Hilo: METALES) [COOLDOWN] XAUUSDm bloqueado. Operación reciente detectada.
[2026-06-15 21:54:53] (Hilo: METALES) [COOLDOWN] XAUEURm bloqueado. Operación reciente detectada.
[2026-06-15 21:54:54] (Hilo: INDICES) Patrullando 14 activos...
[2026-06-15 21:55:02] (Hilo: CRIPTO) Patrullando 2 activos...
[2026-06-15 21:55:02] (Hilo: CRIPTO) [COOLDOWN] ETHUSDm bloqueado. Operación reciente detectada.
[2026-06-15 21:55:02] (Hilo: FOREX) Patrullando 7 activos...
[2026-06-15 21:55:04] (Hilo: ENERGIA) Patrullando 3 activos...
[2026-06-15 21:55:05] (Hilo: ACCIONES) Patrullando 91 activos...
[2026-06-15 21:55:08] (Hilo: METALES) Patrullando 15 activos...
[2026-06-15 21:55:08] (Hilo: METALES) [COOLDOWN] XAUUSDm bloqueado. Operación reciente detectada.
[2026-06-15 21:55:08] (Hilo: METALES) [COOLDOWN] XAUEURm bloqueado. Operación reciente detectada.
[2026-06-15 21:55:09] (Hilo: INDICES) Patrullando 14 activos...
[2026-06-15 21:55:17] (Hilo: CRIPTO) Patrullando 2 activos...
[2026-06-15 21:55:17] (Hilo: CRIPTO) [COOLDOWN] ETHUSDm bloqueado. Operación reciente detectada.
[2026-06-15 21:55:17] (Hilo: FOREX) Patrullando 7 activos...
[2026-06-15 21:55:19] (Hilo: ENERGIA) Patrullando 3 activos...
[2026-06-15 21:55:21] (Hilo: ACCIONES) Patrullando 91 activos...
[2026-06-15 21:55:23] (Hilo: METALES) Patrullando 15 activos...
[2026-06-15 21:55:23] (Hilo: METALES) [COOLDOWN] XAUUSDm bloqueado. Operación reciente detectada.
[2026-06-15 21:55:23] (Hilo: METALES) [COOLDOWN] XAUEURm bloqueado. Operación reciente detectada.
[2026-06-15 21:55:25] (Hilo: INDICES) Patrullando 14 activos...
[2026-06-15 21:55:32] (Hilo: CRIPTO) Patrullando 2 activos...
[2026-06-15 21:55:32] (Hilo: CRIPTO) [COOLDOWN] ETHUSDm bloqueado. Operación reciente detectada.
[2026-06-15 21:55:32] (Hilo: FOREX) Patrullando 7 activos...
[2026-06-15 21:55:34] (Hilo: ENERGIA) Patrullando 3 activos...
[2026-06-15 21:55:36] (Hilo: ACCIONES) Patrullando 91 activos...
[2026-06-15 21:55:38] (Hilo: METALES) Patrullando 15 activos...
[2026-06-15 21:55:38] (Hilo: METALES) [COOLDOWN] XAUUSDm bloqueado. Operación reciente detectada.
[2026-06-15 21:55:38] (Hilo: METALES) [COOLDOWN] XAUEURm bloqueado. Operación reciente detectada.
[2026-06-15 21:55:40] (Hilo: INDICES) Patrullando 14 activos...
[2026-06-15 21:55:47] (Hilo: CRIPTO) Patrullando 2 activos...
[2026-06-15 21:55:47] (Hilo: CRIPTO) [COOLDOWN] ETHUSDm bloqueado. Operación reciente detectada.
[2026-06-15 21:55:47] (Hilo: FOREX) Patrullando 7 activos...
[2026-06-15 21:55:49] (Hilo: ENERGIA) Patrullando 3 activos...
[2026-06-15 21:55:52] (Hilo: ACCIONES) Patrullando 91 activos...
[2026-06-15 21:55:53] (Hilo: METALES) Patrullando 15 activos...
[2026-06-15 21:55:53] (Hilo: METALES) [COOLDOWN] XAUUSDm bloqueado. Operación reciente detectada.
[2026-06-15 21:55:53] (Hilo: METALES) [COOLDOWN] XAUEURm bloqueado. Operación reciente detectada.
[2026-06-15 21:55:55] (Hilo: INDICES) Patrullando 14 activos...
[2026-06-15 21:56:02] (Hilo: CRIPTO) Patrullando 2 activos...
[2026-06-15 21:56:02] (Hilo: CRIPTO) [COOLDOWN] ETHUSDm bloqueado. Operación reciente detectada.
[2026-06-15 21:56:02] (Hilo: FOREX) Patrullando 7 activos...
[2026-06-15 21:56:04] (Hilo: ENERGIA) Patrullando 3 activos...
[2026-06-15 21:56:07] (Hilo: ACCIONES) Patrullando 91 activos...
[2026-06-15 21:56:08] (Hilo: METALES) Patrullando 15 activos...
[2026-06-15 21:56:08] (Hilo: METALES) [COOLDOWN] XAUUSDm bloqueado. Operación reciente detectada.
[2026-06-15 21:56:08] (Hilo: METALES) [COOLDOWN] XAUEURm bloqueado. Operación reciente detectada.
[2026-06-15 21:56:10] (Hilo: INDICES) Patrullando 14 activos...
[2026-06-15 21:56:17] (Hilo: CRIPTO) Patrullando 2 activos...
[2026-06-15 21:56:17] (Hilo: CRIPTO) [COOLDOWN] ETHUSDm bloqueado. Operación reciente detectada.
[2026-06-15 21:56:17] (Hilo: FOREX) Patrullando 7 activos...
[2026-06-15 21:56:19] (Hilo: ENERGIA) Patrullando 3 activos...
[2026-06-15 21:56:23] (Hilo: ACCIONES) Patrullando 91 activos...
[2026-06-15 21:56:23] (Hilo: METALES) Patrullando 15 activos...
[2026-06-15 21:56:23] (Hilo: METALES) [COOLDOWN] XAUUSDm bloqueado. Operación reciente detectada.
[2026-06-15 21:56:23] (Hilo: METALES) [COOLDOWN] XAUEURm bloqueado. Operación reciente detectada.
[2026-06-15 21:56:25] (Hilo: INDICES) Patrullando 14 activos...
[2026-06-15 21:56:32] (Hilo: CRIPTO) Patrullando 2 activos...
[2026-06-15 21:56:32] (Hilo: CRIPTO) [COOLDOWN] ETHUSDm bloqueado. Operación reciente detectada.
[2026-06-15 21:56:32] (Hilo: FOREX) Patrullando 7 activos...
[2026-06-15 21:56:34] (Hilo: ENERGIA) Patrullando 3 activos...
[2026-06-15 21:56:38] (Hilo: ACCIONES) Patrullando 91 activos...
[2026-06-15 21:56:38] (Hilo: METALES) Patrullando 15 activos...
[2026-06-15 21:56:38] (Hilo: METALES) [COOLDOWN] XAUUSDm bloqueado. Operación reciente detectada.
[2026-06-15 21:56:38] (Hilo: METALES) [COOLDOWN] XAUEURm bloqueado. Operación reciente detectada.
[2026-06-15 21:56:40] (Hilo: INDICES) Patrullando 14 activos...
[2026-06-15 21:56:47] (Hilo: CRIPTO) Patrullando 2 activos...
[2026-06-15 21:56:47] (Hilo: CRIPTO) [COOLDOWN] ETHUSDm bloqueado. Operación reciente detectada.
[2026-06-15 21:56:47] (Hilo: FOREX) Patrullando 7 activos...
[2026-06-15 21:56:49] (Hilo: ENERGIA) Patrullando 3 activos...
[2026-06-15 21:56:53] (Hilo: ACCIONES) Patrullando 91 activos...
[2026-06-15 21:56:54] (Hilo: METALES) Patrullando 15 activos...
[2026-06-15 21:56:54] (Hilo: METALES) [COOLDOWN] XAUUSDm bloqueado. Operación reciente detectada.
[2026-06-15 21:56:54] (Hilo: METALES) [COOLDOWN] XAUEURm bloqueado. Operación reciente detectada.
[2026-06-15 21:56:55] (Hilo: INDICES) Patrullando 14 activos...
[2026-06-15 21:57:02] (Hilo: CRIPTO) Patrullando 2 activos...
[2026-06-15 21:57:02] (Hilo: CRIPTO) [COOLDOWN] ETHUSDm bloqueado. Operación reciente detectada.
[2026-06-15 21:57:02] (Hilo: FOREX) Patrullando 7 activos...
[2026-06-15 21:57:04] (Hilo: ENERGIA) Patrullando 3 activos...
[2026-06-15 21:57:09] (Hilo: METALES) Patrullando 15 activos...
[2026-06-15 21:57:09] (Hilo: METALES) [COOLDOWN] XAUUSDm bloqueado. Operación reciente detectada.
[2026-06-15 21:57:09] (Hilo: METALES) [COOLDOWN] XAUEURm bloqueado. Operación reciente detectada.
[2026-06-15 21:57:09] (Hilo: ACCIONES) Patrullando 91 activos...
[2026-06-15 21:57:10] (Hilo: INDICES) Patrullando 14 activos...
[2026-06-15 21:57:17] (Hilo: CRIPTO) Patrullando 2 activos...
[2026-06-15 21:57:17] (Hilo: CRIPTO) [COOLDOWN] ETHUSDm bloqueado. Operación reciente detectada.
[2026-06-15 21:57:17] (Hilo: FOREX) Patrullando 7 activos...
[2026-06-15 21:57:19] (Hilo: ENERGIA) Patrullando 3 activos...
[2026-06-15 21:57:24] (Hilo: METALES) Patrullando 15 activos...
[2026-06-15 21:57:24] (Hilo: METALES) [COOLDOWN] XAUUSDm bloqueado. Operación reciente detectada.
[2026-06-15 21:57:24] (Hilo: METALES) [COOLDOWN] XAUEURm bloqueado. Operación reciente detectada.
[2026-06-15 21:57:24] (Hilo: ACCIONES) Patrullando 91 activos...
[2026-06-15 21:57:25] (Hilo: INDICES) Patrullando 14 activos...
[2026-06-15 21:57:32] (Hilo: CRIPTO) Patrullando 2 activos...
[2026-06-15 21:57:32] (Hilo: CRIPTO) [COOLDOWN] ETHUSDm bloqueado. Operación reciente detectada.
[2026-06-15 21:57:32] (Hilo: FOREX) Patrullando 7 activos...
[2026-06-15 21:57:34] (Hilo: ENERGIA) Patrullando 3 activos...
[2026-06-15 21:57:39] (Hilo: METALES) Patrullando 15 activos...
[2026-06-15 21:57:39] (Hilo: METALES) [COOLDOWN] XAUUSDm bloqueado. Operación reciente detectada.
[2026-06-15 21:57:39] (Hilo: METALES) [COOLDOWN] XAUEURm bloqueado. Operación reciente detectada.
[2026-06-15 21:57:40] (Hilo: ACCIONES) Patrullando 91 activos...
[2026-06-15 21:57:40] (Hilo: INDICES) Patrullando 14 activos...
[2026-06-15 21:57:47] (Hilo: CRIPTO) Patrullando 2 activos...
[2026-06-15 21:57:47] (Hilo: CRIPTO) [COOLDOWN] ETHUSDm bloqueado. Operación reciente detectada.
[2026-06-15 21:57:47] (Hilo: FOREX) Patrullando 7 activos...
[2026-06-15 21:57:49] (Hilo: ENERGIA) Patrullando 3 activos...
[2026-06-15 21:57:54] (Hilo: METALES) Patrullando 15 activos...
[2026-06-15 21:57:54] (Hilo: METALES) [COOLDOWN] XAUUSDm bloqueado. Operación reciente detectada.
[2026-06-15 21:57:54] (Hilo: METALES) [COOLDOWN] XAUEURm bloqueado. Operación reciente detectada.
[2026-06-15 21:57:55] (Hilo: INDICES) Patrullando 14 activos...
[2026-06-15 21:57:56] (Hilo: ACCIONES) Patrullando 91 activos...
[2026-06-15 21:58:02] (Hilo: CRIPTO) Patrullando 2 activos...
[2026-06-15 21:58:02] (Hilo: CRIPTO) [COOLDOWN] ETHUSDm bloqueado. Operación reciente detectada.
[2026-06-15 21:58:02] (Hilo: FOREX) Patrullando 7 activos...
[2026-06-15 21:58:04] (Hilo: ENERGIA) Patrullando 3 activos...
[2026-06-15 21:58:09] (Hilo: METALES) Patrullando 15 activos...
[2026-06-15 21:58:09] (Hilo: METALES) [COOLDOWN] XAUUSDm bloqueado. Operación reciente detectada.
[2026-06-15 21:58:09] (Hilo: METALES) [COOLDOWN] XAUEURm bloqueado. Operación reciente detectada.
[2026-06-15 21:58:11] (Hilo: INDICES) Patrullando 14 activos...
[2026-06-15 21:58:12] (Hilo: ACCIONES) Patrullando 91 activos...
[2026-06-15 21:58:18] (Hilo: CRIPTO) Patrullando 2 activos...
[2026-06-15 21:58:18] (Hilo: CRIPTO) [COOLDOWN] ETHUSDm bloqueado. Operación reciente detectada.
[2026-06-15 21:58:18] (Hilo: FOREX) Patrullando 7 activos...
[2026-06-15 21:58:20] (Hilo: ENERGIA) Patrullando 3 activos...
[2026-06-15 21:58:25] (Hilo: METALES) Patrullando 15 activos...
[2026-06-15 21:58:25] (Hilo: METALES) [COOLDOWN] XAUUSDm bloqueado. Operación reciente detectada.
[2026-06-15 21:58:25] (Hilo: METALES) [COOLDOWN] XAUEURm bloqueado. Operación reciente detectada.
[2026-06-15 21:58:27] (Hilo: INDICES) Patrullando 14 activos...
[2026-06-15 21:58:28] (Hilo: ACCIONES) Patrullando 91 activos...
[2026-06-15 21:58:33] (Hilo: CRIPTO) Patrullando 2 activos...
[2026-06-15 21:58:33] (Hilo: CRIPTO) [COOLDOWN] ETHUSDm bloqueado. Operación reciente detectada.
[2026-06-15 21:58:33] (Hilo: FOREX) Patrullando 7 activos...
[2026-06-15 21:58:35] (Hilo: ENERGIA) Patrullando 3 activos...
[2026-06-15 21:58:40] (Hilo: METALES) Patrullando 15 activos...
[2026-06-15 21:58:40] (Hilo: METALES) [COOLDOWN] XAUUSDm bloqueado. Operación reciente detectada.
[2026-06-15 21:58:40] (Hilo: METALES) [COOLDOWN] XAUEURm bloqueado. Operación reciente detectada.
[2026-06-15 21:58:42] (Hilo: INDICES) Patrullando 14 activos...
[2026-06-15 21:58:43] (Hilo: ACCIONES) Patrullando 91 activos...
[2026-06-15 21:58:48] (Hilo: CRIPTO) Patrullando 2 activos...
[2026-06-15 21:58:48] (Hilo: CRIPTO) [COOLDOWN] ETHUSDm bloqueado. Operación reciente detectada.
[2026-06-15 21:58:48] (Hilo: FOREX) Patrullando 7 activos...
[2026-06-15 21:58:50] (Hilo: ENERGIA) Patrullando 3 activos...
[2026-06-15 21:58:55] (Hilo: METALES) Patrullando 15 activos...
[2026-06-15 21:58:55] (Hilo: METALES) [COOLDOWN] XAUUSDm bloqueado. Operación reciente detectada.
[2026-06-15 21:58:55] (Hilo: METALES) [COOLDOWN] XAUEURm bloqueado. Operación reciente detectada.
[2026-06-15 21:58:57] (Hilo: INDICES) Patrullando 14 activos...
[2026-06-15 21:58:59] (Hilo: ACCIONES) Patrullando 91 activos...
[2026-06-15 21:59:03] (Hilo: CRIPTO) Patrullando 2 activos...
[2026-06-15 21:59:03] (Hilo: CRIPTO) [COOLDOWN] ETHUSDm bloqueado. Operación reciente detectada.
[2026-06-15 21:59:03] (Hilo: FOREX) Patrullando 7 activos...
[2026-06-15 21:59:05] (Hilo: ENERGIA) Patrullando 3 activos...
[2026-06-15 21:59:10] (Hilo: METALES) Patrullando 15 activos...
[2026-06-15 21:59:10] (Hilo: METALES) [COOLDOWN] XAUUSDm bloqueado. Operación reciente detectada.
[2026-06-15 21:59:10] (Hilo: METALES) [COOLDOWN] XAUEURm bloqueado. Operación reciente detectada.
[2026-06-15 21:59:12] (Hilo: INDICES) Patrullando 14 activos...
[2026-06-15 21:59:14] (Hilo: ACCIONES) Patrullando 91 activos...
[2026-06-15 21:59:18] (Hilo: CRIPTO) Patrullando 2 activos...
[2026-06-15 21:59:18] (Hilo: CRIPTO) [COOLDOWN] ETHUSDm bloqueado. Operación reciente detectada.
[2026-06-15 21:59:18] (Hilo: FOREX) Patrullando 7 activos...
[2026-06-15 21:59:20] (Hilo: ENERGIA) Patrullando 3 activos...
[2026-06-15 21:59:25] (Hilo: METALES) Patrullando 15 activos...
[2026-06-15 21:59:25] (Hilo: METALES) [COOLDOWN] XAUUSDm bloqueado. Operación reciente detectada.
[2026-06-15 21:59:25] (Hilo: METALES) [COOLDOWN] XAUEURm bloqueado. Operación reciente detectada.
[2026-06-15 21:59:27] (Hilo: INDICES) Patrullando 14 activos...
[2026-06-15 21:59:30] (Hilo: ACCIONES) Patrullando 91 activos...
[2026-06-15 21:59:33] (Hilo: CRIPTO) Patrullando 2 activos...
[2026-06-15 21:59:33] (Hilo: CRIPTO) [COOLDOWN] ETHUSDm bloqueado. Operación reciente detectada.
[2026-06-15 21:59:33] (Hilo: FOREX) Patrullando 7 activos...
[2026-06-15 21:59:35] (Hilo: ENERGIA) Patrullando 3 activos...
[2026-06-15 21:59:40] (Hilo: METALES) Patrullando 15 activos...
[2026-06-15 21:59:40] (Hilo: METALES) [COOLDOWN] XAUUSDm bloqueado. Operación reciente detectada.
[2026-06-15 21:59:40] (Hilo: METALES) [COOLDOWN] XAUEURm bloqueado. Operación reciente detectada.
[2026-06-15 21:59:42] (Hilo: INDICES) Patrullando 14 activos...
[2026-06-15 21:59:45] (Hilo: ACCIONES) Patrullando 91 activos...
[2026-06-15 21:59:48] (Hilo: CRIPTO) Patrullando 2 activos...
[2026-06-15 21:59:48] (Hilo: CRIPTO) [COOLDOWN] ETHUSDm bloqueado. Operación reciente detectada.
[2026-06-15 21:59:48] (Hilo: FOREX) Patrullando 7 activos...
[2026-06-15 21:59:50] (Hilo: ENERGIA) Patrullando 3 activos...
[2026-06-15 21:59:55] (Hilo: METALES) Patrullando 15 activos...
[2026-06-15 21:59:55] (Hilo: METALES) [COOLDOWN] XAUUSDm bloqueado. Operación reciente detectada.
[2026-06-15 21:59:55] (Hilo: METALES) [COOLDOWN] XAUEURm bloqueado. Operación reciente detectada.
[2026-06-15 21:59:57] (Hilo: INDICES) Patrullando 14 activos...
[2026-06-15 22:00:01] (Hilo: ACCIONES) Patrullando 91 activos...
[2026-06-15 22:00:03] (Hilo: CRIPTO) Patrullando 2 activos...
[2026-06-15 22:00:03] (Hilo: CRIPTO) [COOLDOWN] ETHUSDm bloqueado. Operación reciente detectada.
[2026-06-15 22:00:03] (Hilo: FOREX) Patrullando 7 activos...
[2026-06-15 22:00:05] (Hilo: ENERGIA) Patrullando 3 activos...
[2026-06-15 22:00:10] (Hilo: METALES) Patrullando 15 activos...
[2026-06-15 22:00:10] (Hilo: METALES) [COOLDOWN] XAUUSDm bloqueado. Operación reciente detectada.
[2026-06-15 22:00:10] (Hilo: METALES) [COOLDOWN] XAUEURm bloqueado. Operación reciente detectada.
[2026-06-15 22:00:12] (Hilo: INDICES) Patrullando 14 activos...
[2026-06-15 22:00:16] (Hilo: ACCIONES) Patrullando 91 activos...
[2026-06-15 22:00:18] (Hilo: CRIPTO) Patrullando 2 activos...
[2026-06-15 22:00:18] (Hilo: CRIPTO) [COOLDOWN] ETHUSDm bloqueado. Operación reciente detectada.
[2026-06-15 22:00:18] (Hilo: FOREX) Patrullando 7 activos...
[2026-06-15 22:00:20] (Hilo: ENERGIA) Patrullando 3 activos...
[2026-06-15 22:00:26] (Hilo: METALES) Patrullando 15 activos...
[2026-06-15 22:00:26] (Hilo: METALES) [COOLDOWN] XAUEURm bloqueado. Operación reciente detectada.
[2026-06-15 22:00:27] (Hilo: INDICES) Patrullando 14 activos...
[2026-06-15 22:00:32] (Hilo: ACCIONES) Patrullando 91 activos...
[2026-06-15 22:00:33] (Hilo: CRIPTO) Patrullando 2 activos...
[2026-06-15 22:00:33] (Hilo: CRIPTO) [COOLDOWN] ETHUSDm bloqueado. Operación reciente detectada.
[2026-06-15 22:00:33] (Hilo: FOREX) Patrullando 7 activos...
[2026-06-15 22:00:35] (Hilo: ENERGIA) Patrullando 3 activos...
[2026-06-15 22:00:41] (Hilo: METALES) Patrullando 15 activos...
[2026-06-15 22:00:41] (Hilo: METALES) [COOLDOWN] XAUEURm bloqueado. Operación reciente detectada.
[2026-06-15 22:00:42] (Hilo: INDICES) Patrullando 14 activos...
[2026-06-15 22:00:47] (Hilo: ACCIONES) Patrullando 91 activos...
[2026-06-15 22:00:48] (Hilo: CRIPTO) Patrullando 2 activos...
[2026-06-15 22:00:48] (Hilo: CRIPTO) [COOLDOWN] ETHUSDm bloqueado. Operación reciente detectada.
[2026-06-15 22:00:48] (Hilo: FOREX) Patrullando 7 activos...
[2026-06-15 22:00:50] (Hilo: ENERGIA) Patrullando 3 activos...
[2026-06-15 22:00:56] (Hilo: METALES) Patrullando 15 activos...
[2026-06-15 22:00:56] (Hilo: METALES) [COOLDOWN] XAUEURm bloqueado. Operación reciente detectada.
[2026-06-15 22:00:57] (Hilo: INDICES) Patrullando 14 activos...
[2026-06-15 22:01:03] (Hilo: ACCIONES) Patrullando 91 activos...
[2026-06-15 22:01:03] (Hilo: CRIPTO) Patrullando 2 activos...
[2026-06-15 22:01:03] (Hilo: CRIPTO) [COOLDOWN] ETHUSDm bloqueado. Operación reciente detectada.
[2026-06-15 22:01:03] (Hilo: FOREX) Patrullando 7 activos...
[2026-06-15 22:01:05] (Hilo: ENERGIA) Patrullando 3 activos...
[2026-06-15 22:01:11] (Hilo: METALES) Patrullando 15 activos...
[2026-06-15 22:01:11] (Hilo: METALES) [COOLDOWN] XAUEURm bloqueado. Operación reciente detectada.
[2026-06-15 22:01:12] (Hilo: INDICES) Patrullando 14 activos...
[2026-06-15 22:01:18] (Hilo: CRIPTO) Patrullando 2 activos...
[2026-06-15 22:01:18] (Hilo: CRIPTO) [COOLDOWN] ETHUSDm bloqueado. Operación reciente detectada.
[2026-06-15 22:01:18] (Hilo: FOREX) Patrullando 7 activos...
[2026-06-15 22:01:18] (Hilo: ACCIONES) Patrullando 91 activos...
[2026-06-15 22:01:20] (Hilo: ENERGIA) Patrullando 3 activos...
[2026-06-15 22:01:26] (Hilo: METALES) Patrullando 15 activos...
[2026-06-15 22:01:26] (Hilo: METALES) [COOLDOWN] XAUEURm bloqueado. Operación reciente detectada.
[2026-06-15 22:01:27] (Hilo: INDICES) Patrullando 14 activos...
[2026-06-15 22:01:33] (Hilo: CRIPTO) Patrullando 2 activos...
[2026-06-15 22:01:33] (Hilo: CRIPTO) [COOLDOWN] ETHUSDm bloqueado. Operación reciente detectada.
[2026-06-15 22:01:33] (Hilo: FOREX) Patrullando 7 activos...
[2026-06-15 22:01:34] (Hilo: ACCIONES) Patrullando 91 activos...
[2026-06-15 22:01:35] (Hilo: ENERGIA) Patrullando 3 activos...
[2026-06-15 22:01:41] (Hilo: METALES) Patrullando 15 activos...
[2026-06-15 22:01:42] (Hilo: INDICES) Patrullando 14 activos...
[2026-06-15 22:01:48] (Hilo: CRIPTO) Patrullando 2 activos...
[2026-06-15 22:01:48] (Hilo: CRIPTO) [COOLDOWN] ETHUSDm bloqueado. Operación reciente detectada.
[2026-06-15 22:01:48] (Hilo: FOREX) Patrullando 7 activos...
[2026-06-15 22:01:49] (Hilo: ACCIONES) Patrullando 91 activos...
[2026-06-15 22:01:50] (Hilo: ENERGIA) Patrullando 3 activos...
[2026-06-15 22:01:56] (Hilo: METALES) Patrullando 15 activos...
[2026-06-15 22:01:57] (Hilo: INDICES) Patrullando 14 activos...
[2026-06-15 22:02:03] (Hilo: CRIPTO) Patrullando 2 activos...
[2026-06-15 22:02:03] (Hilo: CRIPTO) [COOLDOWN] ETHUSDm bloqueado. Operación reciente detectada.
[2026-06-15 22:02:03] (Hilo: FOREX) Patrullando 7 activos...
[2026-06-15 22:02:05] (Hilo: ACCIONES) Patrullando 91 activos...
[2026-06-15 22:02:05] (Hilo: ENERGIA) Patrullando 3 activos...
[2026-06-15 22:02:11] (Hilo: METALES) Patrullando 15 activos...
[2026-06-15 22:02:13] (Hilo: INDICES) Patrullando 14 activos...
[2026-06-15 22:02:18] (Hilo: CRIPTO) Patrullando 2 activos...
[2026-06-15 22:02:18] (Hilo: CRIPTO) [COOLDOWN] ETHUSDm bloqueado. Operación reciente detectada.
[2026-06-15 22:02:18] (Hilo: FOREX) Patrullando 7 activos...
[2026-06-15 22:02:20] (Hilo: ACCIONES) Patrullando 91 activos...
[2026-06-15 22:02:20] (Hilo: ENERGIA) Patrullando 3 activos...
[2026-06-15 22:02:26] (Hilo: METALES) Patrullando 15 activos...
[2026-06-15 22:02:28] (Hilo: INDICES) Patrullando 14 activos...
[2026-06-15 22:02:33] (Hilo: CRIPTO) Patrullando 2 activos...
[2026-06-15 22:02:33] (Hilo: CRIPTO) [COOLDOWN] ETHUSDm bloqueado. Operación reciente detectada.
[2026-06-15 22:02:33] (Hilo: FOREX) Patrullando 7 activos...
[2026-06-15 22:02:35] (Hilo: ENERGIA) Patrullando 3 activos...
[2026-06-15 22:02:36] (Hilo: ACCIONES) Patrullando 91 activos...
[2026-06-15 22:02:41] (Hilo: METALES) Patrullando 15 activos...
[2026-06-15 22:02:43] (Hilo: INDICES) Patrullando 14 activos...
[2026-06-15 22:02:48] (Hilo: CRIPTO) Patrullando 2 activos...
[2026-06-15 22:02:48] (Hilo: CRIPTO) [COOLDOWN] ETHUSDm bloqueado. Operación reciente detectada.
[2026-06-15 22:02:48] (Hilo: FOREX) Patrullando 7 activos...
[2026-06-15 22:02:50] (Hilo: ENERGIA) Patrullando 3 activos...
[2026-06-15 22:02:51] (Hilo: ACCIONES) Patrullando 91 activos...
[2026-06-15 22:02:56] (Hilo: METALES) Patrullando 15 activos...
[2026-06-15 22:02:58] (Hilo: INDICES) Patrullando 14 activos...
[2026-06-15 22:03:03] (Hilo: CRIPTO) Patrullando 2 activos...
[2026-06-15 22:03:03] (Hilo: CRIPTO) [COOLDOWN] ETHUSDm bloqueado. Operación reciente detectada.
[2026-06-15 22:03:03] (Hilo: FOREX) Patrullando 7 activos...
[2026-06-15 22:03:05] (Hilo: ENERGIA) Patrullando 3 activos...
[2026-06-15 22:03:07] (Hilo: ACCIONES) Patrullando 91 activos...
[2026-06-15 22:03:12] (Hilo: METALES) Patrullando 15 activos...
[2026-06-15 22:03:13] (Hilo: INDICES) Patrullando 14 activos...
[2026-06-15 22:03:18] (Hilo: CRIPTO) Patrullando 2 activos...
[2026-06-15 22:03:18] (Hilo: CRIPTO) [COOLDOWN] ETHUSDm bloqueado. Operación reciente detectada.
[2026-06-15 22:03:18] (Hilo: FOREX) Patrullando 7 activos...
[2026-06-15 22:03:20] (Hilo: ENERGIA) Patrullando 3 activos...
[2026-06-15 22:03:22] (Hilo: ACCIONES) Patrullando 91 activos...
[2026-06-15 22:03:27] (Hilo: METALES) Patrullando 15 activos...
[2026-06-15 22:03:28] (Hilo: INDICES) Patrullando 14 activos...
[2026-06-15 22:03:33] (Hilo: CRIPTO) Patrullando 2 activos...
[2026-06-15 22:03:33] (Hilo: CRIPTO) [COOLDOWN] ETHUSDm bloqueado. Operación reciente detectada.
[2026-06-15 22:03:33] (Hilo: FOREX) Patrullando 7 activos...
[2026-06-15 22:03:35] (Hilo: ENERGIA) Patrullando 3 activos...
[2026-06-15 22:03:38] (Hilo: ACCIONES) Patrullando 91 activos...
[2026-06-15 22:03:42] (Hilo: METALES) Patrullando 15 activos...
[2026-06-15 22:03:43] (Hilo: INDICES) Patrullando 14 activos...
[2026-06-15 22:03:48] (Hilo: CRIPTO) Patrullando 2 activos...
[2026-06-15 22:03:48] (Hilo: CRIPTO) [COOLDOWN] ETHUSDm bloqueado. Operación reciente detectada.
[2026-06-15 22:03:48] (Hilo: FOREX) Patrullando 7 activos...
[2026-06-15 22:03:51] (Hilo: ENERGIA) Patrullando 3 activos...
[2026-06-15 22:03:53] (Hilo: ACCIONES) Patrullando 91 activos...
[2026-06-15 22:03:57] (Hilo: METALES) Patrullando 15 activos...
[2026-06-15 22:03:58] (Hilo: INDICES) Patrullando 14 activos...
[2026-06-15 22:04:03] (Hilo: CRIPTO) Patrullando 2 activos...
[2026-06-15 22:04:03] (Hilo: CRIPTO) [COOLDOWN] ETHUSDm bloqueado. Operación reciente detectada.
[2026-06-15 22:04:03] (Hilo: FOREX) Patrullando 7 activos...
[2026-06-15 22:04:06] (Hilo: ENERGIA) Patrullando 3 activos...
[2026-06-15 22:04:09] (Hilo: ACCIONES) Patrullando 91 activos...
[2026-06-15 22:04:12] (Hilo: METALES) Patrullando 15 activos...
[2026-06-15 22:04:13] (Hilo: INDICES) Patrullando 14 activos...
[2026-06-15 22:04:18] (Hilo: CRIPTO) Patrullando 2 activos...
[2026-06-15 22:04:18] (Hilo: CRIPTO) [COOLDOWN] ETHUSDm bloqueado. Operación reciente detectada.
[2026-06-15 22:04:18] (Hilo: FOREX) Patrullando 7 activos...
[2026-06-15 22:04:21] (Hilo: ENERGIA) Patrullando 3 activos...
[2026-06-15 22:04:24] (Hilo: ACCIONES) Patrullando 91 activos...
[2026-06-15 22:04:27] (Hilo: METALES) Patrullando 15 activos...
[2026-06-15 22:04:28] (Hilo: INDICES) Patrullando 14 activos...
[2026-06-15 22:04:33] (Hilo: CRIPTO) Patrullando 2 activos...
[2026-06-15 22:04:33] (Hilo: CRIPTO) [COOLDOWN] ETHUSDm bloqueado. Operación reciente detectada.
[2026-06-15 22:04:33] (Hilo: FOREX) Patrullando 7 activos...
[2026-06-15 22:04:36] (Hilo: ENERGIA) Patrullando 3 activos...
[2026-06-15 22:04:40] (Hilo: ACCIONES) Patrullando 91 activos...
[2026-06-15 22:04:42] (Hilo: METALES) Patrullando 15 activos...
[2026-06-15 22:04:43] (Hilo: INDICES) Patrullando 14 activos...
[2026-06-15 22:04:48] (Hilo: CRIPTO) Patrullando 2 activos...
[2026-06-15 22:04:48] (Hilo: CRIPTO) [COOLDOWN] ETHUSDm bloqueado. Operación reciente detectada.
[2026-06-15 22:04:48] (Hilo: FOREX) Patrullando 7 activos...
[2026-06-15 22:04:51] (Hilo: ENERGIA) Patrullando 3 activos...
[2026-06-15 22:04:55] (Hilo: ACCIONES) Patrullando 91 activos...
[2026-06-15 22:04:57] (Hilo: METALES) Patrullando 15 activos...
[2026-06-15 22:04:58] (Hilo: INDICES) Patrullando 14 activos...
[2026-06-15 22:05:03] (Hilo: CRIPTO) Patrullando 2 activos...
[2026-06-15 22:05:03] (Hilo: CRIPTO) [COOLDOWN] ETHUSDm bloqueado. Operación reciente detectada.
[2026-06-15 22:05:03] (Hilo: FOREX) Patrullando 7 activos...
[2026-06-15 22:05:06] (Hilo: ENERGIA) Patrullando 3 activos...
[2026-06-15 22:05:11] (Hilo: ACCIONES) Patrullando 91 activos...
[2026-06-15 22:05:12] (Hilo: METALES) Patrullando 15 activos...
[2026-06-15 22:05:13] (Hilo: INDICES) Patrullando 14 activos...
[2026-06-15 22:05:18] (Hilo: CRIPTO) Patrullando 2 activos...
[2026-06-15 22:05:18] (Hilo: CRIPTO) [COOLDOWN] ETHUSDm bloqueado. Operación reciente detectada.
[2026-06-15 22:05:18] (Hilo: FOREX) Patrullando 7 activos...
[2026-06-15 22:05:21] (Hilo: ENERGIA) Patrullando 3 activos...
[2026-06-15 22:05:26] (Hilo: ACCIONES) Patrullando 91 activos...
[2026-06-15 22:05:27] (Hilo: METALES) Patrullando 15 activos...
[2026-06-15 22:05:28] (Hilo: INDICES) Patrullando 14 activos...
[2026-06-15 22:05:33] (Hilo: CRIPTO) Patrullando 2 activos...
[2026-06-15 22:05:33] (Hilo: CRIPTO) [COOLDOWN] ETHUSDm bloqueado. Operación reciente detectada.
[2026-06-15 22:05:33] (Hilo: FOREX) Patrullando 7 activos...
[2026-06-15 22:05:36] (Hilo: ENERGIA) Patrullando 3 activos...
[2026-06-15 22:05:41] (Hilo: ACCIONES) Patrullando 91 activos...
[2026-06-15 22:05:42] (Hilo: METALES) Patrullando 15 activos...
[2026-06-15 22:05:43] (Hilo: INDICES) Patrullando 14 activos...
[2026-06-15 22:05:48] (Hilo: CRIPTO) Patrullando 2 activos...
[2026-06-15 22:05:48] (Hilo: CRIPTO) [COOLDOWN] ETHUSDm bloqueado. Operación reciente detectada.
[2026-06-15 22:05:49] (Hilo: FOREX) Patrullando 7 activos...
[2026-06-15 22:05:51] (Hilo: ENERGIA) Patrullando 3 activos...
[2026-06-15 22:05:57] (Hilo: ACCIONES) Patrullando 91 activos...
[2026-06-15 22:05:57] (Hilo: METALES) Patrullando 15 activos...
[2026-06-15 22:05:59] (Hilo: INDICES) Patrullando 14 activos...
[2026-06-15 22:06:03] (Hilo: CRIPTO) Patrullando 2 activos...
[2026-06-15 22:06:03] (Hilo: CRIPTO) [COOLDOWN] ETHUSDm bloqueado. Operación reciente detectada.
[2026-06-15 22:06:04] (Hilo: FOREX) Patrullando 7 activos...
[2026-06-15 22:06:06] (Hilo: ENERGIA) Patrullando 3 activos...
[2026-06-15 22:06:12] (Hilo: METALES) Patrullando 15 activos...
[2026-06-15 22:06:13] (Hilo: ACCIONES) Patrullando 91 activos...
[2026-06-15 22:06:14] (Hilo: INDICES) Patrullando 14 activos...
[2026-06-15 22:06:18] (Hilo: CRIPTO) Patrullando 2 activos...
[2026-06-15 22:06:18] (Hilo: CRIPTO) [COOLDOWN] ETHUSDm bloqueado. Operación reciente detectada.
[2026-06-15 22:06:19] (Hilo: FOREX) Patrullando 7 activos...
[2026-06-15 22:06:21] (Hilo: ENERGIA) Patrullando 3 activos...
[2026-06-15 22:06:27] (Hilo: METALES) Patrullando 15 activos...
[2026-06-15 22:06:28] (Hilo: ACCIONES) Patrullando 91 activos...
[2026-06-15 22:06:29] (Hilo: INDICES) Patrullando 14 activos...
[2026-06-15 22:06:33] (Hilo: CRIPTO) Patrullando 2 activos...
[2026-06-15 22:06:33] (Hilo: CRIPTO) [COOLDOWN] ETHUSDm bloqueado. Operación reciente detectada.
[2026-06-15 22:06:34] (Hilo: FOREX) Patrullando 7 activos...
[2026-06-15 22:06:36] (Hilo: ENERGIA) Patrullando 3 activos...
[2026-06-15 22:06:42] (Hilo: METALES) Patrullando 15 activos...
[2026-06-15 22:06:43] (Hilo: ACCIONES) Patrullando 91 activos...
[2026-06-15 22:06:44] (Hilo: INDICES) Patrullando 14 activos...
[2026-06-15 22:06:48] (Hilo: CRIPTO) Patrullando 2 activos...
[2026-06-15 22:06:48] (Hilo: CRIPTO) [COOLDOWN] ETHUSDm bloqueado. Operación reciente detectada.
[2026-06-15 22:06:49] (Hilo: FOREX) Patrullando 7 activos...
[2026-06-15 22:06:51] (Hilo: ENERGIA) Patrullando 3 activos...
[2026-06-15 22:06:58] (Hilo: METALES) Patrullando 15 activos...
[2026-06-15 22:06:59] (Hilo: INDICES) Patrullando 14 activos...
[2026-06-15 22:07:00] (Hilo: ACCIONES) Patrullando 91 activos...
[2026-06-15 22:07:03] (Hilo: CRIPTO) Patrullando 2 activos...
[2026-06-15 22:07:03] (Hilo: CRIPTO) [COOLDOWN] ETHUSDm bloqueado. Operación reciente detectada.
[2026-06-15 22:07:04] (Hilo: FOREX) Patrullando 7 activos...
[2026-06-15 22:07:06] (Hilo: ENERGIA) Patrullando 3 activos...
[2026-06-15 22:11:37] (Hilo: FOREX) Patrullando 7 activos...
[2026-06-15 22:11:37] (Hilo: CRIPTO) Patrullando 2 activos...
[2026-06-15 22:11:37] (Hilo: METALES) Patrullando 15 activos...
[2026-06-15 22:11:37] (Hilo: ENERGIA) Patrullando 3 activos...
[2026-06-15 22:11:37] (Hilo: ACCIONES) Patrullando 91 activos...
[2026-06-15 22:11:37] (Hilo: INDICES) Patrullando 14 activos...
[2026-06-15 22:11:52] (Hilo: FOREX) Patrullando 7 activos...
[2026-06-15 22:11:52] (Hilo: FOREX) [COOLDOWN] EURUSDm bloqueado. Operación reciente detectada.
[2026-06-15 22:11:52] (Hilo: FOREX) [COOLDOWN] AUDUSDm bloqueado. Operación reciente detectada.
[2026-06-15 22:11:52] (Hilo: FOREX) [COOLDOWN] NZDUSDm bloqueado. Operación reciente detectada.
[2026-06-15 22:11:52] (Hilo: FOREX) [COOLDOWN] USDCADm bloqueado. Operación reciente detectada.
[2026-06-15 22:11:52] (Hilo: FOREX) [COOLDOWN] USDCHFm bloqueado. Operación reciente detectada.
[2026-06-15 22:11:52] (Hilo: CRIPTO) Patrullando 2 activos...
[2026-06-15 22:11:52] (Hilo: ENERGIA) Patrullando 3 activos...
[2026-06-15 22:11:52] (Hilo: METALES) Patrullando 15 activos...
[2026-06-15 22:11:52] (Hilo: INDICES) Patrullando 14 activos...
[2026-06-15 22:11:52] (Hilo: METALES) [COOLDOWN] XAGUSDm bloqueado. Operación reciente detectada.
[2026-06-15 22:11:52] (Hilo: METALES) [COOLDOWN] XAGAUDm bloqueado. Operación reciente detectada.
[2026-06-15 22:11:52] (Hilo: METALES) [COOLDOWN] XAGEURm bloqueado. Operación reciente detectada.
[2026-06-15 22:11:52] (Hilo: METALES) [COOLDOWN] XAGGBPm bloqueado. Operación reciente detectada.
[2026-06-15 22:11:52] (Hilo: ACCIONES) Patrullando 91 activos...
[2026-06-15 22:12:07] (Hilo: FOREX) Patrullando 7 activos...
[2026-06-15 22:12:07] (Hilo: FOREX) [COOLDOWN] EURUSDm bloqueado. Operación reciente detectada.
[2026-06-15 22:12:07] (Hilo: FOREX) [COOLDOWN] AUDUSDm bloqueado. Operación reciente detectada.
[2026-06-15 22:12:07] (Hilo: FOREX) [COOLDOWN] NZDUSDm bloqueado. Operación reciente detectada.
[2026-06-15 22:12:07] (Hilo: FOREX) [COOLDOWN] USDCADm bloqueado. Operación reciente detectada.
[2026-06-15 22:12:07] (Hilo: FOREX) [COOLDOWN] USDCHFm bloqueado. Operación reciente detectada.
[2026-06-15 22:12:07] (Hilo: CRIPTO) Patrullando 2 activos...
[2026-06-15 22:12:07] (Hilo: ENERGIA) Patrullando 3 activos...
[2026-06-15 22:12:08] (Hilo: METALES) Patrullando 15 activos...
[2026-06-15 22:12:08] (Hilo: INDICES) Patrullando 14 activos...
[2026-06-15 22:12:08] (Hilo: METALES) [COOLDOWN] XAGUSDm bloqueado. Operación reciente detectada.
[2026-06-15 22:12:08] (Hilo: METALES) [COOLDOWN] XAGAUDm bloqueado. Operación reciente detectada.
[2026-06-15 22:12:08] (Hilo: METALES) [COOLDOWN] XAGEURm bloqueado. Operación reciente detectada.
[2026-06-15 22:12:08] (Hilo: METALES) [COOLDOWN] XAGGBPm bloqueado. Operación reciente detectada.
[2026-06-15 22:12:11] (Hilo: ACCIONES) Patrullando 91 activos...
[2026-06-15 22:12:22] (Hilo: FOREX) Patrullando 7 activos...
[2026-06-15 22:12:22] (Hilo: FOREX) [COOLDOWN] EURUSDm bloqueado. Operación reciente detectada.
[2026-06-15 22:12:22] (Hilo: FOREX) [COOLDOWN] AUDUSDm bloqueado. Operación reciente detectada.
[2026-06-15 22:12:22] (Hilo: FOREX) [COOLDOWN] NZDUSDm bloqueado. Operación reciente detectada.
[2026-06-15 22:12:22] (Hilo: FOREX) [COOLDOWN] USDCADm bloqueado. Operación reciente detectada.
[2026-06-15 22:12:22] (Hilo: FOREX) [COOLDOWN] USDCHFm bloqueado. Operación reciente detectada.
[2026-06-15 22:12:22] (Hilo: CRIPTO) Patrullando 2 activos...
[2026-06-15 22:12:22] (Hilo: ENERGIA) Patrullando 3 activos...
[2026-06-15 22:12:23] (Hilo: METALES) Patrullando 15 activos...
[2026-06-15 22:12:23] (Hilo: INDICES) Patrullando 14 activos...
[2026-06-15 22:12:23] (Hilo: METALES) [COOLDOWN] XAGUSDm bloqueado. Operación reciente detectada.
[2026-06-15 22:12:23] (Hilo: METALES) [COOLDOWN] XAGAUDm bloqueado. Operación reciente detectada.
[2026-06-15 22:12:23] (Hilo: METALES) [COOLDOWN] XAGEURm bloqueado. Operación reciente detectada.
[2026-06-15 22:12:23] (Hilo: METALES) [COOLDOWN] XAGGBPm bloqueado. Operación reciente detectada.
[2026-06-15 22:12:26] (Hilo: ACCIONES) Patrullando 91 activos...
[2026-06-15 22:12:37] (Hilo: MainThread) Inicializando motores del Quant Sniper Multi-Thread Bot...
[2026-06-15 22:12:37] (Hilo: MainThread) Conexión establecida con éxito. Desplegando hilos de trabajo...
[2026-06-15 22:12:37] (Hilo: FOREX) Fila de patrullaje activada con Firma: 1000
[2026-06-15 22:12:37] (Hilo: FOREX) Patrullando 7 activos...
[2026-06-15 22:12:37] (Hilo: METALES) Fila de patrullaje activada con Firma: 3000
[2026-06-15 22:12:37] (Hilo: FOREX) [COOLDOWN] EURUSDm bloqueado. Operación reciente detectada.
[2026-06-15 22:12:37] (Hilo: CRIPTO) Fila de patrullaje activada con Firma: 2000
[2026-06-15 22:12:37] (Hilo: METALES) Patrullando 15 activos...
[2026-06-15 22:12:37] (Hilo: INDICES) Fila de patrullaje activada con Firma: 4000
[2026-06-15 22:12:37] (Hilo: ENERGIA) Fila de patrullaje activada con Firma: 5000
[2026-06-15 22:12:37] (Hilo: ACCIONES) Fila de patrullaje activada con Firma: 6000
[2026-06-15 22:12:37] (Hilo: INDICES) Patrullando 14 activos...
[2026-06-15 22:12:37] (Hilo: CRIPTO) Patrullando 2 activos...
[2026-06-15 22:12:37] (Hilo: ENERGIA) Patrullando 3 activos...
[2026-06-15 22:12:37] (Hilo: ACCIONES) Patrullando 91 activos...
[2026-06-15 22:12:37] (Hilo: FOREX) [COOLDOWN] AUDUSDm bloqueado. Operación reciente detectada.
[2026-06-15 22:12:37] (Hilo: FOREX) [COOLDOWN] NZDUSDm bloqueado. Operación reciente detectada.
[2026-06-15 22:12:37] (Hilo: FOREX) [COOLDOWN] USDCADm bloqueado. Operación reciente detectada.
[2026-06-15 22:12:37] (Hilo: FOREX) [COOLDOWN] USDCHFm bloqueado. Operación reciente detectada.
[2026-06-15 22:12:37] (Hilo: METALES) [COOLDOWN] XAGUSDm bloqueado. Operación reciente detectada.
[2026-06-15 22:12:37] (Hilo: METALES) [COOLDOWN] XAGAUDm bloqueado. Operación reciente detectada.
[2026-06-15 22:12:37] (Hilo: METALES) [COOLDOWN] XAGEURm bloqueado. Operación reciente detectada.
[2026-06-15 22:12:37] (Hilo: METALES) [COOLDOWN] XAGGBPm bloqueado. Operación reciente detectada.
[2026-06-15 22:12:52] (Hilo: FOREX) Patrullando 7 activos...
[2026-06-15 22:12:52] (Hilo: FOREX) [COOLDOWN] EURUSDm bloqueado. Operación reciente detectada.
[2026-06-15 22:12:52] (Hilo: CRIPTO) Patrullando 2 activos...
[2026-06-15 22:12:52] (Hilo: ENERGIA) Patrullando 3 activos...
[2026-06-15 22:12:52] (Hilo: FOREX) [COOLDOWN] AUDUSDm bloqueado. Operación reciente detectada.
[2026-06-15 22:12:52] (Hilo: FOREX) [COOLDOWN] NZDUSDm bloqueado. Operación reciente detectada.
[2026-06-15 22:12:52] (Hilo: FOREX) [COOLDOWN] USDCADm bloqueado. Operación reciente detectada.
[2026-06-15 22:12:52] (Hilo: FOREX) [COOLDOWN] USDCHFm bloqueado. Operación reciente detectada.
[2026-06-15 22:12:52] (Hilo: INDICES) Patrullando 14 activos...
[2026-06-15 22:12:52] (Hilo: METALES) Patrullando 15 activos...
[2026-06-15 22:12:52] (Hilo: METALES) [COOLDOWN] XAGUSDm bloqueado. Operación reciente detectada.
[2026-06-15 22:12:52] (Hilo: METALES) [COOLDOWN] XAGAUDm bloqueado. Operación reciente detectada.
[2026-06-15 22:12:52] (Hilo: METALES) [COOLDOWN] XAGEURm bloqueado. Operación reciente detectada.
[2026-06-15 22:12:52] (Hilo: METALES) [COOLDOWN] XAGGBPm bloqueado. Operación reciente detectada.
[2026-06-15 22:12:52] (Hilo: ACCIONES) Patrullando 91 activos...
[2026-06-15 22:13:07] (Hilo: CRIPTO) Patrullando 2 activos...
[2026-06-15 22:13:07] (Hilo: FOREX) Patrullando 7 activos...
[2026-06-15 22:13:07] (Hilo: FOREX) [COOLDOWN] EURUSDm bloqueado. Operación reciente detectada.
[2026-06-15 22:13:07] (Hilo: ENERGIA) Patrullando 3 activos...
[2026-06-15 22:13:07] (Hilo: FOREX) [COOLDOWN] AUDUSDm bloqueado. Operación reciente detectada.
[2026-06-15 22:13:07] (Hilo: FOREX) [COOLDOWN] NZDUSDm bloqueado. Operación reciente detectada.
[2026-06-15 22:13:07] (Hilo: FOREX) [COOLDOWN] USDCADm bloqueado. Operación reciente detectada.
[2026-06-15 22:13:07] (Hilo: FOREX) [COOLDOWN] USDCHFm bloqueado. Operación reciente detectada.
[2026-06-15 22:13:07] (Hilo: INDICES) Patrullando 14 activos...
[2026-06-15 22:13:07] (Hilo: METALES) Patrullando 15 activos...
[2026-06-15 22:13:07] (Hilo: METALES) [COOLDOWN] XAGUSDm bloqueado. Operación reciente detectada.
[2026-06-15 22:13:07] (Hilo: METALES) [COOLDOWN] XAGAUDm bloqueado. Operación reciente detectada.
[2026-06-15 22:13:07] (Hilo: METALES) [COOLDOWN] XAGEURm bloqueado. Operación reciente detectada.
[2026-06-15 22:13:07] (Hilo: METALES) [COOLDOWN] XAGGBPm bloqueado. Operación reciente detectada.
[2026-06-15 22:13:08] (Hilo: ACCIONES) Patrullando 91 activos...
[2026-06-15 22:13:22] (Hilo: CRIPTO) Patrullando 2 activos...
[2026-06-15 22:13:22] (Hilo: FOREX) Patrullando 7 activos...
[2026-06-15 22:13:22] (Hilo: FOREX) [COOLDOWN] EURUSDm bloqueado. Operación reciente detectada.
[2026-06-15 22:13:22] (Hilo: ENERGIA) Patrullando 3 activos...
[2026-06-15 22:13:22] (Hilo: FOREX) [COOLDOWN] AUDUSDm bloqueado. Operación reciente detectada.
[2026-06-15 22:13:22] (Hilo: FOREX) [COOLDOWN] NZDUSDm bloqueado. Operación reciente detectada.
[2026-06-15 22:13:22] (Hilo: FOREX) [COOLDOWN] USDCADm bloqueado. Operación reciente detectada.
[2026-06-15 22:13:22] (Hilo: FOREX) [COOLDOWN] USDCHFm bloqueado. Operación reciente detectada.
[2026-06-15 22:13:22] (Hilo: INDICES) Patrullando 14 activos...
[2026-06-15 22:13:22] (Hilo: METALES) Patrullando 15 activos...
[2026-06-15 22:13:22] (Hilo: METALES) [COOLDOWN] XAGUSDm bloqueado. Operación reciente detectada.
[2026-06-15 22:13:22] (Hilo: METALES) [COOLDOWN] XAGAUDm bloqueado. Operación reciente detectada.
[2026-06-15 22:13:22] (Hilo: METALES) [COOLDOWN] XAGEURm bloqueado. Operación reciente detectada.
[2026-06-15 22:13:22] (Hilo: METALES) [COOLDOWN] XAGGBPm bloqueado. Operación reciente detectada.
[2026-06-15 22:13:23] (Hilo: ACCIONES) Patrullando 91 activos...
[2026-06-15 22:13:37] (Hilo: CRIPTO) Patrullando 2 activos...
[2026-06-15 22:13:37] (Hilo: FOREX) Patrullando 7 activos...
[2026-06-15 22:13:37] (Hilo: FOREX) [COOLDOWN] EURUSDm bloqueado. Operación reciente detectada.
[2026-06-15 22:13:37] (Hilo: ENERGIA) Patrullando 3 activos...
[2026-06-15 22:13:37] (Hilo: FOREX) [COOLDOWN] AUDUSDm bloqueado. Operación reciente detectada.
[2026-06-15 22:13:37] (Hilo: FOREX) [COOLDOWN] NZDUSDm bloqueado. Operación reciente detectada.
[2026-06-15 22:13:37] (Hilo: FOREX) [COOLDOWN] USDCADm bloqueado. Operación reciente detectada.
[2026-06-15 22:13:37] (Hilo: FOREX) [COOLDOWN] USDCHFm bloqueado. Operación reciente detectada.
[2026-06-15 22:13:37] (Hilo: INDICES) Patrullando 14 activos...
[2026-06-15 22:13:37] (Hilo: METALES) Patrullando 15 activos...
[2026-06-15 22:13:38] (Hilo: METALES) [COOLDOWN] XAGUSDm bloqueado. Operación reciente detectada.
[2026-06-15 22:13:38] (Hilo: METALES) [COOLDOWN] XAGAUDm bloqueado. Operación reciente detectada.
[2026-06-15 22:13:38] (Hilo: METALES) [COOLDOWN] XAGEURm bloqueado. Operación reciente detectada.
[2026-06-15 22:13:38] (Hilo: METALES) [COOLDOWN] XAGGBPm bloqueado. Operación reciente detectada.
[2026-06-15 22:13:39] (Hilo: ACCIONES) Patrullando 91 activos...
[2026-06-15 22:13:52] (Hilo: CRIPTO) Patrullando 2 activos...
[2026-06-15 22:13:52] (Hilo: FOREX) Patrullando 7 activos...
[2026-06-15 22:13:52] (Hilo: FOREX) [COOLDOWN] EURUSDm bloqueado. Operación reciente detectada.
[2026-06-15 22:13:52] (Hilo: ENERGIA) Patrullando 3 activos...
[2026-06-15 22:13:52] (Hilo: FOREX) [COOLDOWN] AUDUSDm bloqueado. Operación reciente detectada.
[2026-06-15 22:13:52] (Hilo: FOREX) [COOLDOWN] NZDUSDm bloqueado. Operación reciente detectada.
[2026-06-15 22:13:52] (Hilo: FOREX) [COOLDOWN] USDCADm bloqueado. Operación reciente detectada.
[2026-06-15 22:13:52] (Hilo: FOREX) [COOLDOWN] USDCHFm bloqueado. Operación reciente detectada.
[2026-06-15 22:13:53] (Hilo: INDICES) Patrullando 14 activos...
[2026-06-15 22:13:53] (Hilo: METALES) Patrullando 15 activos...
[2026-06-15 22:13:53] (Hilo: METALES) [COOLDOWN] XAGUSDm bloqueado. Operación reciente detectada.
[2026-06-15 22:13:53] (Hilo: METALES) [COOLDOWN] XAGAUDm bloqueado. Operación reciente detectada.
[2026-06-15 22:13:53] (Hilo: METALES) [COOLDOWN] XAGEURm bloqueado. Operación reciente detectada.
[2026-06-15 22:13:53] (Hilo: METALES) [COOLDOWN] XAGGBPm bloqueado. Operación reciente detectada.
[2026-06-15 22:13:54] (Hilo: ACCIONES) Patrullando 91 activos...
[2026-06-15 22:14:07] (Hilo: CRIPTO) Patrullando 2 activos...
[2026-06-15 22:14:07] (Hilo: FOREX) Patrullando 7 activos...
[2026-06-15 22:14:07] (Hilo: FOREX) [COOLDOWN] EURUSDm bloqueado. Operación reciente detectada.
[2026-06-15 22:14:07] (Hilo: FOREX) [COOLDOWN] AUDUSDm bloqueado. Operación reciente detectada.
[2026-06-15 22:14:07] (Hilo: FOREX) [COOLDOWN] NZDUSDm bloqueado. Operación reciente detectada.
[2026-06-15 22:14:07] (Hilo: FOREX) [COOLDOWN] USDCADm bloqueado. Operación reciente detectada.
[2026-06-15 22:14:07] (Hilo: FOREX) [COOLDOWN] USDCHFm bloqueado. Operación reciente detectada.
[2026-06-15 22:14:07] (Hilo: ENERGIA) Patrullando 3 activos...
[2026-06-15 22:14:08] (Hilo: METALES) Patrullando 15 activos...
[2026-06-15 22:14:08] (Hilo: INDICES) Patrullando 14 activos...
[2026-06-15 22:14:08] (Hilo: METALES) [COOLDOWN] XAGUSDm bloqueado. Operación reciente detectada.
[2026-06-15 22:14:08] (Hilo: METALES) [COOLDOWN] XAGAUDm bloqueado. Operación reciente detectada.
[2026-06-15 22:14:08] (Hilo: METALES) [COOLDOWN] XAGEURm bloqueado. Operación reciente detectada.
[2026-06-15 22:14:08] (Hilo: METALES) [COOLDOWN] XAGGBPm bloqueado. Operación reciente detectada.
[2026-06-15 22:14:10] (Hilo: ACCIONES) Patrullando 91 activos...
[2026-06-15 22:14:22] (Hilo: CRIPTO) Patrullando 2 activos...
[2026-06-15 22:14:22] (Hilo: FOREX) Patrullando 7 activos...
[2026-06-15 22:14:22] (Hilo: FOREX) [COOLDOWN] EURUSDm bloqueado. Operación reciente detectada.
[2026-06-15 22:14:22] (Hilo: ENERGIA) Patrullando 3 activos...
[2026-06-15 22:14:22] (Hilo: FOREX) [COOLDOWN] AUDUSDm bloqueado. Operación reciente detectada.
[2026-06-15 22:14:22] (Hilo: FOREX) [COOLDOWN] NZDUSDm bloqueado. Operación reciente detectada.
[2026-06-15 22:14:22] (Hilo: FOREX) [COOLDOWN] USDCADm bloqueado. Operación reciente detectada.
[2026-06-15 22:14:22] (Hilo: FOREX) [COOLDOWN] USDCHFm bloqueado. Operación reciente detectada.
[2026-06-15 22:14:23] (Hilo: METALES) Patrullando 15 activos...
[2026-06-15 22:14:23] (Hilo: INDICES) Patrullando 14 activos...
[2026-06-15 22:14:23] (Hilo: METALES) [COOLDOWN] XAGUSDm bloqueado. Operación reciente detectada.
[2026-06-15 22:14:23] (Hilo: METALES) [COOLDOWN] XAGAUDm bloqueado. Operación reciente detectada.
[2026-06-15 22:14:23] (Hilo: METALES) [COOLDOWN] XAGEURm bloqueado. Operación reciente detectada.
[2026-06-15 22:14:23] (Hilo: METALES) [COOLDOWN] XAGGBPm bloqueado. Operación reciente detectada.
[2026-06-15 22:14:25] (Hilo: ACCIONES) Patrullando 91 activos...
[2026-06-15 22:14:37] (Hilo: CRIPTO) Patrullando 2 activos...
[2026-06-15 22:14:37] (Hilo: FOREX) Patrullando 7 activos...
[2026-06-15 22:14:37] (Hilo: FOREX) [COOLDOWN] EURUSDm bloqueado. Operación reciente detectada.
[2026-06-15 22:14:37] (Hilo: FOREX) [COOLDOWN] AUDUSDm bloqueado. Operación reciente detectada.
[2026-06-15 22:14:37] (Hilo: FOREX) [COOLDOWN] NZDUSDm bloqueado. Operación reciente detectada.
[2026-06-15 22:14:37] (Hilo: FOREX) [COOLDOWN] USDCADm bloqueado. Operación reciente detectada.
[2026-06-15 22:14:37] (Hilo: FOREX) [COOLDOWN] USDCHFm bloqueado. Operación reciente detectada.
[2026-06-15 22:14:37] (Hilo: ENERGIA) Patrullando 3 activos...
[2026-06-15 22:14:38] (Hilo: INDICES) Patrullando 14 activos...
[2026-06-15 22:14:38] (Hilo: METALES) Patrullando 15 activos...
[2026-06-15 22:14:38] (Hilo: METALES) [COOLDOWN] XAGUSDm bloqueado. Operación reciente detectada.
[2026-06-15 22:14:38] (Hilo: METALES) [COOLDOWN] XAGAUDm bloqueado. Operación reciente detectada.
[2026-06-15 22:14:38] (Hilo: METALES) [COOLDOWN] XAGEURm bloqueado. Operación reciente detectada.
[2026-06-15 22:14:38] (Hilo: METALES) [COOLDOWN] XAGGBPm bloqueado. Operación reciente detectada.
[2026-06-15 22:14:41] (Hilo: ACCIONES) Patrullando 91 activos...
[2026-06-15 22:14:52] (Hilo: CRIPTO) Patrullando 2 activos...
[2026-06-15 22:14:52] (Hilo: FOREX) Patrullando 7 activos...
[2026-06-15 22:14:52] (Hilo: FOREX) [COOLDOWN] EURUSDm bloqueado. Operación reciente detectada.
[2026-06-15 22:14:52] (Hilo: FOREX) [COOLDOWN] AUDUSDm bloqueado. Operación reciente detectada.
[2026-06-15 22:14:52] (Hilo: ENERGIA) Patrullando 3 activos...
[2026-06-15 22:14:52] (Hilo: FOREX) [COOLDOWN] NZDUSDm bloqueado. Operación reciente detectada.
[2026-06-15 22:14:52] (Hilo: FOREX) [COOLDOWN] USDCADm bloqueado. Operación reciente detectada.
[2026-06-15 22:14:52] (Hilo: FOREX) [COOLDOWN] USDCHFm bloqueado. Operación reciente detectada.
[2026-06-15 22:14:53] (Hilo: INDICES) Patrullando 14 activos...
[2026-06-15 22:14:53] (Hilo: METALES) Patrullando 15 activos...
[2026-06-15 22:14:53] (Hilo: METALES) [COOLDOWN] XAGUSDm bloqueado. Operación reciente detectada.
[2026-06-15 22:14:53] (Hilo: METALES) [COOLDOWN] XAGAUDm bloqueado. Operación reciente detectada.
[2026-06-15 22:14:53] (Hilo: METALES) [COOLDOWN] XAGEURm bloqueado. Operación reciente detectada.
[2026-06-15 22:14:53] (Hilo: METALES) [COOLDOWN] XAGGBPm bloqueado. Operación reciente detectada.
[2026-06-15 22:14:56] (Hilo: ACCIONES) Patrullando 91 activos...
[2026-06-15 22:15:07] (Hilo: CRIPTO) Patrullando 2 activos...
[2026-06-15 22:15:07] (Hilo: FOREX) Patrullando 7 activos...
[2026-06-15 22:15:07] (Hilo: FOREX) [COOLDOWN] EURUSDm bloqueado. Operación reciente detectada.
[2026-06-15 22:15:07] (Hilo: FOREX) [COOLDOWN] AUDUSDm bloqueado. Operación reciente detectada.
[2026-06-15 22:15:07] (Hilo: FOREX) [COOLDOWN] NZDUSDm bloqueado. Operación reciente detectada.
[2026-06-15 22:15:07] (Hilo: FOREX) [COOLDOWN] USDCADm bloqueado. Operación reciente detectada.
[2026-06-15 22:15:07] (Hilo: FOREX) [COOLDOWN] USDCHFm bloqueado. Operación reciente detectada.
[2026-06-15 22:15:07] (Hilo: ENERGIA) Patrullando 3 activos...
[2026-06-15 22:15:08] (Hilo: INDICES) Patrullando 14 activos...
[2026-06-15 22:15:08] (Hilo: METALES) Patrullando 15 activos...
[2026-06-15 22:15:08] (Hilo: METALES) [COOLDOWN] XAGUSDm bloqueado. Operación reciente detectada.
[2026-06-15 22:15:08] (Hilo: METALES) [COOLDOWN] XAGAUDm bloqueado. Operación reciente detectada.
[2026-06-15 22:15:08] (Hilo: METALES) [COOLDOWN] XAGEURm bloqueado. Operación reciente detectada.
[2026-06-15 22:15:08] (Hilo: METALES) [COOLDOWN] XAGGBPm bloqueado. Operación reciente detectada.
[2026-06-15 22:15:12] (Hilo: ACCIONES) Patrullando 91 activos...
[2026-06-15 22:15:22] (Hilo: CRIPTO) Patrullando 2 activos...
[2026-06-15 22:15:22] (Hilo: FOREX) Patrullando 7 activos...
[2026-06-15 22:15:22] (Hilo: FOREX) [COOLDOWN] EURUSDm bloqueado. Operación reciente detectada.
[2026-06-15 22:15:22] (Hilo: FOREX) [COOLDOWN] AUDUSDm bloqueado. Operación reciente detectada.
[2026-06-15 22:15:22] (Hilo: FOREX) [COOLDOWN] NZDUSDm bloqueado. Operación reciente detectada.
[2026-06-15 22:15:22] (Hilo: FOREX) [COOLDOWN] USDCADm bloqueado. Operación reciente detectada.
[2026-06-15 22:15:22] (Hilo: FOREX) [COOLDOWN] USDCHFm bloqueado. Operación reciente detectada.
[2026-06-15 22:15:22] (Hilo: ENERGIA) Patrullando 3 activos...
[2026-06-15 22:15:23] (Hilo: INDICES) Patrullando 14 activos...
[2026-06-15 22:15:23] (Hilo: METALES) Patrullando 15 activos...
[2026-06-15 22:15:23] (Hilo: METALES) [COOLDOWN] XAGUSDm bloqueado. Operación reciente detectada.
[2026-06-15 22:15:23] (Hilo: METALES) [COOLDOWN] XAGAUDm bloqueado. Operación reciente detectada.
[2026-06-15 22:15:23] (Hilo: METALES) [COOLDOWN] XAGEURm bloqueado. Operación reciente detectada.
[2026-06-15 22:15:23] (Hilo: METALES) [COOLDOWN] XAGGBPm bloqueado. Operación reciente detectada.
[2026-06-15 22:15:27] (Hilo: ACCIONES) Patrullando 91 activos...
[2026-06-15 22:15:37] (Hilo: CRIPTO) Patrullando 2 activos...
[2026-06-15 22:15:37] (Hilo: FOREX) Patrullando 7 activos...
[2026-06-15 22:15:37] (Hilo: FOREX) [COOLDOWN] EURUSDm bloqueado. Operación reciente detectada.
[2026-06-15 22:15:37] (Hilo: FOREX) [COOLDOWN] AUDUSDm bloqueado. Operación reciente detectada.
[2026-06-15 22:15:37] (Hilo: FOREX) [COOLDOWN] NZDUSDm bloqueado. Operación reciente detectada.
[2026-06-15 22:15:37] (Hilo: FOREX) [COOLDOWN] USDCADm bloqueado. Operación reciente detectada.
[2026-06-15 22:15:37] (Hilo: FOREX) [COOLDOWN] USDCHFm bloqueado. Operación reciente detectada.
[2026-06-15 22:15:37] (Hilo: ENERGIA) Patrullando 3 activos...
[2026-06-15 22:15:38] (Hilo: INDICES) Patrullando 14 activos...
[2026-06-15 22:15:38] (Hilo: METALES) Patrullando 15 activos...
[2026-06-15 22:15:38] (Hilo: METALES) [COOLDOWN] XAGUSDm bloqueado. Operación reciente detectada.
[2026-06-15 22:15:38] (Hilo: METALES) [COOLDOWN] XAGAUDm bloqueado. Operación reciente detectada.
[2026-06-15 22:15:38] (Hilo: METALES) [COOLDOWN] XAGEURm bloqueado. Operación reciente detectada.
[2026-06-15 22:15:38] (Hilo: METALES) [COOLDOWN] XAGGBPm bloqueado. Operación reciente detectada.
[2026-06-15 22:15:43] (Hilo: ACCIONES) Patrullando 91 activos...
[2026-06-15 22:15:52] (Hilo: CRIPTO) Patrullando 2 activos...
[2026-06-15 22:15:52] (Hilo: FOREX) Patrullando 7 activos...
[2026-06-15 22:15:52] (Hilo: FOREX) [COOLDOWN] EURUSDm bloqueado. Operación reciente detectada.
[2026-06-15 22:15:52] (Hilo: FOREX) [COOLDOWN] AUDUSDm bloqueado. Operación reciente detectada.
[2026-06-15 22:15:52] (Hilo: FOREX) [COOLDOWN] NZDUSDm bloqueado. Operación reciente detectada.
[2026-06-15 22:15:52] (Hilo: FOREX) [COOLDOWN] USDCADm bloqueado. Operación reciente detectada.
[2026-06-15 22:15:52] (Hilo: FOREX) [COOLDOWN] USDCHFm bloqueado. Operación reciente detectada.
[2026-06-15 22:15:52] (Hilo: ENERGIA) Patrullando 3 activos...
[2026-06-15 22:15:54] (Hilo: INDICES) Patrullando 14 activos...
[2026-06-15 22:15:54] (Hilo: METALES) Patrullando 15 activos...
[2026-06-15 22:15:54] (Hilo: METALES) [COOLDOWN] XAGUSDm bloqueado. Operación reciente detectada.
[2026-06-15 22:15:54] (Hilo: METALES) [COOLDOWN] XAGAUDm bloqueado. Operación reciente detectada.
[2026-06-15 22:15:54] (Hilo: METALES) [COOLDOWN] XAGEURm bloqueado. Operación reciente detectada.
[2026-06-15 22:15:54] (Hilo: METALES) [COOLDOWN] XAGGBPm bloqueado. Operación reciente detectada.
[2026-06-15 22:15:58] (Hilo: ACCIONES) Patrullando 91 activos...
[2026-06-15 22:16:07] (Hilo: CRIPTO) Patrullando 2 activos...
[2026-06-15 22:16:07] (Hilo: FOREX) Patrullando 7 activos...
[2026-06-15 22:16:07] (Hilo: FOREX) [COOLDOWN] EURUSDm bloqueado. Operación reciente detectada.
[2026-06-15 22:16:07] (Hilo: FOREX) [COOLDOWN] AUDUSDm bloqueado. Operación reciente detectada.
[2026-06-15 22:16:07] (Hilo: FOREX) [COOLDOWN] NZDUSDm bloqueado. Operación reciente detectada.
[2026-06-15 22:16:07] (Hilo: FOREX) [COOLDOWN] USDCADm bloqueado. Operación reciente detectada.
[2026-06-15 22:16:07] (Hilo: FOREX) [COOLDOWN] USDCHFm bloqueado. Operación reciente detectada.
[2026-06-15 22:16:07] (Hilo: ENERGIA) Patrullando 3 activos...
[2026-06-15 22:16:09] (Hilo: INDICES) Patrullando 14 activos...
[2026-06-15 22:16:09] (Hilo: METALES) Patrullando 15 activos...
[2026-06-15 22:16:09] (Hilo: METALES) [COOLDOWN] XAGUSDm bloqueado. Operación reciente detectada.
[2026-06-15 22:16:09] (Hilo: METALES) [COOLDOWN] XAGAUDm bloqueado. Operación reciente detectada.
[2026-06-15 22:16:09] (Hilo: METALES) [COOLDOWN] XAGEURm bloqueado. Operación reciente detectada.
[2026-06-15 22:16:09] (Hilo: METALES) [COOLDOWN] XAGGBPm bloqueado. Operación reciente detectada.
[2026-06-15 22:16:14] (Hilo: ACCIONES) Patrullando 91 activos...
[2026-06-15 22:16:22] (Hilo: CRIPTO) Patrullando 2 activos...
[2026-06-15 22:16:22] (Hilo: FOREX) Patrullando 7 activos...
[2026-06-15 22:16:22] (Hilo: FOREX) [COOLDOWN] EURUSDm bloqueado. Operación reciente detectada.
[2026-06-15 22:16:22] (Hilo: FOREX) [COOLDOWN] AUDUSDm bloqueado. Operación reciente detectada.
[2026-06-15 22:16:22] (Hilo: FOREX) [COOLDOWN] NZDUSDm bloqueado. Operación reciente detectada.
[2026-06-15 22:16:22] (Hilo: FOREX) [COOLDOWN] USDCADm bloqueado. Operación reciente detectada.
[2026-06-15 22:16:22] (Hilo: FOREX) [COOLDOWN] USDCHFm bloqueado. Operación reciente detectada.
[2026-06-15 22:16:22] (Hilo: ENERGIA) Patrullando 3 activos...
[2026-06-15 22:16:24] (Hilo: INDICES) Patrullando 14 activos...
[2026-06-15 22:16:24] (Hilo: METALES) Patrullando 15 activos...
[2026-06-15 22:16:24] (Hilo: METALES) [COOLDOWN] XAGUSDm bloqueado. Operación reciente detectada.
[2026-06-15 22:16:24] (Hilo: METALES) [COOLDOWN] XAGAUDm bloqueado. Operación reciente detectada.
[2026-06-15 22:16:24] (Hilo: METALES) [COOLDOWN] XAGEURm bloqueado. Operación reciente detectada.
[2026-06-15 22:16:24] (Hilo: METALES) [COOLDOWN] XAGGBPm bloqueado. Operación reciente detectada.
[2026-06-15 22:16:29] (Hilo: ACCIONES) Patrullando 91 activos...
[2026-06-15 22:16:37] (Hilo: CRIPTO) Patrullando 2 activos...
[2026-06-15 22:16:37] (Hilo: FOREX) Patrullando 7 activos...
[2026-06-15 22:16:37] (Hilo: FOREX) [COOLDOWN] EURUSDm bloqueado. Operación reciente detectada.
[2026-06-15 22:16:37] (Hilo: FOREX) [COOLDOWN] AUDUSDm bloqueado. Operación reciente detectada.
[2026-06-15 22:16:37] (Hilo: FOREX) [COOLDOWN] NZDUSDm bloqueado. Operación reciente detectada.
[2026-06-15 22:16:37] (Hilo: FOREX) [COOLDOWN] USDCADm bloqueado. Operación reciente detectada.
[2026-06-15 22:16:37] (Hilo: FOREX) [COOLDOWN] USDCHFm bloqueado. Operación reciente detectada.
[2026-06-15 22:16:37] (Hilo: ENERGIA) Patrullando 3 activos...
[2026-06-15 22:16:39] (Hilo: INDICES) Patrullando 14 activos...
[2026-06-15 22:16:39] (Hilo: METALES) Patrullando 15 activos...
[2026-06-15 22:16:39] (Hilo: METALES) [COOLDOWN] XAGUSDm bloqueado. Operación reciente detectada.
[2026-06-15 22:16:39] (Hilo: METALES) [COOLDOWN] XAGAUDm bloqueado. Operación reciente detectada.
[2026-06-15 22:16:39] (Hilo: METALES) [COOLDOWN] XAGEURm bloqueado. Operación reciente detectada.
[2026-06-15 22:16:39] (Hilo: METALES) [COOLDOWN] XAGGBPm bloqueado. Operación reciente detectada.
[2026-06-15 22:16:45] (Hilo: ACCIONES) Patrullando 91 activos...
[2026-06-15 22:16:52] (Hilo: CRIPTO) Patrullando 2 activos...
[2026-06-15 22:16:52] (Hilo: FOREX) Patrullando 7 activos...
[2026-06-15 22:16:52] (Hilo: FOREX) [COOLDOWN] EURUSDm bloqueado. Operación reciente detectada.
[2026-06-15 22:16:52] (Hilo: FOREX) [COOLDOWN] AUDUSDm bloqueado. Operación reciente detectada.
[2026-06-15 22:16:52] (Hilo: FOREX) [COOLDOWN] NZDUSDm bloqueado. Operación reciente detectada.
[2026-06-15 22:16:52] (Hilo: FOREX) [COOLDOWN] USDCADm bloqueado. Operación reciente detectada.
[2026-06-15 22:16:52] (Hilo: FOREX) [COOLDOWN] USDCHFm bloqueado. Operación reciente detectada.
[2026-06-15 22:16:53] (Hilo: ENERGIA) Patrullando 3 activos...
[2026-06-15 22:16:54] (Hilo: INDICES) Patrullando 14 activos...
[2026-06-15 22:16:54] (Hilo: METALES) Patrullando 15 activos...
[2026-06-15 22:16:54] (Hilo: METALES) [COOLDOWN] XAGUSDm bloqueado. Operación reciente detectada.
[2026-06-15 22:16:54] (Hilo: METALES) [COOLDOWN] XAGAUDm bloqueado. Operación reciente detectada.
[2026-06-15 22:16:54] (Hilo: METALES) [COOLDOWN] XAGEURm bloqueado. Operación reciente detectada.
[2026-06-15 22:16:54] (Hilo: METALES) [COOLDOWN] XAGGBPm bloqueado. Operación reciente detectada.
[2026-06-15 22:17:00] (Hilo: ACCIONES) Patrullando 91 activos...
[2026-06-15 22:17:07] (Hilo: CRIPTO) Patrullando 2 activos...
[2026-06-15 22:17:07] (Hilo: FOREX) Patrullando 7 activos...
[2026-06-15 22:17:07] (Hilo: FOREX) [COOLDOWN] EURUSDm bloqueado. Operación reciente detectada.
[2026-06-15 22:17:07] (Hilo: FOREX) [COOLDOWN] AUDUSDm bloqueado. Operación reciente detectada.
[2026-06-15 22:17:07] (Hilo: FOREX) [COOLDOWN] NZDUSDm bloqueado. Operación reciente detectada.
[2026-06-15 22:17:07] (Hilo: FOREX) [COOLDOWN] USDCADm bloqueado. Operación reciente detectada.
[2026-06-15 22:17:07] (Hilo: FOREX) [COOLDOWN] USDCHFm bloqueado. Operación reciente detectada.
[2026-06-15 22:17:08] (Hilo: ENERGIA) Patrullando 3 activos...
[2026-06-15 22:17:09] (Hilo: INDICES) Patrullando 14 activos...
[2026-06-15 22:17:09] (Hilo: METALES) Patrullando 15 activos...
[2026-06-15 22:17:09] (Hilo: METALES) [COOLDOWN] XAGUSDm bloqueado. Operación reciente detectada.
[2026-06-15 22:17:09] (Hilo: METALES) [COOLDOWN] XAGAUDm bloqueado. Operación reciente detectada.
[2026-06-15 22:17:09] (Hilo: METALES) [COOLDOWN] XAGEURm bloqueado. Operación reciente detectada.
[2026-06-15 22:17:09] (Hilo: METALES) [COOLDOWN] XAGGBPm bloqueado. Operación reciente detectada.
[2026-06-15 22:17:16] (Hilo: ACCIONES) Patrullando 91 activos...
[2026-06-15 22:17:22] (Hilo: CRIPTO) Patrullando 2 activos...
[2026-06-15 22:17:22] (Hilo: FOREX) Patrullando 7 activos...
[2026-06-15 22:17:22] (Hilo: FOREX) [COOLDOWN] EURUSDm bloqueado. Operación reciente detectada.
[2026-06-15 22:17:23] (Hilo: FOREX) [COOLDOWN] AUDUSDm bloqueado. Operación reciente detectada.
[2026-06-15 22:17:23] (Hilo: FOREX) [COOLDOWN] NZDUSDm bloqueado. Operación reciente detectada.
[2026-06-15 22:17:23] (Hilo: FOREX) [COOLDOWN] USDCADm bloqueado. Operación reciente detectada.
[2026-06-15 22:17:23] (Hilo: FOREX) [COOLDOWN] USDCHFm bloqueado. Operación reciente detectada.
[2026-06-15 22:17:23] (Hilo: ENERGIA) Patrullando 3 activos...
[2026-06-15 22:17:24] (Hilo: INDICES) Patrullando 14 activos...
[2026-06-15 22:17:24] (Hilo: METALES) Patrullando 15 activos...
[2026-06-15 22:17:24] (Hilo: METALES) [COOLDOWN] XAGUSDm bloqueado. Operación reciente detectada.
[2026-06-15 22:17:24] (Hilo: METALES) [COOLDOWN] XAGAUDm bloqueado. Operación reciente detectada.
[2026-06-15 22:17:24] (Hilo: METALES) [COOLDOWN] XAGEURm bloqueado. Operación reciente detectada.
[2026-06-15 22:17:24] (Hilo: METALES) [COOLDOWN] XAGGBPm bloqueado. Operación reciente detectada.
[2026-06-15 22:17:31] (Hilo: ACCIONES) Patrullando 91 activos...
[2026-06-15 22:17:37] (Hilo: CRIPTO) Patrullando 2 activos...
[2026-06-15 22:17:38] (Hilo: FOREX) Patrullando 7 activos...
[2026-06-15 22:17:38] (Hilo: FOREX) [COOLDOWN] EURUSDm bloqueado. Operación reciente detectada.
[2026-06-15 22:17:38] (Hilo: FOREX) [COOLDOWN] AUDUSDm bloqueado. Operación reciente detectada.
[2026-06-15 22:17:38] (Hilo: FOREX) [COOLDOWN] NZDUSDm bloqueado. Operación reciente detectada.
[2026-06-15 22:17:38] (Hilo: FOREX) [COOLDOWN] USDCADm bloqueado. Operación reciente detectada.
[2026-06-15 22:17:38] (Hilo: FOREX) [COOLDOWN] USDCHFm bloqueado. Operación reciente detectada.
[2026-06-15 22:17:38] (Hilo: ENERGIA) Patrullando 3 activos...
[2026-06-15 22:17:39] (Hilo: INDICES) Patrullando 14 activos...
[2026-06-15 22:17:39] (Hilo: METALES) Patrullando 15 activos...
[2026-06-15 22:17:39] (Hilo: METALES) [COOLDOWN] XAGUSDm bloqueado. Operación reciente detectada.
[2026-06-15 22:17:39] (Hilo: METALES) [COOLDOWN] XAGAUDm bloqueado. Operación reciente detectada.
[2026-06-15 22:17:39] (Hilo: METALES) [COOLDOWN] XAGEURm bloqueado. Operación reciente detectada.
[2026-06-15 22:17:39] (Hilo: METALES) [COOLDOWN] XAGGBPm bloqueado. Operación reciente detectada.
[2026-06-15 22:17:47] (Hilo: ACCIONES) Patrullando 91 activos...
[2026-06-15 22:17:52] (Hilo: CRIPTO) Patrullando 2 activos...
[2026-06-15 22:17:53] (Hilo: FOREX) Patrullando 7 activos...
[2026-06-15 22:17:53] (Hilo: FOREX) [COOLDOWN] EURUSDm bloqueado. Operación reciente detectada.
[2026-06-15 22:17:53] (Hilo: FOREX) [COOLDOWN] AUDUSDm bloqueado. Operación reciente detectada.
[2026-06-15 22:17:53] (Hilo: FOREX) [COOLDOWN] NZDUSDm bloqueado. Operación reciente detectada.
[2026-06-15 22:17:53] (Hilo: FOREX) [COOLDOWN] USDCADm bloqueado. Operación reciente detectada.
[2026-06-15 22:17:53] (Hilo: FOREX) [COOLDOWN] USDCHFm bloqueado. Operación reciente detectada.
[2026-06-15 22:17:53] (Hilo: ENERGIA) Patrullando 3 activos...
[2026-06-15 22:17:54] (Hilo: INDICES) Patrullando 14 activos...
[2026-06-15 22:17:54] (Hilo: METALES) Patrullando 15 activos...
[2026-06-15 22:17:54] (Hilo: METALES) [COOLDOWN] XAGUSDm bloqueado. Operación reciente detectada.
[2026-06-15 22:17:54] (Hilo: METALES) [COOLDOWN] XAGAUDm bloqueado. Operación reciente detectada.
[2026-06-15 22:17:54] (Hilo: METALES) [COOLDOWN] XAGEURm bloqueado. Operación reciente detectada.
[2026-06-15 22:17:54] (Hilo: METALES) [COOLDOWN] XAGGBPm bloqueado. Operación reciente detectada.
[2026-06-15 22:18:02] (Hilo: ACCIONES) Patrullando 91 activos...
[2026-06-15 22:18:07] (Hilo: CRIPTO) Patrullando 2 activos...
[2026-06-15 22:18:08] (Hilo: FOREX) Patrullando 7 activos...
[2026-06-15 22:18:08] (Hilo: FOREX) [COOLDOWN] EURUSDm bloqueado. Operación reciente detectada.
[2026-06-15 22:18:08] (Hilo: FOREX) [COOLDOWN] AUDUSDm bloqueado. Operación reciente detectada.
[2026-06-15 22:18:08] (Hilo: FOREX) [COOLDOWN] NZDUSDm bloqueado. Operación reciente detectada.
[2026-06-15 22:18:08] (Hilo: FOREX) [COOLDOWN] USDCADm bloqueado. Operación reciente detectada.
[2026-06-15 22:18:08] (Hilo: FOREX) [COOLDOWN] USDCHFm bloqueado. Operación reciente detectada.
[2026-06-15 22:18:08] (Hilo: ENERGIA) Patrullando 3 activos...
[2026-06-15 22:18:10] (Hilo: INDICES) Patrullando 14 activos...
[2026-06-15 22:18:10] (Hilo: METALES) Patrullando 15 activos...
[2026-06-15 22:18:10] (Hilo: METALES) [COOLDOWN] XAGUSDm bloqueado. Operación reciente detectada.
[2026-06-15 22:18:10] (Hilo: METALES) [COOLDOWN] XAGAUDm bloqueado. Operación reciente detectada.
[2026-06-15 22:18:10] (Hilo: METALES) [COOLDOWN] XAGEURm bloqueado. Operación reciente detectada.
[2026-06-15 22:18:10] (Hilo: METALES) [COOLDOWN] XAGGBPm bloqueado. Operación reciente detectada.
[2026-06-15 22:18:18] (Hilo: ACCIONES) Patrullando 91 activos...
[2026-06-15 22:18:22] (Hilo: CRIPTO) Patrullando 2 activos...
[2026-06-15 22:18:23] (Hilo: FOREX) Patrullando 7 activos...
[2026-06-15 22:18:23] (Hilo: FOREX) [COOLDOWN] EURUSDm bloqueado. Operación reciente detectada.
[2026-06-15 22:18:23] (Hilo: FOREX) [COOLDOWN] AUDUSDm bloqueado. Operación reciente detectada.
[2026-06-15 22:18:23] (Hilo: FOREX) [COOLDOWN] NZDUSDm bloqueado. Operación reciente detectada.
[2026-06-15 22:18:23] (Hilo: FOREX) [COOLDOWN] USDCADm bloqueado. Operación reciente detectada.
[2026-06-15 22:18:23] (Hilo: FOREX) [COOLDOWN] USDCHFm bloqueado. Operación reciente detectada.
[2026-06-15 22:18:23] (Hilo: ENERGIA) Patrullando 3 activos...
[2026-06-15 22:18:25] (Hilo: INDICES) Patrullando 14 activos...
[2026-06-15 22:18:25] (Hilo: METALES) Patrullando 15 activos...
[2026-06-15 22:18:25] (Hilo: METALES) [COOLDOWN] XAGUSDm bloqueado. Operación reciente detectada.
[2026-06-15 22:18:25] (Hilo: METALES) [COOLDOWN] XAGAUDm bloqueado. Operación reciente detectada.
[2026-06-15 22:18:25] (Hilo: METALES) [COOLDOWN] XAGEURm bloqueado. Operación reciente detectada.
[2026-06-15 22:18:25] (Hilo: METALES) [COOLDOWN] XAGGBPm bloqueado. Operación reciente detectada.
[2026-06-15 22:18:33] (Hilo: ACCIONES) Patrullando 91 activos...
[2026-06-15 22:18:38] (Hilo: CRIPTO) Patrullando 2 activos...
[2026-06-15 22:18:38] (Hilo: FOREX) Patrullando 7 activos...
[2026-06-15 22:18:38] (Hilo: FOREX) [COOLDOWN] EURUSDm bloqueado. Operación reciente detectada.
[2026-06-15 22:18:38] (Hilo: FOREX) [COOLDOWN] AUDUSDm bloqueado. Operación reciente detectada.
[2026-06-15 22:18:38] (Hilo: FOREX) [COOLDOWN] NZDUSDm bloqueado. Operación reciente detectada.
[2026-06-15 22:18:38] (Hilo: FOREX) [COOLDOWN] USDCADm bloqueado. Operación reciente detectada.
[2026-06-15 22:18:38] (Hilo: FOREX) [COOLDOWN] USDCHFm bloqueado. Operación reciente detectada.
[2026-06-15 22:18:38] (Hilo: ENERGIA) Patrullando 3 activos...
[2026-06-15 22:18:40] (Hilo: INDICES) Patrullando 14 activos...
[2026-06-15 22:18:40] (Hilo: METALES) Patrullando 15 activos...
[2026-06-15 22:18:40] (Hilo: METALES) [COOLDOWN] XAGUSDm bloqueado. Operación reciente detectada.
[2026-06-15 22:18:40] (Hilo: METALES) [COOLDOWN] XAGAUDm bloqueado. Operación reciente detectada.
[2026-06-15 22:18:40] (Hilo: METALES) [COOLDOWN] XAGEURm bloqueado. Operación reciente detectada.
[2026-06-15 22:18:40] (Hilo: METALES) [COOLDOWN] XAGGBPm bloqueado. Operación reciente detectada.
[2026-06-15 22:18:49] (Hilo: ACCIONES) Patrullando 91 activos...
[2026-06-15 22:18:53] (Hilo: CRIPTO) Patrullando 2 activos...
[2026-06-15 22:18:53] (Hilo: FOREX) Patrullando 7 activos...
[2026-06-15 22:18:53] (Hilo: FOREX) [COOLDOWN] EURUSDm bloqueado. Operación reciente detectada.
[2026-06-15 22:18:53] (Hilo: FOREX) [COOLDOWN] AUDUSDm bloqueado. Operación reciente detectada.
[2026-06-15 22:18:53] (Hilo: FOREX) [COOLDOWN] NZDUSDm bloqueado. Operación reciente detectada.
[2026-06-15 22:18:53] (Hilo: FOREX) [COOLDOWN] USDCADm bloqueado. Operación reciente detectada.
[2026-06-15 22:18:53] (Hilo: FOREX) [COOLDOWN] USDCHFm bloqueado. Operación reciente detectada.
[2026-06-15 22:18:53] (Hilo: ENERGIA) Patrullando 3 activos...
[2026-06-15 22:18:55] (Hilo: INDICES) Patrullando 14 activos...
[2026-06-15 22:18:55] (Hilo: METALES) Patrullando 15 activos...
[2026-06-15 22:18:55] (Hilo: METALES) [COOLDOWN] XAGUSDm bloqueado. Operación reciente detectada.
[2026-06-15 22:18:55] (Hilo: METALES) [COOLDOWN] XAGAUDm bloqueado. Operación reciente detectada.
[2026-06-15 22:18:55] (Hilo: METALES) [COOLDOWN] XAGEURm bloqueado. Operación reciente detectada.
[2026-06-15 22:18:55] (Hilo: METALES) [COOLDOWN] XAGGBPm bloqueado. Operación reciente detectada.
[2026-06-15 22:19:04] (Hilo: ACCIONES) Patrullando 91 activos...
[2026-06-15 22:19:08] (Hilo: CRIPTO) Patrullando 2 activos...
[2026-06-15 22:19:08] (Hilo: FOREX) Patrullando 7 activos...
[2026-06-15 22:19:08] (Hilo: FOREX) [COOLDOWN] EURUSDm bloqueado. Operación reciente detectada.
[2026-06-15 22:19:08] (Hilo: FOREX) [COOLDOWN] AUDUSDm bloqueado. Operación reciente detectada.
[2026-06-15 22:19:08] (Hilo: FOREX) [COOLDOWN] NZDUSDm bloqueado. Operación reciente detectada.
[2026-06-15 22:19:08] (Hilo: FOREX) [COOLDOWN] USDCADm bloqueado. Operación reciente detectada.
[2026-06-15 22:19:08] (Hilo: FOREX) [COOLDOWN] USDCHFm bloqueado. Operación reciente detectada.
[2026-06-15 22:19:08] (Hilo: ENERGIA) Patrullando 3 activos...
[2026-06-15 22:22:11] (Hilo: MainThread) Inicializando motores del Quant Sniper Multi-Thread Bot...
[2026-06-15 22:22:11] (Hilo: MainThread) Conexión establecida con éxito. Desplegando hilos de trabajo...
[2026-06-15 22:22:11] (Hilo: FOREX) Fila de patrullaje activada con Firma: 1000
[2026-06-15 22:22:11] (Hilo: FOREX) Patrullando 7 activos...
[2026-06-15 22:22:11] (Hilo: CRIPTO) Fila de patrullaje activada con Firma: 2000
[2026-06-15 22:22:11] (Hilo: METALES) Fila de patrullaje activada con Firma: 3000
[2026-06-15 22:22:11] (Hilo: INDICES) Fila de patrullaje activada con Firma: 4000
[2026-06-15 22:22:11] (Hilo: CRIPTO) Patrullando 2 activos...
[2026-06-15 22:22:11] (Hilo: ENERGIA) Fila de patrullaje activada con Firma: 5000
[2026-06-15 22:22:11] (Hilo: ACCIONES) Fila de patrullaje activada con Firma: 6000
[2026-06-15 22:22:11] (Hilo: METALES) Patrullando 15 activos...
[2026-06-15 22:22:11] (Hilo: INDICES) Patrullando 14 activos...
[2026-06-15 22:22:11] (Hilo: ENERGIA) Patrullando 3 activos...
[2026-06-15 22:22:11] (Hilo: ACCIONES) Patrullando 91 activos...
[2026-06-15 22:22:11] (Hilo: INDICES) [🎯 ALINEACIÓN] DXYm | Tendencia H1: DOWN | RSI M1: 70.97 -> SELL
[2026-06-15 22:22:11] (Hilo: INDICES) [DXYm] 🔥 Condiciones de disparo autorizadas. Ejecutando SELL...
[2026-06-15 22:22:11] (Hilo: ACCIONES) [🎯 ALINEACIÓN] ADBEm | Tendencia H1: DOWN | RSI M1: 70.75 -> SELL
[2026-06-15 22:22:11] (Hilo: ACCIONES) [ADBEm] 🔥 Condiciones de disparo autorizadas. Ejecutando SELL...
[2026-06-15 22:22:11] (Hilo: ACCIONES) [🎯 ALINEACIÓN] AMGNm | Tendencia H1: UP | RSI M1: 25.57 -> BUY
[2026-06-15 22:22:11] (Hilo: ACCIONES) [AMGNm] 🔥 Condiciones de disparo autorizadas. Ejecutando BUY...
[2026-06-15 22:22:12] (Hilo: METALES) [🎯 ALINEACIÓN] XZNUSDm | Tendencia H1: UP | RSI M1: 29.71 -> BUY
[2026-06-15 22:22:12] (Hilo: METALES) [XZNUSDm] 🔥 Condiciones de disparo autorizadas. Ejecutando BUY...
[2026-06-15 22:22:12] (Hilo: ACCIONES) [🎯 ALINEACIÓN] CMCSAm | Tendencia H1: DOWN | RSI M1: 76.92 -> SELL
[2026-06-15 22:22:12] (Hilo: ACCIONES) [CMCSAm] 🔥 Condiciones de disparo autorizadas. Ejecutando SELL...
[2026-06-15 22:22:12] (Hilo: ACCIONES) [🎯 ALINEACIÓN] JNJm | Tendencia H1: UP | RSI M1: 10.64 -> BUY
[2026-06-15 22:22:12] (Hilo: ACCIONES) [JNJm] 🔥 Condiciones de disparo autorizadas. Ejecutando BUY...
[2026-06-15 22:22:12] (Hilo: ACCIONES) [🎯 ALINEACIÓN] JPMm | Tendencia H1: UP | RSI M1: 28.81 -> BUY
[2026-06-15 22:22:12] (Hilo: ACCIONES) [JPMm] 🔥 Condiciones de disparo autorizadas. Ejecutando BUY...
[2026-06-15 22:22:12] (Hilo: ACCIONES) [🎯 ALINEACIÓN] LINm | Tendencia H1: UP | RSI M1: 27.91 -> BUY
[2026-06-15 22:22:12] (Hilo: ACCIONES) [LINm] 🔥 Condiciones de disparo autorizadas. Ejecutando BUY...
[2026-06-15 22:22:12] (Hilo: ACCIONES) [🎯 ALINEACIÓN] MCDm | Tendencia H1: UP | RSI M1: 28.07 -> BUY
[2026-06-15 22:22:12] (Hilo: ACCIONES) [MCDm] 🔥 Condiciones de disparo autorizadas. Ejecutando BUY...
[2026-06-15 22:22:12] (Hilo: ACCIONES) [🎯 ALINEACIÓN] MMMm | Tendencia H1: UP | RSI M1: 8.89 -> BUY
[2026-06-15 22:22:12] (Hilo: ACCIONES) [MMMm] 🔥 Condiciones de disparo autorizadas. Ejecutando BUY...
[2026-06-15 22:22:12] (Hilo: ACCIONES) [🎯 ALINEACIÓN] MSFTm | Tendencia H1: DOWN | RSI M1: 95.51 -> SELL
[2026-06-15 22:22:12] (Hilo: ACCIONES) [MSFTm] 🔥 Condiciones de disparo autorizadas. Ejecutando SELL...
[2026-06-15 22:22:12] (Hilo: ACCIONES) [🎯 ALINEACIÓN] NFLXm | Tendencia H1: DOWN | RSI M1: 71.43 -> SELL
[2026-06-15 22:22:12] (Hilo: ACCIONES) [NFLXm] 🔥 Condiciones de disparo autorizadas. Ejecutando SELL...
[2026-06-15 22:22:12] (Hilo: ACCIONES) [🎯 ALINEACIÓN] PGm | Tendencia H1: UP | RSI M1: 24.32 -> BUY
[2026-06-15 22:22:12] (Hilo: ACCIONES) [PGm] 🔥 Condiciones de disparo autorizadas. Ejecutando BUY...
[2026-06-15 22:22:12] (Hilo: ACCIONES) [🎯 ALINEACIÓN] SBUXm | Tendencia H1: UP | RSI M1: 18.37 -> BUY
[2026-06-15 22:22:12] (Hilo: ACCIONES) [SBUXm] 🔥 Condiciones de disparo autorizadas. Ejecutando BUY...
[2026-06-15 22:22:12] (Hilo: ACCIONES) [🎯 ALINEACIÓN] VRTXm | Tendencia H1: UP | RSI M1: 26.01 -> BUY
[2026-06-15 22:22:12] (Hilo: ACCIONES) [VRTXm] 🔥 Condiciones de disparo autorizadas. Ejecutando BUY...
[2026-06-15 22:22:26] (Hilo: CRIPTO) Patrullando 2 activos...
[2026-06-15 22:22:26] (Hilo: FOREX) Patrullando 7 activos...
[2026-06-15 22:22:26] (Hilo: ENERGIA) Patrullando 3 activos...
[2026-06-15 22:22:27] (Hilo: INDICES) Patrullando 14 activos...
[2026-06-15 22:22:27] (Hilo: METALES) Patrullando 15 activos...
[2026-06-15 22:22:27] (Hilo: ACCIONES) Patrullando 91 activos...
[2026-06-15 22:22:27] (Hilo: ACCIONES) [🎯 ALINEACIÓN] ADBEm | Tendencia H1: DOWN | RSI M1: 70.75 -> SELL
[2026-06-15 22:22:27] (Hilo: ACCIONES) [ADBEm] 🔥 Condiciones de disparo autorizadas. Ejecutando SELL...
[2026-06-15 22:22:27] (Hilo: METALES) [🎯 ALINEACIÓN] XZNUSDm | Tendencia H1: UP | RSI M1: 27.59 -> BUY
[2026-06-15 22:22:27] (Hilo: METALES) [XZNUSDm] 🔥 Condiciones de disparo autorizadas. Ejecutando BUY...
[2026-06-15 22:22:27] (Hilo: ACCIONES) [🎯 ALINEACIÓN] AMGNm | Tendencia H1: UP | RSI M1: 25.57 -> BUY
[2026-06-15 22:22:27] (Hilo: ACCIONES) [AMGNm] 🔥 Condiciones de disparo autorizadas. Ejecutando BUY...
[2026-06-15 22:22:27] (Hilo: ACCIONES) [🎯 ALINEACIÓN] CMCSAm | Tendencia H1: DOWN | RSI M1: 76.92 -> SELL
[2026-06-15 22:22:27] (Hilo: ACCIONES) [CMCSAm] 🔥 Condiciones de disparo autorizadas. Ejecutando SELL...
[2026-06-15 22:22:27] (Hilo: ACCIONES) [🎯 ALINEACIÓN] JNJm | Tendencia H1: UP | RSI M1: 10.64 -> BUY
[2026-06-15 22:22:27] (Hilo: ACCIONES) [JNJm] 🔥 Condiciones de disparo autorizadas. Ejecutando BUY...
[2026-06-15 22:22:27] (Hilo: ACCIONES) [🎯 ALINEACIÓN] JPMm | Tendencia H1: UP | RSI M1: 28.81 -> BUY
[2026-06-15 22:22:27] (Hilo: ACCIONES) [JPMm] 🔥 Condiciones de disparo autorizadas. Ejecutando BUY...
[2026-06-15 22:22:27] (Hilo: ACCIONES) [🎯 ALINEACIÓN] LINm | Tendencia H1: UP | RSI M1: 27.91 -> BUY
[2026-06-15 22:22:27] (Hilo: ACCIONES) [LINm] 🔥 Condiciones de disparo autorizadas. Ejecutando BUY...
[2026-06-15 22:22:27] (Hilo: ACCIONES) [🎯 ALINEACIÓN] MCDm | Tendencia H1: UP | RSI M1: 28.07 -> BUY
[2026-06-15 22:22:27] (Hilo: ACCIONES) [MCDm] 🔥 Condiciones de disparo autorizadas. Ejecutando BUY...
[2026-06-15 22:22:27] (Hilo: ACCIONES) [🎯 ALINEACIÓN] MMMm | Tendencia H1: UP | RSI M1: 8.89 -> BUY
[2026-06-15 22:22:27] (Hilo: ACCIONES) [MMMm] 🔥 Condiciones de disparo autorizadas. Ejecutando BUY...
[2026-06-15 22:22:27] (Hilo: ACCIONES) [🎯 ALINEACIÓN] MSFTm | Tendencia H1: DOWN | RSI M1: 95.51 -> SELL
[2026-06-15 22:22:27] (Hilo: ACCIONES) [MSFTm] 🔥 Condiciones de disparo autorizadas. Ejecutando SELL...
[2026-06-15 22:22:27] (Hilo: ACCIONES) [🎯 ALINEACIÓN] NFLXm | Tendencia H1: DOWN | RSI M1: 71.43 -> SELL
[2026-06-15 22:22:27] (Hilo: ACCIONES) [NFLXm] 🔥 Condiciones de disparo autorizadas. Ejecutando SELL...
[2026-06-15 22:22:27] (Hilo: ACCIONES) [🎯 ALINEACIÓN] PGm | Tendencia H1: UP | RSI M1: 24.32 -> BUY
[2026-06-15 22:22:27] (Hilo: ACCIONES) [PGm] 🔥 Condiciones de disparo autorizadas. Ejecutando BUY...
[2026-06-15 22:22:27] (Hilo: ACCIONES) [🎯 ALINEACIÓN] SBUXm | Tendencia H1: UP | RSI M1: 18.37 -> BUY
[2026-06-15 22:22:27] (Hilo: ACCIONES) [SBUXm] 🔥 Condiciones de disparo autorizadas. Ejecutando BUY...
[2026-06-15 22:22:27] (Hilo: ACCIONES) [🎯 ALINEACIÓN] VRTXm | Tendencia H1: UP | RSI M1: 26.01 -> BUY
[2026-06-15 22:22:27] (Hilo: ACCIONES) [VRTXm] 🔥 Condiciones de disparo autorizadas. Ejecutando BUY...
[2026-06-15 22:22:41] (Hilo: CRIPTO) Patrullando 2 activos...
[2026-06-15 22:22:41] (Hilo: ENERGIA) Patrullando 3 activos...
[2026-06-15 22:22:42] (Hilo: FOREX) Patrullando 7 activos...
[2026-06-15 22:22:42] (Hilo: INDICES) Patrullando 14 activos...
[2026-06-15 22:22:42] (Hilo: METALES) Patrullando 15 activos...
[2026-06-15 22:22:42] (Hilo: METALES) [🎯 ALINEACIÓN] XZNUSDm | Tendencia H1: UP | RSI M1: 27.76 -> BUY
[2026-06-15 22:22:42] (Hilo: METALES) [XZNUSDm] 🔥 Condiciones de disparo autorizadas. Ejecutando BUY...
[2026-06-15 22:22:42] (Hilo: ACCIONES) Patrullando 91 activos...
[2026-06-15 22:22:42] (Hilo: ACCIONES) [🎯 ALINEACIÓN] ADBEm | Tendencia H1: DOWN | RSI M1: 70.75 -> SELL
[2026-06-15 22:22:42] (Hilo: ACCIONES) [ADBEm] 🔥 Condiciones de disparo autorizadas. Ejecutando SELL...
[2026-06-15 22:22:42] (Hilo: ACCIONES) [🎯 ALINEACIÓN] AMGNm | Tendencia H1: UP | RSI M1: 25.57 -> BUY
[2026-06-15 22:22:42] (Hilo: ACCIONES) [AMGNm] 🔥 Condiciones de disparo autorizadas. Ejecutando BUY...
[2026-06-15 22:22:42] (Hilo: ACCIONES) [🎯 ALINEACIÓN] CMCSAm | Tendencia H1: DOWN | RSI M1: 76.92 -> SELL
[2026-06-15 22:22:42] (Hilo: ACCIONES) [CMCSAm] 🔥 Condiciones de disparo autorizadas. Ejecutando SELL...
[2026-06-15 22:22:42] (Hilo: ACCIONES) [🎯 ALINEACIÓN] JNJm | Tendencia H1: UP | RSI M1: 10.64 -> BUY
[2026-06-15 22:22:42] (Hilo: ACCIONES) [JNJm] 🔥 Condiciones de disparo autorizadas. Ejecutando BUY...
[2026-06-15 22:22:42] (Hilo: ACCIONES) [🎯 ALINEACIÓN] JPMm | Tendencia H1: UP | RSI M1: 28.81 -> BUY
[2026-06-15 22:22:42] (Hilo: ACCIONES) [JPMm] 🔥 Condiciones de disparo autorizadas. Ejecutando BUY...
[2026-06-15 22:22:42] (Hilo: ACCIONES) [🎯 ALINEACIÓN] LINm | Tendencia H1: UP | RSI M1: 27.91 -> BUY
[2026-06-15 22:22:42] (Hilo: ACCIONES) [LINm] 🔥 Condiciones de disparo autorizadas. Ejecutando BUY...
[2026-06-15 22:22:42] (Hilo: ACCIONES) [🎯 ALINEACIÓN] MCDm | Tendencia H1: UP | RSI M1: 28.07 -> BUY
[2026-06-15 22:22:42] (Hilo: ACCIONES) [MCDm] 🔥 Condiciones de disparo autorizadas. Ejecutando BUY...
[2026-06-15 22:22:42] (Hilo: ACCIONES) [🎯 ALINEACIÓN] MMMm | Tendencia H1: UP | RSI M1: 8.89 -> BUY
[2026-06-15 22:22:42] (Hilo: ACCIONES) [MMMm] 🔥 Condiciones de disparo autorizadas. Ejecutando BUY...
[2026-06-15 22:22:42] (Hilo: ACCIONES) [🎯 ALINEACIÓN] MSFTm | Tendencia H1: DOWN | RSI M1: 95.51 -> SELL
[2026-06-15 22:22:42] (Hilo: ACCIONES) [MSFTm] 🔥 Condiciones de disparo autorizadas. Ejecutando SELL...
[2026-06-15 22:22:42] (Hilo: ACCIONES) [🎯 ALINEACIÓN] NFLXm | Tendencia H1: DOWN | RSI M1: 71.43 -> SELL
[2026-06-15 22:22:42] (Hilo: ACCIONES) [NFLXm] 🔥 Condiciones de disparo autorizadas. Ejecutando SELL...
[2026-06-15 22:22:42] (Hilo: ACCIONES) [🎯 ALINEACIÓN] PGm | Tendencia H1: UP | RSI M1: 24.32 -> BUY
[2026-06-15 22:22:42] (Hilo: ACCIONES) [PGm] 🔥 Condiciones de disparo autorizadas. Ejecutando BUY...
[2026-06-15 22:22:42] (Hilo: ACCIONES) [🎯 ALINEACIÓN] SBUXm | Tendencia H1: UP | RSI M1: 18.37 -> BUY
[2026-06-15 22:22:42] (Hilo: ACCIONES) [SBUXm] 🔥 Condiciones de disparo autorizadas. Ejecutando BUY...
[2026-06-15 22:22:42] (Hilo: ACCIONES) [🎯 ALINEACIÓN] VRTXm | Tendencia H1: UP | RSI M1: 26.01 -> BUY
[2026-06-15 22:22:42] (Hilo: ACCIONES) [VRTXm] 🔥 Condiciones de disparo autorizadas. Ejecutando BUY...
[2026-06-15 22:22:56] (Hilo: CRIPTO) Patrullando 2 activos...
[2026-06-15 22:22:56] (Hilo: ENERGIA) Patrullando 3 activos...
[2026-06-15 22:22:57] (Hilo: FOREX) Patrullando 7 activos...
[2026-06-15 22:22:57] (Hilo: INDICES) Patrullando 14 activos...
[2026-06-15 22:22:57] (Hilo: METALES) Patrullando 15 activos...
[2026-06-15 22:22:57] (Hilo: METALES) [🎯 ALINEACIÓN] XZNUSDm | Tendencia H1: UP | RSI M1: 27.76 -> BUY
[2026-06-15 22:22:57] (Hilo: METALES) [XZNUSDm] 🔥 Condiciones de disparo autorizadas. Ejecutando BUY...
[2026-06-15 22:22:57] (Hilo: ACCIONES) Patrullando 91 activos...
[2026-06-15 22:22:57] (Hilo: ACCIONES) [🎯 ALINEACIÓN] ADBEm | Tendencia H1: DOWN | RSI M1: 70.75 -> SELL
[2026-06-15 22:22:57] (Hilo: ACCIONES) [ADBEm] 🔥 Condiciones de disparo autorizadas. Ejecutando SELL...
[2026-06-15 22:22:57] (Hilo: ACCIONES) [🎯 ALINEACIÓN] AMGNm | Tendencia H1: UP | RSI M1: 25.57 -> BUY
[2026-06-15 22:22:57] (Hilo: ACCIONES) [AMGNm] 🔥 Condiciones de disparo autorizadas. Ejecutando BUY...
[2026-06-15 22:22:57] (Hilo: ACCIONES) [🎯 ALINEACIÓN] CMCSAm | Tendencia H1: DOWN | RSI M1: 76.92 -> SELL
[2026-06-15 22:22:57] (Hilo: ACCIONES) [CMCSAm] 🔥 Condiciones de disparo autorizadas. Ejecutando SELL...
[2026-06-15 22:22:57] (Hilo: ACCIONES) [🎯 ALINEACIÓN] JNJm | Tendencia H1: UP | RSI M1: 10.64 -> BUY
[2026-06-15 22:22:57] (Hilo: ACCIONES) [JNJm] 🔥 Condiciones de disparo autorizadas. Ejecutando BUY...
[2026-06-15 22:22:57] (Hilo: ACCIONES) [🎯 ALINEACIÓN] JPMm | Tendencia H1: UP | RSI M1: 28.81 -> BUY
[2026-06-15 22:22:57] (Hilo: ACCIONES) [JPMm] 🔥 Condiciones de disparo autorizadas. Ejecutando BUY...
[2026-06-15 22:22:57] (Hilo: ACCIONES) [🎯 ALINEACIÓN] LINm | Tendencia H1: UP | RSI M1: 27.91 -> BUY
[2026-06-15 22:22:57] (Hilo: ACCIONES) [LINm] 🔥 Condiciones de disparo autorizadas. Ejecutando BUY...
[2026-06-15 22:22:57] (Hilo: ACCIONES) [🎯 ALINEACIÓN] MCDm | Tendencia H1: UP | RSI M1: 28.07 -> BUY
[2026-06-15 22:22:57] (Hilo: ACCIONES) [MCDm] 🔥 Condiciones de disparo autorizadas. Ejecutando BUY...
[2026-06-15 22:22:57] (Hilo: ACCIONES) [🎯 ALINEACIÓN] MMMm | Tendencia H1: UP | RSI M1: 8.89 -> BUY
[2026-06-15 22:22:57] (Hilo: ACCIONES) [MMMm] 🔥 Condiciones de disparo autorizadas. Ejecutando BUY...
[2026-06-15 22:22:57] (Hilo: ACCIONES) [🎯 ALINEACIÓN] MSFTm | Tendencia H1: DOWN | RSI M1: 95.51 -> SELL
[2026-06-15 22:22:57] (Hilo: ACCIONES) [MSFTm] 🔥 Condiciones de disparo autorizadas. Ejecutando SELL...
[2026-06-15 22:22:57] (Hilo: ACCIONES) [🎯 ALINEACIÓN] NFLXm | Tendencia H1: DOWN | RSI M1: 71.43 -> SELL
[2026-06-15 22:22:57] (Hilo: ACCIONES) [NFLXm] 🔥 Condiciones de disparo autorizadas. Ejecutando SELL...
[2026-06-15 22:22:58] (Hilo: ACCIONES) [🎯 ALINEACIÓN] PGm | Tendencia H1: UP | RSI M1: 24.32 -> BUY
[2026-06-15 22:22:58] (Hilo: ACCIONES) [PGm] 🔥 Condiciones de disparo autorizadas. Ejecutando BUY...
[2026-06-15 22:22:58] (Hilo: ACCIONES) [🎯 ALINEACIÓN] SBUXm | Tendencia H1: UP | RSI M1: 18.37 -> BUY
[2026-06-15 22:22:58] (Hilo: ACCIONES) [SBUXm] 🔥 Condiciones de disparo autorizadas. Ejecutando BUY...
[2026-06-15 22:22:58] (Hilo: ACCIONES) [🎯 ALINEACIÓN] VRTXm | Tendencia H1: UP | RSI M1: 26.01 -> BUY
[2026-06-15 22:22:58] (Hilo: ACCIONES) [VRTXm] 🔥 Condiciones de disparo autorizadas. Ejecutando BUY...
[2026-06-15 22:23:11] (Hilo: CRIPTO) Patrullando 2 activos...
[2026-06-15 22:23:11] (Hilo: ENERGIA) Patrullando 3 activos...
[2026-06-15 22:23:12] (Hilo: FOREX) Patrullando 7 activos...
[2026-06-15 22:23:12] (Hilo: INDICES) Patrullando 14 activos...
[2026-06-15 22:23:12] (Hilo: METALES) Patrullando 15 activos...
[2026-06-15 22:23:13] (Hilo: ACCIONES) Patrullando 91 activos...
[2026-06-15 22:23:13] (Hilo: ACCIONES) [🎯 ALINEACIÓN] ADBEm | Tendencia H1: DOWN | RSI M1: 70.75 -> SELL
[2026-06-15 22:23:13] (Hilo: ACCIONES) [ADBEm] 🔥 Condiciones de disparo autorizadas. Ejecutando SELL...
[2026-06-15 22:23:13] (Hilo: ACCIONES) [🎯 ALINEACIÓN] AMGNm | Tendencia H1: UP | RSI M1: 25.57 -> BUY
[2026-06-15 22:23:13] (Hilo: ACCIONES) [AMGNm] 🔥 Condiciones de disparo autorizadas. Ejecutando BUY...
[2026-06-15 22:23:13] (Hilo: ACCIONES) [🎯 ALINEACIÓN] CMCSAm | Tendencia H1: DOWN | RSI M1: 76.92 -> SELL
[2026-06-15 22:23:13] (Hilo: ACCIONES) [CMCSAm] 🔥 Condiciones de disparo autorizadas. Ejecutando SELL...
[2026-06-15 22:23:13] (Hilo: ACCIONES) [🎯 ALINEACIÓN] JNJm | Tendencia H1: UP | RSI M1: 10.64 -> BUY
[2026-06-15 22:23:13] (Hilo: ACCIONES) [JNJm] 🔥 Condiciones de disparo autorizadas. Ejecutando BUY...
[2026-06-15 22:23:13] (Hilo: ACCIONES) [🎯 ALINEACIÓN] JPMm | Tendencia H1: UP | RSI M1: 28.81 -> BUY
[2026-06-15 22:23:13] (Hilo: ACCIONES) [JPMm] 🔥 Condiciones de disparo autorizadas. Ejecutando BUY...
[2026-06-15 22:23:13] (Hilo: ACCIONES) [🎯 ALINEACIÓN] LINm | Tendencia H1: UP | RSI M1: 27.91 -> BUY
[2026-06-15 22:23:13] (Hilo: ACCIONES) [LINm] 🔥 Condiciones de disparo autorizadas. Ejecutando BUY...
[2026-06-15 22:23:13] (Hilo: ACCIONES) [🎯 ALINEACIÓN] MCDm | Tendencia H1: UP | RSI M1: 28.07 -> BUY
[2026-06-15 22:23:13] (Hilo: ACCIONES) [MCDm] 🔥 Condiciones de disparo autorizadas. Ejecutando BUY...
[2026-06-15 22:23:13] (Hilo: ACCIONES) [🎯 ALINEACIÓN] MMMm | Tendencia H1: UP | RSI M1: 8.89 -> BUY
[2026-06-15 22:23:13] (Hilo: ACCIONES) [MMMm] 🔥 Condiciones de disparo autorizadas. Ejecutando BUY...
[2026-06-15 22:23:13] (Hilo: ACCIONES) [🎯 ALINEACIÓN] MSFTm | Tendencia H1: DOWN | RSI M1: 95.51 -> SELL
[2026-06-15 22:23:13] (Hilo: ACCIONES) [MSFTm] 🔥 Condiciones de disparo autorizadas. Ejecutando SELL...
[2026-06-15 22:23:13] (Hilo: ACCIONES) [🎯 ALINEACIÓN] NFLXm | Tendencia H1: DOWN | RSI M1: 71.43 -> SELL
[2026-06-15 22:23:13] (Hilo: ACCIONES) [NFLXm] 🔥 Condiciones de disparo autorizadas. Ejecutando SELL...
[2026-06-15 22:23:13] (Hilo: ACCIONES) [🎯 ALINEACIÓN] PGm | Tendencia H1: UP | RSI M1: 24.32 -> BUY
[2026-06-15 22:23:13] (Hilo: ACCIONES) [PGm] 🔥 Condiciones de disparo autorizadas. Ejecutando BUY...
[2026-06-15 22:23:13] (Hilo: ACCIONES) [🎯 ALINEACIÓN] SBUXm | Tendencia H1: UP | RSI M1: 18.37 -> BUY
[2026-06-15 22:23:13] (Hilo: ACCIONES) [SBUXm] 🔥 Condiciones de disparo autorizadas. Ejecutando BUY...
[2026-06-15 22:23:13] (Hilo: ACCIONES) [🎯 ALINEACIÓN] VRTXm | Tendencia H1: UP | RSI M1: 26.01 -> BUY
[2026-06-15 22:23:13] (Hilo: ACCIONES) [VRTXm] 🔥 Condiciones de disparo autorizadas. Ejecutando BUY...
[2026-06-15 22:24:57] (Hilo: MainThread) Inicializando motores del Quant Sniper Multi-Thread Bot...
[2026-06-15 22:24:57] (Hilo: MainThread) Conexión establecida con éxito. Desplegando hilos de trabajo...
[2026-06-15 22:24:57] (Hilo: FOREX) Fila de patrullaje activada con Firma: 1000
[2026-06-15 22:24:57] (Hilo: METALES) Fila de patrullaje activada con Firma: 3000
[2026-06-15 22:24:57] (Hilo: FOREX) Patrullando 7 activos...
[2026-06-15 22:24:57] (Hilo: CRIPTO) Fila de patrullaje activada con Firma: 2000
[2026-06-15 22:24:57] (Hilo: METALES) Patrullando 15 activos...
[2026-06-15 22:24:57] (Hilo: INDICES) Fila de patrullaje activada con Firma: 4000
[2026-06-15 22:24:57] (Hilo: CRIPTO) Patrullando 2 activos...
[2026-06-15 22:24:57] (Hilo: ENERGIA) Fila de patrullaje activada con Firma: 5000
[2026-06-15 22:24:57] (Hilo: ACCIONES) Fila de patrullaje activada con Firma: 6000
[2026-06-15 22:24:57] (Hilo: INDICES) Patrullando 14 activos...
[2026-06-15 22:24:57] (Hilo: ENERGIA) Patrullando 3 activos...
[2026-06-15 22:24:57] (Hilo: ACCIONES) Patrullando 91 activos...
[2026-06-15 22:24:57] (Hilo: ACCIONES) [🎯 ALINEACIÓN] ADBEm | Tendencia H1: DOWN | RSI M1: 70.75 -> SELL
[2026-06-15 22:24:57] (Hilo: METALES) [🎯 ALINEACIÓN] XZNUSDm | Tendencia H1: UP | RSI M1: 26.06 -> BUY
[2026-06-15 22:24:57] (Hilo: ACCIONES) [ADBEm] 🔥 Condiciones de disparo autorizadas. Ejecutando SELL...
[2026-06-15 22:24:57] (Hilo: METALES) [XZNUSDm] 🔥 Condiciones de disparo autorizadas. Ejecutando BUY...
[2026-06-15 22:24:57] (Hilo: ACCIONES) [🎯 ALINEACIÓN] AMGNm | Tendencia H1: UP | RSI M1: 25.57 -> BUY
[2026-06-15 22:24:57] (Hilo: ACCIONES) [AMGNm] 🔥 Condiciones de disparo autorizadas. Ejecutando BUY...
[2026-06-15 22:24:57] (Hilo: ACCIONES) [🎯 ALINEACIÓN] CMCSAm | Tendencia H1: DOWN | RSI M1: 76.92 -> SELL
[2026-06-15 22:24:57] (Hilo: ACCIONES) [CMCSAm] 🔥 Condiciones de disparo autorizadas. Ejecutando SELL...
[2026-06-15 22:24:57] (Hilo: ACCIONES) [🎯 ALINEACIÓN] JNJm | Tendencia H1: UP | RSI M1: 10.64 -> BUY
[2026-06-15 22:24:58] (Hilo: ACCIONES) [JNJm] 🔥 Condiciones de disparo autorizadas. Ejecutando BUY...
[2026-06-15 22:24:58] (Hilo: ACCIONES) [🎯 ALINEACIÓN] JPMm | Tendencia H1: UP | RSI M1: 28.81 -> BUY
[2026-06-15 22:24:58] (Hilo: ACCIONES) [JPMm] 🔥 Condiciones de disparo autorizadas. Ejecutando BUY...
[2026-06-15 22:24:58] (Hilo: ACCIONES) [🎯 ALINEACIÓN] LINm | Tendencia H1: UP | RSI M1: 27.91 -> BUY
[2026-06-15 22:24:58] (Hilo: ACCIONES) [LINm] 🔥 Condiciones de disparo autorizadas. Ejecutando BUY...
[2026-06-15 22:24:58] (Hilo: ACCIONES) [🎯 ALINEACIÓN] MCDm | Tendencia H1: UP | RSI M1: 28.07 -> BUY
[2026-06-15 22:24:58] (Hilo: ACCIONES) [MCDm] 🔥 Condiciones de disparo autorizadas. Ejecutando BUY...
[2026-06-15 22:24:58] (Hilo: ACCIONES) [🎯 ALINEACIÓN] MMMm | Tendencia H1: UP | RSI M1: 8.89 -> BUY
[2026-06-15 22:24:58] (Hilo: ACCIONES) [MMMm] 🔥 Condiciones de disparo autorizadas. Ejecutando BUY...
[2026-06-15 22:24:58] (Hilo: ACCIONES) [🎯 ALINEACIÓN] MSFTm | Tendencia H1: DOWN | RSI M1: 95.51 -> SELL
[2026-06-15 22:24:58] (Hilo: ACCIONES) [MSFTm] 🔥 Condiciones de disparo autorizadas. Ejecutando SELL...
[2026-06-15 22:24:58] (Hilo: ACCIONES) [🎯 ALINEACIÓN] NFLXm | Tendencia H1: DOWN | RSI M1: 71.43 -> SELL
[2026-06-15 22:24:58] (Hilo: ACCIONES) [NFLXm] 🔥 Condiciones de disparo autorizadas. Ejecutando SELL...
[2026-06-15 22:24:58] (Hilo: ACCIONES) [🎯 ALINEACIÓN] PGm | Tendencia H1: UP | RSI M1: 24.32 -> BUY
[2026-06-15 22:24:58] (Hilo: ACCIONES) [PGm] 🔥 Condiciones de disparo autorizadas. Ejecutando BUY...
[2026-06-15 22:24:58] (Hilo: ACCIONES) [🎯 ALINEACIÓN] SBUXm | Tendencia H1: UP | RSI M1: 18.37 -> BUY
[2026-06-15 22:24:58] (Hilo: ACCIONES) [SBUXm] 🔥 Condiciones de disparo autorizadas. Ejecutando BUY...
[2026-06-15 22:24:58] (Hilo: ACCIONES) [🎯 ALINEACIÓN] VRTXm | Tendencia H1: UP | RSI M1: 26.01 -> BUY
[2026-06-15 22:24:58] (Hilo: ACCIONES) [VRTXm] 🔥 Condiciones de disparo autorizadas. Ejecutando BUY...
[2026-06-15 22:25:12] (Hilo: FOREX) Patrullando 7 activos...
[2026-06-15 22:25:12] (Hilo: CRIPTO) Patrullando 2 activos...
[2026-06-15 22:25:12] (Hilo: ENERGIA) Patrullando 3 activos...
[2026-06-15 22:25:12] (Hilo: METALES) Patrullando 15 activos...
[2026-06-15 22:25:12] (Hilo: INDICES) Patrullando 14 activos...
[2026-06-15 22:25:13] (Hilo: ACCIONES) Patrullando 91 activos...
[2026-06-15 22:25:13] (Hilo: ACCIONES) [🎯 ALINEACIÓN] ADBEm | Tendencia H1: DOWN | RSI M1: 70.75 -> SELL
[2026-06-15 22:25:13] (Hilo: ACCIONES) [ADBEm] 🔥 Condiciones de disparo autorizadas. Ejecutando SELL...
[2026-06-15 22:25:13] (Hilo: ACCIONES) [🎯 ALINEACIÓN] AMGNm | Tendencia H1: UP | RSI M1: 25.57 -> BUY
[2026-06-15 22:25:13] (Hilo: ACCIONES) [AMGNm] 🔥 Condiciones de disparo autorizadas. Ejecutando BUY...
[2026-06-15 22:25:13] (Hilo: ACCIONES) [🎯 ALINEACIÓN] CMCSAm | Tendencia H1: DOWN | RSI M1: 76.92 -> SELL
[2026-06-15 22:25:13] (Hilo: ACCIONES) [CMCSAm] 🔥 Condiciones de disparo autorizadas. Ejecutando SELL...
[2026-06-15 22:25:13] (Hilo: ACCIONES) [🎯 ALINEACIÓN] JNJm | Tendencia H1: UP | RSI M1: 10.64 -> BUY
[2026-06-15 22:25:13] (Hilo: ACCIONES) [JNJm] 🔥 Condiciones de disparo autorizadas. Ejecutando BUY...
[2026-06-15 22:25:13] (Hilo: ACCIONES) [🎯 ALINEACIÓN] JPMm | Tendencia H1: UP | RSI M1: 28.81 -> BUY
[2026-06-15 22:25:13] (Hilo: ACCIONES) [JPMm] 🔥 Condiciones de disparo autorizadas. Ejecutando BUY...
[2026-06-15 22:25:13] (Hilo: ACCIONES) [🎯 ALINEACIÓN] LINm | Tendencia H1: UP | RSI M1: 27.91 -> BUY
[2026-06-15 22:25:13] (Hilo: ACCIONES) [LINm] 🔥 Condiciones de disparo autorizadas. Ejecutando BUY...
[2026-06-15 22:25:13] (Hilo: ACCIONES) [🎯 ALINEACIÓN] MCDm | Tendencia H1: UP | RSI M1: 28.07 -> BUY
[2026-06-15 22:25:13] (Hilo: ACCIONES) [MCDm] 🔥 Condiciones de disparo autorizadas. Ejecutando BUY...
[2026-06-15 22:25:13] (Hilo: ACCIONES) [🎯 ALINEACIÓN] MMMm | Tendencia H1: UP | RSI M1: 8.89 -> BUY
[2026-06-15 22:25:13] (Hilo: ACCIONES) [MMMm] 🔥 Condiciones de disparo autorizadas. Ejecutando BUY...
[2026-06-15 22:25:13] (Hilo: ACCIONES) [🎯 ALINEACIÓN] MSFTm | Tendencia H1: DOWN | RSI M1: 95.51 -> SELL
[2026-06-15 22:25:13] (Hilo: ACCIONES) [MSFTm] 🔥 Condiciones de disparo autorizadas. Ejecutando SELL...
[2026-06-15 22:25:13] (Hilo: ACCIONES) [🎯 ALINEACIÓN] NFLXm | Tendencia H1: DOWN | RSI M1: 71.43 -> SELL
[2026-06-15 22:25:13] (Hilo: ACCIONES) [NFLXm] 🔥 Condiciones de disparo autorizadas. Ejecutando SELL...
[2026-06-15 22:25:13] (Hilo: ACCIONES) [🎯 ALINEACIÓN] PGm | Tendencia H1: UP | RSI M1: 24.32 -> BUY
[2026-06-15 22:25:13] (Hilo: ACCIONES) [PGm] 🔥 Condiciones de disparo autorizadas. Ejecutando BUY...
[2026-06-15 22:25:13] (Hilo: ACCIONES) [🎯 ALINEACIÓN] SBUXm | Tendencia H1: UP | RSI M1: 18.37 -> BUY
[2026-06-15 22:25:13] (Hilo: ACCIONES) [SBUXm] 🔥 Condiciones de disparo autorizadas. Ejecutando BUY...
[2026-06-15 22:25:13] (Hilo: ACCIONES) [🎯 ALINEACIÓN] VRTXm | Tendencia H1: UP | RSI M1: 26.01 -> BUY
[2026-06-15 22:25:13] (Hilo: ACCIONES) [VRTXm] 🔥 Condiciones de disparo autorizadas. Ejecutando BUY...
[2026-06-15 22:25:27] (Hilo: CRIPTO) Patrullando 2 activos...
[2026-06-15 22:25:27] (Hilo: FOREX) Patrullando 7 activos...
[2026-06-15 22:25:27] (Hilo: ENERGIA) Patrullando 3 activos...
[2026-06-15 22:25:28] (Hilo: INDICES) Patrullando 14 activos...
[2026-06-15 22:25:28] (Hilo: METALES) Patrullando 15 activos...
[2026-06-15 22:25:28] (Hilo: ACCIONES) Patrullando 91 activos...
[2026-06-15 22:25:28] (Hilo: ACCIONES) [🎯 ALINEACIÓN] ADBEm | Tendencia H1: DOWN | RSI M1: 70.75 -> SELL
[2026-06-15 22:25:28] (Hilo: ACCIONES) [ADBEm] 🔥 Condiciones de disparo autorizadas. Ejecutando SELL...
[2026-06-15 22:25:28] (Hilo: ACCIONES) [🎯 ALINEACIÓN] AMGNm | Tendencia H1: UP | RSI M1: 25.57 -> BUY
[2026-06-15 22:25:28] (Hilo: ACCIONES) [AMGNm] 🔥 Condiciones de disparo autorizadas. Ejecutando BUY...
[2026-06-15 22:25:28] (Hilo: ACCIONES) [🎯 ALINEACIÓN] CMCSAm | Tendencia H1: DOWN | RSI M1: 76.92 -> SELL
[2026-06-15 22:25:28] (Hilo: ACCIONES) [CMCSAm] 🔥 Condiciones de disparo autorizadas. Ejecutando SELL...
[2026-06-15 22:25:28] (Hilo: ACCIONES) [🎯 ALINEACIÓN] JNJm | Tendencia H1: UP | RSI M1: 10.64 -> BUY
[2026-06-15 22:25:28] (Hilo: ACCIONES) [JNJm] 🔥 Condiciones de disparo autorizadas. Ejecutando BUY...
[2026-06-15 22:25:28] (Hilo: ACCIONES) [🎯 ALINEACIÓN] JPMm | Tendencia H1: UP | RSI M1: 28.81 -> BUY
[2026-06-15 22:25:28] (Hilo: ACCIONES) [JPMm] 🔥 Condiciones de disparo autorizadas. Ejecutando BUY...
[2026-06-15 22:25:28] (Hilo: ACCIONES) [🎯 ALINEACIÓN] LINm | Tendencia H1: UP | RSI M1: 27.91 -> BUY
[2026-06-15 22:25:28] (Hilo: ACCIONES) [LINm] 🔥 Condiciones de disparo autorizadas. Ejecutando BUY...
[2026-06-15 22:25:28] (Hilo: ACCIONES) [🎯 ALINEACIÓN] MCDm | Tendencia H1: UP | RSI M1: 28.07 -> BUY
[2026-06-15 22:25:28] (Hilo: ACCIONES) [MCDm] 🔥 Condiciones de disparo autorizadas. Ejecutando BUY...
[2026-06-15 22:25:28] (Hilo: ACCIONES) [🎯 ALINEACIÓN] MMMm | Tendencia H1: UP | RSI M1: 8.89 -> BUY
[2026-06-15 22:25:28] (Hilo: ACCIONES) [MMMm] 🔥 Condiciones de disparo autorizadas. Ejecutando BUY...
[2026-06-15 22:25:28] (Hilo: ACCIONES) [🎯 ALINEACIÓN] MSFTm | Tendencia H1: DOWN | RSI M1: 95.51 -> SELL
[2026-06-15 22:25:28] (Hilo: ACCIONES) [MSFTm] 🔥 Condiciones de disparo autorizadas. Ejecutando SELL...
[2026-06-15 22:25:28] (Hilo: ACCIONES) [🎯 ALINEACIÓN] NFLXm | Tendencia H1: DOWN | RSI M1: 71.43 -> SELL
[2026-06-15 22:25:28] (Hilo: ACCIONES) [NFLXm] 🔥 Condiciones de disparo autorizadas. Ejecutando SELL...
[2026-06-15 22:25:28] (Hilo: ACCIONES) [🎯 ALINEACIÓN] PGm | Tendencia H1: UP | RSI M1: 24.32 -> BUY
[2026-06-15 22:25:28] (Hilo: ACCIONES) [PGm] 🔥 Condiciones de disparo autorizadas. Ejecutando BUY...
[2026-06-15 22:25:28] (Hilo: ACCIONES) [🎯 ALINEACIÓN] SBUXm | Tendencia H1: UP | RSI M1: 18.37 -> BUY
[2026-06-15 22:25:28] (Hilo: ACCIONES) [SBUXm] 🔥 Condiciones de disparo autorizadas. Ejecutando BUY...
[2026-06-15 22:25:28] (Hilo: ACCIONES) [🎯 ALINEACIÓN] VRTXm | Tendencia H1: UP | RSI M1: 26.01 -> BUY
[2026-06-15 22:25:28] (Hilo: ACCIONES) [VRTXm] 🔥 Condiciones de disparo autorizadas. Ejecutando BUY...
[2026-06-15 22:25:42] (Hilo: CRIPTO) Patrullando 2 activos...
[2026-06-15 22:25:42] (Hilo: FOREX) Patrullando 7 activos...
[2026-06-15 22:25:42] (Hilo: ENERGIA) Patrullando 3 activos...
[2026-06-15 22:25:43] (Hilo: INDICES) Patrullando 14 activos...
[2026-06-15 22:25:43] (Hilo: METALES) Patrullando 15 activos...
[2026-06-15 22:25:43] (Hilo: ACCIONES) Patrullando 91 activos...
[2026-06-15 22:25:43] (Hilo: ACCIONES) [🎯 ALINEACIÓN] ADBEm | Tendencia H1: DOWN | RSI M1: 70.75 -> SELL
[2026-06-15 22:25:43] (Hilo: ACCIONES) [ADBEm] 🔥 Condiciones de disparo autorizadas. Ejecutando SELL...
[2026-06-15 22:25:43] (Hilo: ACCIONES) [🎯 ALINEACIÓN] AMGNm | Tendencia H1: UP | RSI M1: 25.57 -> BUY
[2026-06-15 22:25:43] (Hilo: ACCIONES) [AMGNm] 🔥 Condiciones de disparo autorizadas. Ejecutando BUY...
[2026-06-15 22:25:43] (Hilo: ACCIONES) [🎯 ALINEACIÓN] CMCSAm | Tendencia H1: DOWN | RSI M1: 76.92 -> SELL
[2026-06-15 22:25:43] (Hilo: ACCIONES) [CMCSAm] 🔥 Condiciones de disparo autorizadas. Ejecutando SELL...
[2026-06-15 22:25:43] (Hilo: ACCIONES) [🎯 ALINEACIÓN] JNJm | Tendencia H1: UP | RSI M1: 10.64 -> BUY
[2026-06-15 22:25:43] (Hilo: ACCIONES) [JNJm] 🔥 Condiciones de disparo autorizadas. Ejecutando BUY...
[2026-06-15 22:25:43] (Hilo: ACCIONES) [🎯 ALINEACIÓN] JPMm | Tendencia H1: UP | RSI M1: 28.81 -> BUY
[2026-06-15 22:25:43] (Hilo: ACCIONES) [JPMm] 🔥 Condiciones de disparo autorizadas. Ejecutando BUY...
[2026-06-15 22:25:43] (Hilo: ACCIONES) [🎯 ALINEACIÓN] LINm | Tendencia H1: UP | RSI M1: 27.91 -> BUY
[2026-06-15 22:25:43] (Hilo: ACCIONES) [LINm] 🔥 Condiciones de disparo autorizadas. Ejecutando BUY...
[2026-06-15 22:25:43] (Hilo: ACCIONES) [🎯 ALINEACIÓN] MCDm | Tendencia H1: UP | RSI M1: 28.07 -> BUY
[2026-06-15 22:25:43] (Hilo: ACCIONES) [MCDm] 🔥 Condiciones de disparo autorizadas. Ejecutando BUY...
[2026-06-15 22:25:43] (Hilo: ACCIONES) [🎯 ALINEACIÓN] MMMm | Tendencia H1: UP | RSI M1: 8.89 -> BUY
[2026-06-15 22:25:43] (Hilo: ACCIONES) [MMMm] 🔥 Condiciones de disparo autorizadas. Ejecutando BUY...
[2026-06-15 22:25:43] (Hilo: ACCIONES) [🎯 ALINEACIÓN] MSFTm | Tendencia H1: DOWN | RSI M1: 95.51 -> SELL
[2026-06-15 22:25:43] (Hilo: ACCIONES) [MSFTm] 🔥 Condiciones de disparo autorizadas. Ejecutando SELL...
[2026-06-15 22:25:43] (Hilo: ACCIONES) [🎯 ALINEACIÓN] NFLXm | Tendencia H1: DOWN | RSI M1: 71.43 -> SELL
[2026-06-15 22:25:43] (Hilo: ACCIONES) [NFLXm] 🔥 Condiciones de disparo autorizadas. Ejecutando SELL...
[2026-06-15 22:25:43] (Hilo: ACCIONES) [🎯 ALINEACIÓN] PGm | Tendencia H1: UP | RSI M1: 24.32 -> BUY
[2026-06-15 22:25:43] (Hilo: ACCIONES) [PGm] 🔥 Condiciones de disparo autorizadas. Ejecutando BUY...
[2026-06-15 22:25:43] (Hilo: ACCIONES) [🎯 ALINEACIÓN] SBUXm | Tendencia H1: UP | RSI M1: 18.37 -> BUY
[2026-06-15 22:25:43] (Hilo: ACCIONES) [SBUXm] 🔥 Condiciones de disparo autorizadas. Ejecutando BUY...
[2026-06-15 22:25:43] (Hilo: ACCIONES) [🎯 ALINEACIÓN] VRTXm | Tendencia H1: UP | RSI M1: 26.01 -> BUY
[2026-06-15 22:25:43] (Hilo: ACCIONES) [VRTXm] 🔥 Condiciones de disparo autorizadas. Ejecutando BUY...
[2026-06-15 22:25:57] (Hilo: CRIPTO) Patrullando 2 activos...
[2026-06-15 22:25:57] (Hilo: FOREX) Patrullando 7 activos...
[2026-06-15 22:25:57] (Hilo: ENERGIA) Patrullando 3 activos...
[2026-06-15 22:25:58] (Hilo: INDICES) Patrullando 14 activos...
[2026-06-15 22:25:58] (Hilo: METALES) Patrullando 15 activos...
[2026-06-15 22:25:58] (Hilo: ACCIONES) Patrullando 91 activos...
[2026-06-15 22:25:58] (Hilo: ACCIONES) [🎯 ALINEACIÓN] ADBEm | Tendencia H1: DOWN | RSI M1: 70.75 -> SELL
[2026-06-15 22:25:58] (Hilo: ACCIONES) [ADBEm] 🔥 Condiciones de disparo autorizadas. Ejecutando SELL...
[2026-06-15 22:25:58] (Hilo: ACCIONES) [🎯 ALINEACIÓN] AMGNm | Tendencia H1: UP | RSI M1: 25.57 -> BUY
[2026-06-15 22:25:58] (Hilo: ACCIONES) [AMGNm] 🔥 Condiciones de disparo autorizadas. Ejecutando BUY...
[2026-06-15 22:25:58] (Hilo: ACCIONES) [🎯 ALINEACIÓN] CMCSAm | Tendencia H1: DOWN | RSI M1: 76.92 -> SELL
[2026-06-15 22:25:58] (Hilo: ACCIONES) [CMCSAm] 🔥 Condiciones de disparo autorizadas. Ejecutando SELL...
[2026-06-15 22:25:58] (Hilo: ACCIONES) [🎯 ALINEACIÓN] JNJm | Tendencia H1: UP | RSI M1: 10.64 -> BUY
[2026-06-15 22:25:58] (Hilo: ACCIONES) [JNJm] 🔥 Condiciones de disparo autorizadas. Ejecutando BUY...
[2026-06-15 22:25:58] (Hilo: ACCIONES) [🎯 ALINEACIÓN] JPMm | Tendencia H1: UP | RSI M1: 28.81 -> BUY
[2026-06-15 22:25:58] (Hilo: ACCIONES) [JPMm] 🔥 Condiciones de disparo autorizadas. Ejecutando BUY...
[2026-06-15 22:25:58] (Hilo: ACCIONES) [🎯 ALINEACIÓN] LINm | Tendencia H1: UP | RSI M1: 27.91 -> BUY
[2026-06-15 22:25:58] (Hilo: ACCIONES) [LINm] 🔥 Condiciones de disparo autorizadas. Ejecutando BUY...
[2026-06-15 22:25:58] (Hilo: ACCIONES) [🎯 ALINEACIÓN] MCDm | Tendencia H1: UP | RSI M1: 28.07 -> BUY
[2026-06-15 22:25:58] (Hilo: ACCIONES) [MCDm] 🔥 Condiciones de disparo autorizadas. Ejecutando BUY...
[2026-06-15 22:25:58] (Hilo: ACCIONES) [🎯 ALINEACIÓN] MMMm | Tendencia H1: UP | RSI M1: 8.89 -> BUY
[2026-06-15 22:25:58] (Hilo: ACCIONES) [MMMm] 🔥 Condiciones de disparo autorizadas. Ejecutando BUY...
[2026-06-15 22:25:58] (Hilo: ACCIONES) [🎯 ALINEACIÓN] MSFTm | Tendencia H1: DOWN | RSI M1: 95.51 -> SELL
[2026-06-15 22:25:58] (Hilo: ACCIONES) [MSFTm] 🔥 Condiciones de disparo autorizadas. Ejecutando SELL...
[2026-06-15 22:25:58] (Hilo: ACCIONES) [🎯 ALINEACIÓN] NFLXm | Tendencia H1: DOWN | RSI M1: 71.43 -> SELL
[2026-06-15 22:25:58] (Hilo: ACCIONES) [NFLXm] 🔥 Condiciones de disparo autorizadas. Ejecutando SELL...
[2026-06-15 22:25:59] (Hilo: ACCIONES) [🎯 ALINEACIÓN] PGm | Tendencia H1: UP | RSI M1: 24.32 -> BUY
[2026-06-15 22:25:59] (Hilo: ACCIONES) [PGm] 🔥 Condiciones de disparo autorizadas. Ejecutando BUY...
[2026-06-15 22:25:59] (Hilo: ACCIONES) [🎯 ALINEACIÓN] SBUXm | Tendencia H1: UP | RSI M1: 18.37 -> BUY
[2026-06-15 22:25:59] (Hilo: ACCIONES) [SBUXm] 🔥 Condiciones de disparo autorizadas. Ejecutando BUY...
[2026-06-15 22:25:59] (Hilo: ACCIONES) [🎯 ALINEACIÓN] VRTXm | Tendencia H1: UP | RSI M1: 26.01 -> BUY
[2026-06-15 22:25:59] (Hilo: ACCIONES) [VRTXm] 🔥 Condiciones de disparo autorizadas. Ejecutando BUY...
[2026-06-15 22:26:12] (Hilo: CRIPTO) Patrullando 2 activos...
[2026-06-15 22:26:12] (Hilo: ENERGIA) Patrullando 3 activos...
[2026-06-15 22:26:12] (Hilo: FOREX) Patrullando 7 activos...
[2026-06-15 22:26:13] (Hilo: INDICES) Patrullando 14 activos...
[2026-06-15 22:26:13] (Hilo: METALES) Patrullando 15 activos...
[2026-06-15 22:26:14] (Hilo: ACCIONES) Patrullando 91 activos...
[2026-06-15 22:26:14] (Hilo: ACCIONES) [🎯 ALINEACIÓN] ADBEm | Tendencia H1: DOWN | RSI M1: 70.75 -> SELL
[2026-06-15 22:26:14] (Hilo: ACCIONES) [ADBEm] 🔥 Condiciones de disparo autorizadas. Ejecutando SELL...
[2026-06-15 22:26:14] (Hilo: ACCIONES) [🎯 ALINEACIÓN] AMGNm | Tendencia H1: UP | RSI M1: 25.57 -> BUY
[2026-06-15 22:26:14] (Hilo: ACCIONES) [AMGNm] 🔥 Condiciones de disparo autorizadas. Ejecutando BUY...
[2026-06-15 22:26:14] (Hilo: ACCIONES) [🎯 ALINEACIÓN] CMCSAm | Tendencia H1: DOWN | RSI M1: 76.92 -> SELL
[2026-06-15 22:26:14] (Hilo: ACCIONES) [CMCSAm] 🔥 Condiciones de disparo autorizadas. Ejecutando SELL...
[2026-06-15 22:26:14] (Hilo: ACCIONES) [🎯 ALINEACIÓN] JNJm | Tendencia H1: UP | RSI M1: 10.64 -> BUY
[2026-06-15 22:26:14] (Hilo: ACCIONES) [JNJm] 🔥 Condiciones de disparo autorizadas. Ejecutando BUY...
[2026-06-15 22:26:14] (Hilo: ACCIONES) [🎯 ALINEACIÓN] JPMm | Tendencia H1: UP | RSI M1: 28.81 -> BUY
[2026-06-15 22:26:14] (Hilo: ACCIONES) [JPMm] 🔥 Condiciones de disparo autorizadas. Ejecutando BUY...
[2026-06-15 22:26:14] (Hilo: ACCIONES) [🎯 ALINEACIÓN] LINm | Tendencia H1: UP | RSI M1: 27.91 -> BUY
[2026-06-15 22:26:14] (Hilo: ACCIONES) [LINm] 🔥 Condiciones de disparo autorizadas. Ejecutando BUY...
[2026-06-15 22:26:14] (Hilo: ACCIONES) [🎯 ALINEACIÓN] MCDm | Tendencia H1: UP | RSI M1: 28.07 -> BUY
[2026-06-15 22:26:14] (Hilo: ACCIONES) [MCDm] 🔥 Condiciones de disparo autorizadas. Ejecutando BUY...
[2026-06-15 22:26:14] (Hilo: ACCIONES) [🎯 ALINEACIÓN] MMMm | Tendencia H1: UP | RSI M1: 8.89 -> BUY
[2026-06-15 22:26:14] (Hilo: ACCIONES) [MMMm] 🔥 Condiciones de disparo autorizadas. Ejecutando BUY...
[2026-06-15 22:26:14] (Hilo: ACCIONES) [🎯 ALINEACIÓN] MSFTm | Tendencia H1: DOWN | RSI M1: 95.51 -> SELL
[2026-06-15 22:26:14] (Hilo: ACCIONES) [MSFTm] 🔥 Condiciones de disparo autorizadas. Ejecutando SELL...
[2026-06-15 22:26:14] (Hilo: ACCIONES) [🎯 ALINEACIÓN] NFLXm | Tendencia H1: DOWN | RSI M1: 71.43 -> SELL
[2026-06-15 22:26:14] (Hilo: ACCIONES) [NFLXm] 🔥 Condiciones de disparo autorizadas. Ejecutando SELL...
[2026-06-15 22:26:14] (Hilo: ACCIONES) [🎯 ALINEACIÓN] PGm | Tendencia H1: UP | RSI M1: 24.32 -> BUY
[2026-06-15 22:26:14] (Hilo: ACCIONES) [PGm] 🔥 Condiciones de disparo autorizadas. Ejecutando BUY...
[2026-06-15 22:26:14] (Hilo: ACCIONES) [🎯 ALINEACIÓN] SBUXm | Tendencia H1: UP | RSI M1: 18.37 -> BUY
[2026-06-15 22:26:14] (Hilo: ACCIONES) [SBUXm] 🔥 Condiciones de disparo autorizadas. Ejecutando BUY...
[2026-06-15 22:26:14] (Hilo: ACCIONES) [🎯 ALINEACIÓN] VRTXm | Tendencia H1: UP | RSI M1: 26.01 -> BUY
[2026-06-15 22:26:14] (Hilo: ACCIONES) [VRTXm] 🔥 Condiciones de disparo autorizadas. Ejecutando BUY...
[2026-06-15 22:26:27] (Hilo: CRIPTO) Patrullando 2 activos...
[2026-06-15 22:26:27] (Hilo: ENERGIA) Patrullando 3 activos...
[2026-06-15 22:26:27] (Hilo: FOREX) Patrullando 7 activos...
[2026-06-15 22:26:28] (Hilo: INDICES) Patrullando 14 activos...
[2026-06-15 22:26:28] (Hilo: METALES) Patrullando 15 activos...
[2026-06-15 22:26:29] (Hilo: ACCIONES) Patrullando 91 activos...
[2026-06-15 22:26:29] (Hilo: ACCIONES) [🎯 ALINEACIÓN] ADBEm | Tendencia H1: DOWN | RSI M1: 70.75 -> SELL
[2026-06-15 22:26:29] (Hilo: ACCIONES) [ADBEm] 🔥 Condiciones de disparo autorizadas. Ejecutando SELL...
[2026-06-15 22:26:29] (Hilo: ACCIONES) [🎯 ALINEACIÓN] AMGNm | Tendencia H1: UP | RSI M1: 25.57 -> BUY
[2026-06-15 22:26:29] (Hilo: ACCIONES) [AMGNm] 🔥 Condiciones de disparo autorizadas. Ejecutando BUY...
[2026-06-15 22:26:29] (Hilo: ACCIONES) [🎯 ALINEACIÓN] CMCSAm | Tendencia H1: DOWN | RSI M1: 76.92 -> SELL
[2026-06-15 22:26:29] (Hilo: ACCIONES) [CMCSAm] 🔥 Condiciones de disparo autorizadas. Ejecutando SELL...
[2026-06-15 22:26:29] (Hilo: ACCIONES) [🎯 ALINEACIÓN] JNJm | Tendencia H1: UP | RSI M1: 10.64 -> BUY
[2026-06-15 22:26:29] (Hilo: ACCIONES) [JNJm] 🔥 Condiciones de disparo autorizadas. Ejecutando BUY...
[2026-06-15 22:26:29] (Hilo: ACCIONES) [🎯 ALINEACIÓN] JPMm | Tendencia H1: UP | RSI M1: 28.81 -> BUY
[2026-06-15 22:26:29] (Hilo: ACCIONES) [JPMm] 🔥 Condiciones de disparo autorizadas. Ejecutando BUY...
[2026-06-15 22:26:29] (Hilo: ACCIONES) [🎯 ALINEACIÓN] LINm | Tendencia H1: UP | RSI M1: 27.91 -> BUY
[2026-06-15 22:26:29] (Hilo: ACCIONES) [LINm] 🔥 Condiciones de disparo autorizadas. Ejecutando BUY...
[2026-06-15 22:26:29] (Hilo: ACCIONES) [🎯 ALINEACIÓN] MCDm | Tendencia H1: UP | RSI M1: 28.07 -> BUY
[2026-06-15 22:26:29] (Hilo: ACCIONES) [MCDm] 🔥 Condiciones de disparo autorizadas. Ejecutando BUY...
[2026-06-15 22:26:29] (Hilo: ACCIONES) [🎯 ALINEACIÓN] MMMm | Tendencia H1: UP | RSI M1: 8.89 -> BUY
[2026-06-15 22:26:29] (Hilo: ACCIONES) [MMMm] 🔥 Condiciones de disparo autorizadas. Ejecutando BUY...
[2026-06-15 22:26:29] (Hilo: ACCIONES) [🎯 ALINEACIÓN] MSFTm | Tendencia H1: DOWN | RSI M1: 95.51 -> SELL
[2026-06-15 22:26:29] (Hilo: ACCIONES) [MSFTm] 🔥 Condiciones de disparo autorizadas. Ejecutando SELL...
[2026-06-15 22:26:29] (Hilo: ACCIONES) [🎯 ALINEACIÓN] NFLXm | Tendencia H1: DOWN | RSI M1: 71.43 -> SELL
[2026-06-15 22:26:29] (Hilo: ACCIONES) [NFLXm] 🔥 Condiciones de disparo autorizadas. Ejecutando SELL...
[2026-06-15 22:26:29] (Hilo: ACCIONES) [🎯 ALINEACIÓN] PGm | Tendencia H1: UP | RSI M1: 24.32 -> BUY
[2026-06-15 22:26:29] (Hilo: ACCIONES) [PGm] 🔥 Condiciones de disparo autorizadas. Ejecutando BUY...
[2026-06-15 22:26:29] (Hilo: ACCIONES) [🎯 ALINEACIÓN] SBUXm | Tendencia H1: UP | RSI M1: 18.37 -> BUY
[2026-06-15 22:26:29] (Hilo: ACCIONES) [SBUXm] 🔥 Condiciones de disparo autorizadas. Ejecutando BUY...
[2026-06-15 22:26:29] (Hilo: ACCIONES) [🎯 ALINEACIÓN] VRTXm | Tendencia H1: UP | RSI M1: 26.01 -> BUY
[2026-06-15 22:26:29] (Hilo: ACCIONES) [VRTXm] 🔥 Condiciones de disparo autorizadas. Ejecutando BUY...
[2026-06-15 22:26:42] (Hilo: CRIPTO) Patrullando 2 activos...
[2026-06-15 22:26:42] (Hilo: ENERGIA) Patrullando 3 activos...
[2026-06-15 22:26:42] (Hilo: FOREX) Patrullando 7 activos...
[2026-06-15 22:26:43] (Hilo: INDICES) Patrullando 14 activos...
[2026-06-15 22:26:43] (Hilo: METALES) Patrullando 15 activos...
[2026-06-15 22:26:44] (Hilo: ACCIONES) Patrullando 91 activos...
[2026-06-15 22:26:44] (Hilo: ACCIONES) [🎯 ALINEACIÓN] ADBEm | Tendencia H1: DOWN | RSI M1: 70.75 -> SELL
[2026-06-15 22:26:44] (Hilo: ACCIONES) [ADBEm] 🔥 Condiciones de disparo autorizadas. Ejecutando SELL...
[2026-06-15 22:26:44] (Hilo: ACCIONES) [🎯 ALINEACIÓN] AMGNm | Tendencia H1: UP | RSI M1: 25.57 -> BUY
[2026-06-15 22:26:44] (Hilo: ACCIONES) [AMGNm] 🔥 Condiciones de disparo autorizadas. Ejecutando BUY...
[2026-06-15 22:26:44] (Hilo: ACCIONES) [🎯 ALINEACIÓN] CMCSAm | Tendencia H1: DOWN | RSI M1: 76.92 -> SELL
[2026-06-15 22:26:44] (Hilo: ACCIONES) [CMCSAm] 🔥 Condiciones de disparo autorizadas. Ejecutando SELL...
[2026-06-15 22:26:44] (Hilo: ACCIONES) [🎯 ALINEACIÓN] JNJm | Tendencia H1: UP | RSI M1: 10.64 -> BUY
[2026-06-15 22:26:44] (Hilo: ACCIONES) [JNJm] 🔥 Condiciones de disparo autorizadas. Ejecutando BUY...
[2026-06-15 22:26:44] (Hilo: ACCIONES) [🎯 ALINEACIÓN] JPMm | Tendencia H1: UP | RSI M1: 28.81 -> BUY
[2026-06-15 22:26:44] (Hilo: ACCIONES) [JPMm] 🔥 Condiciones de disparo autorizadas. Ejecutando BUY...
[2026-06-15 22:26:44] (Hilo: ACCIONES) [🎯 ALINEACIÓN] LINm | Tendencia H1: UP | RSI M1: 27.91 -> BUY
[2026-06-15 22:26:44] (Hilo: ACCIONES) [LINm] 🔥 Condiciones de disparo autorizadas. Ejecutando BUY...
[2026-06-15 22:26:44] (Hilo: ACCIONES) [🎯 ALINEACIÓN] MCDm | Tendencia H1: UP | RSI M1: 28.07 -> BUY
[2026-06-15 22:26:44] (Hilo: ACCIONES) [MCDm] 🔥 Condiciones de disparo autorizadas. Ejecutando BUY...
[2026-06-15 22:26:44] (Hilo: ACCIONES) [🎯 ALINEACIÓN] MMMm | Tendencia H1: UP | RSI M1: 8.89 -> BUY
[2026-06-15 22:26:44] (Hilo: ACCIONES) [MMMm] 🔥 Condiciones de disparo autorizadas. Ejecutando BUY...
[2026-06-15 22:26:44] (Hilo: ACCIONES) [🎯 ALINEACIÓN] MSFTm | Tendencia H1: DOWN | RSI M1: 95.51 -> SELL
[2026-06-15 22:26:44] (Hilo: ACCIONES) [MSFTm] 🔥 Condiciones de disparo autorizadas. Ejecutando SELL...
[2026-06-15 22:26:44] (Hilo: ACCIONES) [🎯 ALINEACIÓN] NFLXm | Tendencia H1: DOWN | RSI M1: 71.43 -> SELL
[2026-06-15 22:26:44] (Hilo: ACCIONES) [NFLXm] 🔥 Condiciones de disparo autorizadas. Ejecutando SELL...
[2026-06-15 22:26:44] (Hilo: ACCIONES) [🎯 ALINEACIÓN] PGm | Tendencia H1: UP | RSI M1: 24.32 -> BUY
[2026-06-15 22:26:44] (Hilo: ACCIONES) [PGm] 🔥 Condiciones de disparo autorizadas. Ejecutando BUY...
[2026-06-15 22:26:44] (Hilo: ACCIONES) [🎯 ALINEACIÓN] SBUXm | Tendencia H1: UP | RSI M1: 18.37 -> BUY
[2026-06-15 22:26:44] (Hilo: ACCIONES) [SBUXm] 🔥 Condiciones de disparo autorizadas. Ejecutando BUY...
[2026-06-15 22:26:44] (Hilo: ACCIONES) [🎯 ALINEACIÓN] VRTXm | Tendencia H1: UP | RSI M1: 26.01 -> BUY
[2026-06-15 22:26:44] (Hilo: ACCIONES) [VRTXm] 🔥 Condiciones de disparo autorizadas. Ejecutando BUY...
[2026-06-15 22:26:57] (Hilo: CRIPTO) Patrullando 2 activos...
[2026-06-15 22:26:57] (Hilo: ENERGIA) Patrullando 3 activos...
[2026-06-15 22:26:57] (Hilo: FOREX) Patrullando 7 activos...
[2026-06-15 22:26:58] (Hilo: INDICES) Patrullando 14 activos...
[2026-06-15 22:26:58] (Hilo: METALES) Patrullando 15 activos...
[2026-06-15 22:26:59] (Hilo: ACCIONES) Patrullando 91 activos...
[2026-06-15 22:26:59] (Hilo: ACCIONES) [🎯 ALINEACIÓN] ADBEm | Tendencia H1: DOWN | RSI M1: 70.75 -> SELL
[2026-06-15 22:26:59] (Hilo: ACCIONES) [ADBEm] 🔥 Condiciones de disparo autorizadas. Ejecutando SELL...
[2026-06-15 22:26:59] (Hilo: ACCIONES) [🎯 ALINEACIÓN] AMGNm | Tendencia H1: UP | RSI M1: 25.57 -> BUY
[2026-06-15 22:26:59] (Hilo: ACCIONES) [AMGNm] 🔥 Condiciones de disparo autorizadas. Ejecutando BUY...
[2026-06-15 22:26:59] (Hilo: ACCIONES) [🎯 ALINEACIÓN] CMCSAm | Tendencia H1: DOWN | RSI M1: 76.92 -> SELL
[2026-06-15 22:26:59] (Hilo: ACCIONES) [CMCSAm] 🔥 Condiciones de disparo autorizadas. Ejecutando SELL...
[2026-06-15 22:26:59] (Hilo: ACCIONES) [🎯 ALINEACIÓN] JNJm | Tendencia H1: UP | RSI M1: 10.64 -> BUY
[2026-06-15 22:26:59] (Hilo: ACCIONES) [JNJm] 🔥 Condiciones de disparo autorizadas. Ejecutando BUY...
[2026-06-15 22:26:59] (Hilo: ACCIONES) [🎯 ALINEACIÓN] JPMm | Tendencia H1: UP | RSI M1: 28.81 -> BUY
[2026-06-15 22:26:59] (Hilo: ACCIONES) [JPMm] 🔥 Condiciones de disparo autorizadas. Ejecutando BUY...
[2026-06-15 22:26:59] (Hilo: ACCIONES) [🎯 ALINEACIÓN] LINm | Tendencia H1: UP | RSI M1: 27.91 -> BUY
[2026-06-15 22:26:59] (Hilo: ACCIONES) [LINm] 🔥 Condiciones de disparo autorizadas. Ejecutando BUY...
[2026-06-15 22:26:59] (Hilo: ACCIONES) [🎯 ALINEACIÓN] MCDm | Tendencia H1: UP | RSI M1: 28.07 -> BUY
[2026-06-15 22:26:59] (Hilo: ACCIONES) [MCDm] 🔥 Condiciones de disparo autorizadas. Ejecutando BUY...
[2026-06-15 22:26:59] (Hilo: ACCIONES) [🎯 ALINEACIÓN] MMMm | Tendencia H1: UP | RSI M1: 8.89 -> BUY
[2026-06-15 22:26:59] (Hilo: ACCIONES) [MMMm] 🔥 Condiciones de disparo autorizadas. Ejecutando BUY...
[2026-06-15 22:26:59] (Hilo: ACCIONES) [🎯 ALINEACIÓN] MSFTm | Tendencia H1: DOWN | RSI M1: 95.51 -> SELL
[2026-06-15 22:26:59] (Hilo: ACCIONES) [MSFTm] 🔥 Condiciones de disparo autorizadas. Ejecutando SELL...
[2026-06-15 22:26:59] (Hilo: ACCIONES) [🎯 ALINEACIÓN] NFLXm | Tendencia H1: DOWN | RSI M1: 71.43 -> SELL
[2026-06-15 22:26:59] (Hilo: ACCIONES) [NFLXm] 🔥 Condiciones de disparo autorizadas. Ejecutando SELL...
[2026-06-15 22:26:59] (Hilo: ACCIONES) [🎯 ALINEACIÓN] PGm | Tendencia H1: UP | RSI M1: 24.32 -> BUY
[2026-06-15 22:26:59] (Hilo: ACCIONES) [PGm] 🔥 Condiciones de disparo autorizadas. Ejecutando BUY...
[2026-06-15 22:26:59] (Hilo: ACCIONES) [🎯 ALINEACIÓN] SBUXm | Tendencia H1: UP | RSI M1: 18.37 -> BUY
[2026-06-15 22:26:59] (Hilo: ACCIONES) [SBUXm] 🔥 Condiciones de disparo autorizadas. Ejecutando BUY...
[2026-06-15 22:26:59] (Hilo: ACCIONES) [🎯 ALINEACIÓN] VRTXm | Tendencia H1: UP | RSI M1: 26.01 -> BUY
[2026-06-15 22:26:59] (Hilo: ACCIONES) [VRTXm] 🔥 Condiciones de disparo autorizadas. Ejecutando BUY...
[2026-06-15 22:27:12] (Hilo: CRIPTO) Patrullando 2 activos...
[2026-06-15 22:27:12] (Hilo: ENERGIA) Patrullando 3 activos...
[2026-06-15 22:27:12] (Hilo: FOREX) Patrullando 7 activos...
[2026-06-15 22:27:13] (Hilo: INDICES) Patrullando 14 activos...
[2026-06-15 22:27:13] (Hilo: METALES) Patrullando 15 activos...
[2026-06-15 22:27:14] (Hilo: ACCIONES) Patrullando 91 activos...
[2026-06-15 22:27:14] (Hilo: ACCIONES) [🎯 ALINEACIÓN] ADBEm | Tendencia H1: DOWN | RSI M1: 70.75 -> SELL
[2026-06-15 22:27:14] (Hilo: ACCIONES) [ADBEm] 🔥 Condiciones de disparo autorizadas. Ejecutando SELL...
[2026-06-15 22:27:14] (Hilo: ACCIONES) [🎯 ALINEACIÓN] AMGNm | Tendencia H1: UP | RSI M1: 25.57 -> BUY
[2026-06-15 22:27:14] (Hilo: ACCIONES) [AMGNm] 🔥 Condiciones de disparo autorizadas. Ejecutando BUY...
[2026-06-15 22:27:14] (Hilo: ACCIONES) [🎯 ALINEACIÓN] CMCSAm | Tendencia H1: DOWN | RSI M1: 76.92 -> SELL
[2026-06-15 22:27:14] (Hilo: ACCIONES) [CMCSAm] 🔥 Condiciones de disparo autorizadas. Ejecutando SELL...
[2026-06-15 22:27:15] (Hilo: ACCIONES) [🎯 ALINEACIÓN] JNJm | Tendencia H1: UP | RSI M1: 10.64 -> BUY
[2026-06-15 22:27:15] (Hilo: ACCIONES) [JNJm] 🔥 Condiciones de disparo autorizadas. Ejecutando BUY...
[2026-06-15 22:27:15] (Hilo: ACCIONES) [🎯 ALINEACIÓN] JPMm | Tendencia H1: UP | RSI M1: 28.81 -> BUY
[2026-06-15 22:27:15] (Hilo: ACCIONES) [JPMm] 🔥 Condiciones de disparo autorizadas. Ejecutando BUY...
[2026-06-15 22:27:15] (Hilo: ACCIONES) [🎯 ALINEACIÓN] LINm | Tendencia H1: UP | RSI M1: 27.91 -> BUY
[2026-06-15 22:27:15] (Hilo: ACCIONES) [LINm] 🔥 Condiciones de disparo autorizadas. Ejecutando BUY...
[2026-06-15 22:27:15] (Hilo: ACCIONES) [🎯 ALINEACIÓN] MCDm | Tendencia H1: UP | RSI M1: 28.07 -> BUY
[2026-06-15 22:27:15] (Hilo: ACCIONES) [MCDm] 🔥 Condiciones de disparo autorizadas. Ejecutando BUY...
[2026-06-15 22:27:15] (Hilo: ACCIONES) [🎯 ALINEACIÓN] MMMm | Tendencia H1: UP | RSI M1: 8.89 -> BUY
[2026-06-15 22:27:15] (Hilo: ACCIONES) [MMMm] 🔥 Condiciones de disparo autorizadas. Ejecutando BUY...
[2026-06-15 22:27:15] (Hilo: ACCIONES) [🎯 ALINEACIÓN] MSFTm | Tendencia H1: DOWN | RSI M1: 95.51 -> SELL
[2026-06-15 22:27:15] (Hilo: ACCIONES) [MSFTm] 🔥 Condiciones de disparo autorizadas. Ejecutando SELL...
[2026-06-15 22:27:15] (Hilo: ACCIONES) [🎯 ALINEACIÓN] NFLXm | Tendencia H1: DOWN | RSI M1: 71.43 -> SELL
[2026-06-15 22:27:15] (Hilo: ACCIONES) [NFLXm] 🔥 Condiciones de disparo autorizadas. Ejecutando SELL...
[2026-06-15 22:27:15] (Hilo: ACCIONES) [🎯 ALINEACIÓN] PGm | Tendencia H1: UP | RSI M1: 24.32 -> BUY
[2026-06-15 22:27:15] (Hilo: ACCIONES) [PGm] 🔥 Condiciones de disparo autorizadas. Ejecutando BUY...
[2026-06-15 22:27:15] (Hilo: ACCIONES) [🎯 ALINEACIÓN] SBUXm | Tendencia H1: UP | RSI M1: 18.37 -> BUY
[2026-06-15 22:27:15] (Hilo: ACCIONES) [SBUXm] 🔥 Condiciones de disparo autorizadas. Ejecutando BUY...
[2026-06-15 22:27:15] (Hilo: ACCIONES) [🎯 ALINEACIÓN] VRTXm | Tendencia H1: UP | RSI M1: 26.01 -> BUY
[2026-06-15 22:27:15] (Hilo: ACCIONES) [VRTXm] 🔥 Condiciones de disparo autorizadas. Ejecutando BUY...
[2026-06-15 22:27:27] (Hilo: CRIPTO) Patrullando 2 activos...
[2026-06-15 22:27:27] (Hilo: ENERGIA) Patrullando 3 activos...
[2026-06-15 22:27:28] (Hilo: FOREX) Patrullando 7 activos...
[2026-06-15 22:27:28] (Hilo: INDICES) Patrullando 14 activos...
[2026-06-15 22:27:28] (Hilo: METALES) Patrullando 15 activos...
[2026-06-15 22:27:30] (Hilo: ACCIONES) Patrullando 91 activos...
[2026-06-15 22:27:30] (Hilo: ACCIONES) [🎯 ALINEACIÓN] ADBEm | Tendencia H1: DOWN | RSI M1: 70.75 -> SELL
[2026-06-15 22:27:30] (Hilo: ACCIONES) [ADBEm] 🔥 Condiciones de disparo autorizadas. Ejecutando SELL...
[2026-06-15 22:27:30] (Hilo: ACCIONES) [🎯 ALINEACIÓN] AMGNm | Tendencia H1: UP | RSI M1: 25.57 -> BUY
[2026-06-15 22:27:30] (Hilo: ACCIONES) [AMGNm] 🔥 Condiciones de disparo autorizadas. Ejecutando BUY...
[2026-06-15 22:27:30] (Hilo: ACCIONES) [🎯 ALINEACIÓN] CMCSAm | Tendencia H1: DOWN | RSI M1: 76.92 -> SELL
[2026-06-15 22:27:30] (Hilo: ACCIONES) [CMCSAm] 🔥 Condiciones de disparo autorizadas. Ejecutando SELL...
[2026-06-15 22:27:30] (Hilo: ACCIONES) [🎯 ALINEACIÓN] JNJm | Tendencia H1: UP | RSI M1: 10.64 -> BUY
[2026-06-15 22:27:30] (Hilo: ACCIONES) [JNJm] 🔥 Condiciones de disparo autorizadas. Ejecutando BUY...
[2026-06-15 22:27:30] (Hilo: ACCIONES) [🎯 ALINEACIÓN] JPMm | Tendencia H1: UP | RSI M1: 28.81 -> BUY
[2026-06-15 22:27:30] (Hilo: ACCIONES) [JPMm] 🔥 Condiciones de disparo autorizadas. Ejecutando BUY...
[2026-06-15 22:27:30] (Hilo: ACCIONES) [🎯 ALINEACIÓN] LINm | Tendencia H1: UP | RSI M1: 27.91 -> BUY
[2026-06-15 22:27:30] (Hilo: ACCIONES) [LINm] 🔥 Condiciones de disparo autorizadas. Ejecutando BUY...
[2026-06-15 22:27:30] (Hilo: ACCIONES) [🎯 ALINEACIÓN] MCDm | Tendencia H1: UP | RSI M1: 28.07 -> BUY
[2026-06-15 22:27:30] (Hilo: ACCIONES) [MCDm] 🔥 Condiciones de disparo autorizadas. Ejecutando BUY...
[2026-06-15 22:27:30] (Hilo: ACCIONES) [🎯 ALINEACIÓN] MMMm | Tendencia H1: UP | RSI M1: 8.89 -> BUY
[2026-06-15 22:27:30] (Hilo: ACCIONES) [MMMm] 🔥 Condiciones de disparo autorizadas. Ejecutando BUY...
[2026-06-15 22:27:30] (Hilo: ACCIONES) [🎯 ALINEACIÓN] MSFTm | Tendencia H1: DOWN | RSI M1: 95.51 -> SELL
[2026-06-15 22:27:30] (Hilo: ACCIONES) [MSFTm] 🔥 Condiciones de disparo autorizadas. Ejecutando SELL...
[2026-06-15 22:27:30] (Hilo: ACCIONES) [🎯 ALINEACIÓN] NFLXm | Tendencia H1: DOWN | RSI M1: 71.43 -> SELL
[2026-06-15 22:27:30] (Hilo: ACCIONES) [NFLXm] 🔥 Condiciones de disparo autorizadas. Ejecutando SELL...
[2026-06-15 22:27:30] (Hilo: ACCIONES) [🎯 ALINEACIÓN] PGm | Tendencia H1: UP | RSI M1: 24.32 -> BUY
[2026-06-15 22:27:30] (Hilo: ACCIONES) [PGm] 🔥 Condiciones de disparo autorizadas. Ejecutando BUY...
[2026-06-15 22:27:30] (Hilo: ACCIONES) [🎯 ALINEACIÓN] SBUXm | Tendencia H1: UP | RSI M1: 18.37 -> BUY
[2026-06-15 22:27:30] (Hilo: ACCIONES) [SBUXm] 🔥 Condiciones de disparo autorizadas. Ejecutando BUY...
[2026-06-15 22:27:30] (Hilo: ACCIONES) [🎯 ALINEACIÓN] VRTXm | Tendencia H1: UP | RSI M1: 26.01 -> BUY
[2026-06-15 22:27:30] (Hilo: ACCIONES) [VRTXm] 🔥 Condiciones de disparo autorizadas. Ejecutando BUY...
[2026-06-15 22:29:58] (Hilo: MainThread) Inicializando motores del Quant Sniper Multi-Thread Bot...
[2026-06-15 22:29:58] (Hilo: MainThread) Conexión establecida con éxito. Desplegando hilos de trabajo...
[2026-06-15 22:29:58] (Hilo: FOREX) Fila de patrullaje activada con Firma: 1000
[2026-06-15 22:29:58] (Hilo: METALES) Fila de patrullaje activada con Firma: 3000
[2026-06-15 22:29:58] (Hilo: FOREX) Patrullando 7 activos...
[2026-06-15 22:29:58] (Hilo: CRIPTO) Fila de patrullaje activada con Firma: 2000
[2026-06-15 22:29:58] (Hilo: METALES) Patrullando 15 activos...
[2026-06-15 22:29:58] (Hilo: INDICES) Fila de patrullaje activada con Firma: 4000
[2026-06-15 22:29:58] (Hilo: CRIPTO) Patrullando 2 activos...
[2026-06-15 22:29:58] (Hilo: ENERGIA) Fila de patrullaje activada con Firma: 5000
[2026-06-15 22:29:58] (Hilo: ACCIONES) Fila de patrullaje activada con Firma: 6000
[2026-06-15 22:29:58] (Hilo: INDICES) Patrullando 14 activos...
[2026-06-15 22:29:58] (Hilo: ENERGIA) Patrullando 3 activos...
[2026-06-15 22:29:58] (Hilo: ACCIONES) Patrullando 91 activos...
[2026-06-15 22:29:58] (Hilo: ACCIONES) [🎯 ALINEACIÓN] ADBEm | Tendencia H1: DOWN | RSI M1: 70.75 -> SELL
[2026-06-15 22:29:58] (Hilo: ACCIONES) [ADBEm] 🔥 Condiciones de disparo autorizadas. Ejecutando SELL...
[2026-06-15 22:29:58] (Hilo: ACCIONES) [ADBEm] ⚠️ Orden rechazada por el bróker (Posible mercado cerrado o error). Activando cuarentena anti-spam de 5 minutos.
[2026-06-15 22:29:58] (Hilo: ACCIONES) [🎯 ALINEACIÓN] AMGNm | Tendencia H1: UP | RSI M1: 25.57 -> BUY
[2026-06-15 22:29:58] (Hilo: ACCIONES) [AMGNm] 🔥 Condiciones de disparo autorizadas. Ejecutando BUY...
[2026-06-15 22:29:58] (Hilo: ACCIONES) [AMGNm] ⚠️ Orden rechazada por el bróker (Posible mercado cerrado o error). Activando cuarentena anti-spam de 5 minutos.
[2026-06-15 22:29:58] (Hilo: ACCIONES) [🎯 ALINEACIÓN] CMCSAm | Tendencia H1: DOWN | RSI M1: 76.92 -> SELL
[2026-06-15 22:29:58] (Hilo: ACCIONES) [CMCSAm] 🔥 Condiciones de disparo autorizadas. Ejecutando SELL...
[2026-06-15 22:29:58] (Hilo: ACCIONES) [CMCSAm] ⚠️ Orden rechazada por el bróker (Posible mercado cerrado o error). Activando cuarentena anti-spam de 5 minutos.
[2026-06-15 22:29:58] (Hilo: ACCIONES) [🎯 ALINEACIÓN] JNJm | Tendencia H1: UP | RSI M1: 10.64 -> BUY
[2026-06-15 22:29:58] (Hilo: ACCIONES) [JNJm] 🔥 Condiciones de disparo autorizadas. Ejecutando BUY...
[2026-06-15 22:29:58] (Hilo: ACCIONES) [JNJm] ⚠️ Orden rechazada por el bróker (Posible mercado cerrado o error). Activando cuarentena anti-spam de 5 minutos.
[2026-06-15 22:29:58] (Hilo: ACCIONES) [🎯 ALINEACIÓN] JPMm | Tendencia H1: UP | RSI M1: 28.81 -> BUY
[2026-06-15 22:29:58] (Hilo: ACCIONES) [JPMm] 🔥 Condiciones de disparo autorizadas. Ejecutando BUY...
[2026-06-15 22:29:58] (Hilo: ACCIONES) [JPMm] ⚠️ Orden rechazada por el bróker (Posible mercado cerrado o error). Activando cuarentena anti-spam de 5 minutos.
[2026-06-15 22:29:58] (Hilo: ACCIONES) [🎯 ALINEACIÓN] LINm | Tendencia H1: UP | RSI M1: 27.91 -> BUY
[2026-06-15 22:29:58] (Hilo: ACCIONES) [LINm] 🔥 Condiciones de disparo autorizadas. Ejecutando BUY...
[2026-06-15 22:29:58] (Hilo: ACCIONES) [LINm] ⚠️ Orden rechazada por el bróker (Posible mercado cerrado o error). Activando cuarentena anti-spam de 5 minutos.
[2026-06-15 22:29:58] (Hilo: ACCIONES) [🎯 ALINEACIÓN] MCDm | Tendencia H1: UP | RSI M1: 28.07 -> BUY
[2026-06-15 22:29:58] (Hilo: ACCIONES) [MCDm] 🔥 Condiciones de disparo autorizadas. Ejecutando BUY...
[2026-06-15 22:29:58] (Hilo: ACCIONES) [MCDm] ⚠️ Orden rechazada por el bróker (Posible mercado cerrado o error). Activando cuarentena anti-spam de 5 minutos.
[2026-06-15 22:29:58] (Hilo: ACCIONES) [🎯 ALINEACIÓN] MMMm | Tendencia H1: UP | RSI M1: 8.89 -> BUY
[2026-06-15 22:29:58] (Hilo: ACCIONES) [MMMm] 🔥 Condiciones de disparo autorizadas. Ejecutando BUY...
[2026-06-15 22:29:58] (Hilo: ACCIONES) [MMMm] ⚠️ Orden rechazada por el bróker (Posible mercado cerrado o error). Activando cuarentena anti-spam de 5 minutos.
[2026-06-15 22:29:58] (Hilo: ACCIONES) [🎯 ALINEACIÓN] MSFTm | Tendencia H1: DOWN | RSI M1: 95.51 -> SELL
[2026-06-15 22:29:58] (Hilo: ACCIONES) [MSFTm] 🔥 Condiciones de disparo autorizadas. Ejecutando SELL...
[2026-06-15 22:29:58] (Hilo: ACCIONES) [MSFTm] ⚠️ Orden rechazada por el bróker (Posible mercado cerrado o error). Activando cuarentena anti-spam de 5 minutos.
[2026-06-15 22:29:58] (Hilo: ACCIONES) [🎯 ALINEACIÓN] NFLXm | Tendencia H1: DOWN | RSI M1: 71.43 -> SELL
[2026-06-15 22:29:58] (Hilo: ACCIONES) [NFLXm] 🔥 Condiciones de disparo autorizadas. Ejecutando SELL...
[2026-06-15 22:29:58] (Hilo: ACCIONES) [NFLXm] ⚠️ Orden rechazada por el bróker (Posible mercado cerrado o error). Activando cuarentena anti-spam de 5 minutos.
[2026-06-15 22:29:58] (Hilo: ACCIONES) [🎯 ALINEACIÓN] PGm | Tendencia H1: UP | RSI M1: 24.32 -> BUY
[2026-06-15 22:29:58] (Hilo: ACCIONES) [PGm] 🔥 Condiciones de disparo autorizadas. Ejecutando BUY...
[2026-06-15 22:29:58] (Hilo: ACCIONES) [PGm] ⚠️ Orden rechazada por el bróker (Posible mercado cerrado o error). Activando cuarentena anti-spam de 5 minutos.
[2026-06-15 22:29:58] (Hilo: ACCIONES) [🎯 ALINEACIÓN] SBUXm | Tendencia H1: UP | RSI M1: 18.37 -> BUY
[2026-06-15 22:29:58] (Hilo: ACCIONES) [SBUXm] 🔥 Condiciones de disparo autorizadas. Ejecutando BUY...
[2026-06-15 22:29:58] (Hilo: ACCIONES) [SBUXm] ⚠️ Orden rechazada por el bróker (Posible mercado cerrado o error). Activando cuarentena anti-spam de 5 minutos.
[2026-06-15 22:29:58] (Hilo: ACCIONES) [🎯 ALINEACIÓN] VRTXm | Tendencia H1: UP | RSI M1: 26.01 -> BUY
[2026-06-15 22:29:58] (Hilo: ACCIONES) [VRTXm] 🔥 Condiciones de disparo autorizadas. Ejecutando BUY...
[2026-06-15 22:29:58] (Hilo: ACCIONES) [VRTXm] ⚠️ Orden rechazada por el bróker (Posible mercado cerrado o error). Activando cuarentena anti-spam de 5 minutos.
[2026-06-15 22:30:13] (Hilo: FOREX) Patrullando 7 activos...
[2026-06-15 22:30:13] (Hilo: CRIPTO) Patrullando 2 activos...
[2026-06-15 22:30:13] (Hilo: ENERGIA) Patrullando 3 activos...
[2026-06-15 22:30:13] (Hilo: METALES) Patrullando 15 activos...
[2026-06-15 22:30:13] (Hilo: INDICES) Patrullando 14 activos...
[2026-06-15 22:30:13] (Hilo: ACCIONES) Patrullando 91 activos...
[2026-06-15 22:30:14] (Hilo: ACCIONES) [🎯 ALINEACIÓN] ADBEm | Tendencia H1: DOWN | RSI M1: 70.75 -> SELL
[2026-06-15 22:30:14] (Hilo: ACCIONES) [COOLDOWN MANUAL] ADBEm en cuarentena anti-spam.
[2026-06-15 22:30:14] (Hilo: ACCIONES) [🎯 ALINEACIÓN] AMGNm | Tendencia H1: UP | RSI M1: 25.57 -> BUY
[2026-06-15 22:30:14] (Hilo: ACCIONES) [COOLDOWN MANUAL] AMGNm en cuarentena anti-spam.
[2026-06-15 22:30:14] (Hilo: ACCIONES) [🎯 ALINEACIÓN] CMCSAm | Tendencia H1: DOWN | RSI M1: 76.92 -> SELL
[2026-06-15 22:30:14] (Hilo: ACCIONES) [COOLDOWN MANUAL] CMCSAm en cuarentena anti-spam.
[2026-06-15 22:30:14] (Hilo: ACCIONES) [🎯 ALINEACIÓN] JNJm | Tendencia H1: UP | RSI M1: 10.64 -> BUY
[2026-06-15 22:30:14] (Hilo: ACCIONES) [COOLDOWN MANUAL] JNJm en cuarentena anti-spam.
[2026-06-15 22:30:14] (Hilo: ACCIONES) [🎯 ALINEACIÓN] JPMm | Tendencia H1: UP | RSI M1: 28.81 -> BUY
[2026-06-15 22:30:14] (Hilo: ACCIONES) [COOLDOWN MANUAL] JPMm en cuarentena anti-spam.
[2026-06-15 22:30:14] (Hilo: ACCIONES) [🎯 ALINEACIÓN] LINm | Tendencia H1: UP | RSI M1: 27.91 -> BUY
[2026-06-15 22:30:14] (Hilo: ACCIONES) [COOLDOWN MANUAL] LINm en cuarentena anti-spam.
[2026-06-15 22:30:14] (Hilo: ACCIONES) [🎯 ALINEACIÓN] MCDm | Tendencia H1: UP | RSI M1: 28.07 -> BUY
[2026-06-15 22:30:14] (Hilo: ACCIONES) [COOLDOWN MANUAL] MCDm en cuarentena anti-spam.
[2026-06-15 22:30:14] (Hilo: ACCIONES) [🎯 ALINEACIÓN] MMMm | Tendencia H1: UP | RSI M1: 8.89 -> BUY
[2026-06-15 22:30:14] (Hilo: ACCIONES) [COOLDOWN MANUAL] MMMm en cuarentena anti-spam.
[2026-06-15 22:30:14] (Hilo: ACCIONES) [🎯 ALINEACIÓN] MSFTm | Tendencia H1: DOWN | RSI M1: 95.51 -> SELL
[2026-06-15 22:30:14] (Hilo: ACCIONES) [COOLDOWN MANUAL] MSFTm en cuarentena anti-spam.
[2026-06-15 22:30:14] (Hilo: ACCIONES) [🎯 ALINEACIÓN] NFLXm | Tendencia H1: DOWN | RSI M1: 71.43 -> SELL
[2026-06-15 22:30:14] (Hilo: ACCIONES) [COOLDOWN MANUAL] NFLXm en cuarentena anti-spam.
[2026-06-15 22:30:14] (Hilo: ACCIONES) [🎯 ALINEACIÓN] PGm | Tendencia H1: UP | RSI M1: 24.32 -> BUY
[2026-06-15 22:30:14] (Hilo: ACCIONES) [COOLDOWN MANUAL] PGm en cuarentena anti-spam.
[2026-06-15 22:30:14] (Hilo: ACCIONES) [🎯 ALINEACIÓN] SBUXm | Tendencia H1: UP | RSI M1: 18.37 -> BUY
[2026-06-15 22:30:14] (Hilo: ACCIONES) [COOLDOWN MANUAL] SBUXm en cuarentena anti-spam.
[2026-06-15 22:30:14] (Hilo: ACCIONES) [🎯 ALINEACIÓN] VRTXm | Tendencia H1: UP | RSI M1: 26.01 -> BUY
[2026-06-15 22:30:14] (Hilo: ACCIONES) [COOLDOWN MANUAL] VRTXm en cuarentena anti-spam.
[2026-06-15 22:30:28] (Hilo: CRIPTO) Patrullando 2 activos...
[2026-06-15 22:30:28] (Hilo: FOREX) Patrullando 7 activos...
[2026-06-15 22:30:28] (Hilo: ENERGIA) Patrullando 3 activos...
[2026-06-15 22:30:28] (Hilo: METALES) Patrullando 15 activos...
[2026-06-15 22:30:28] (Hilo: INDICES) Patrullando 14 activos...
[2026-06-15 22:30:29] (Hilo: ACCIONES) Patrullando 91 activos...
[2026-06-15 22:30:29] (Hilo: ACCIONES) [🎯 ALINEACIÓN] ADBEm | Tendencia H1: DOWN | RSI M1: 70.75 -> SELL
[2026-06-15 22:30:29] (Hilo: ACCIONES) [COOLDOWN MANUAL] ADBEm en cuarentena anti-spam.
[2026-06-15 22:30:29] (Hilo: ACCIONES) [🎯 ALINEACIÓN] AMGNm | Tendencia H1: UP | RSI M1: 25.57 -> BUY
[2026-06-15 22:30:29] (Hilo: ACCIONES) [COOLDOWN MANUAL] AMGNm en cuarentena anti-spam.
[2026-06-15 22:30:29] (Hilo: ACCIONES) [🎯 ALINEACIÓN] CMCSAm | Tendencia H1: DOWN | RSI M1: 76.92 -> SELL
[2026-06-15 22:30:29] (Hilo: ACCIONES) [COOLDOWN MANUAL] CMCSAm en cuarentena anti-spam.
[2026-06-15 22:30:29] (Hilo: ACCIONES) [🎯 ALINEACIÓN] JNJm | Tendencia H1: UP | RSI M1: 10.64 -> BUY
[2026-06-15 22:30:29] (Hilo: ACCIONES) [COOLDOWN MANUAL] JNJm en cuarentena anti-spam.
[2026-06-15 22:30:29] (Hilo: ACCIONES) [🎯 ALINEACIÓN] JPMm | Tendencia H1: UP | RSI M1: 28.81 -> BUY
[2026-06-15 22:30:29] (Hilo: ACCIONES) [COOLDOWN MANUAL] JPMm en cuarentena anti-spam.
[2026-06-15 22:30:29] (Hilo: ACCIONES) [🎯 ALINEACIÓN] LINm | Tendencia H1: UP | RSI M1: 27.91 -> BUY
[2026-06-15 22:30:29] (Hilo: ACCIONES) [COOLDOWN MANUAL] LINm en cuarentena anti-spam.
[2026-06-15 22:30:29] (Hilo: ACCIONES) [🎯 ALINEACIÓN] MCDm | Tendencia H1: UP | RSI M1: 28.07 -> BUY
[2026-06-15 22:30:29] (Hilo: ACCIONES) [COOLDOWN MANUAL] MCDm en cuarentena anti-spam.
[2026-06-15 22:30:29] (Hilo: ACCIONES) [🎯 ALINEACIÓN] MMMm | Tendencia H1: UP | RSI M1: 8.89 -> BUY
[2026-06-15 22:30:29] (Hilo: ACCIONES) [COOLDOWN MANUAL] MMMm en cuarentena anti-spam.
[2026-06-15 22:30:29] (Hilo: ACCIONES) [🎯 ALINEACIÓN] MSFTm | Tendencia H1: DOWN | RSI M1: 95.51 -> SELL
[2026-06-15 22:30:29] (Hilo: ACCIONES) [COOLDOWN MANUAL] MSFTm en cuarentena anti-spam.
[2026-06-15 22:30:29] (Hilo: ACCIONES) [🎯 ALINEACIÓN] NFLXm | Tendencia H1: DOWN | RSI M1: 71.43 -> SELL
[2026-06-15 22:30:29] (Hilo: ACCIONES) [COOLDOWN MANUAL] NFLXm en cuarentena anti-spam.
[2026-06-15 22:30:29] (Hilo: ACCIONES) [🎯 ALINEACIÓN] PGm | Tendencia H1: UP | RSI M1: 24.32 -> BUY
[2026-06-15 22:30:29] (Hilo: ACCIONES) [COOLDOWN MANUAL] PGm en cuarentena anti-spam.
[2026-06-15 22:30:29] (Hilo: ACCIONES) [🎯 ALINEACIÓN] SBUXm | Tendencia H1: UP | RSI M1: 18.37 -> BUY
[2026-06-15 22:30:29] (Hilo: ACCIONES) [COOLDOWN MANUAL] SBUXm en cuarentena anti-spam.
[2026-06-15 22:30:29] (Hilo: ACCIONES) [🎯 ALINEACIÓN] VRTXm | Tendencia H1: UP | RSI M1: 26.01 -> BUY
[2026-06-15 22:30:29] (Hilo: ACCIONES) [COOLDOWN MANUAL] VRTXm en cuarentena anti-spam.
[2026-06-15 22:30:43] (Hilo: CRIPTO) Patrullando 2 activos...
[2026-06-15 22:30:43] (Hilo: FOREX) Patrullando 7 activos...
[2026-06-15 22:30:43] (Hilo: ENERGIA) Patrullando 3 activos...
[2026-06-15 22:30:43] (Hilo: METALES) Patrullando 15 activos...
[2026-06-15 22:30:43] (Hilo: INDICES) Patrullando 14 activos...
[2026-06-15 22:30:44] (Hilo: ACCIONES) Patrullando 91 activos...
[2026-06-15 22:30:44] (Hilo: ACCIONES) [🎯 ALINEACIÓN] ADBEm | Tendencia H1: DOWN | RSI M1: 70.75 -> SELL
[2026-06-15 22:30:44] (Hilo: ACCIONES) [COOLDOWN MANUAL] ADBEm en cuarentena anti-spam.
[2026-06-15 22:30:44] (Hilo: ACCIONES) [🎯 ALINEACIÓN] AMGNm | Tendencia H1: UP | RSI M1: 25.57 -> BUY
[2026-06-15 22:30:44] (Hilo: ACCIONES) [COOLDOWN MANUAL] AMGNm en cuarentena anti-spam.
[2026-06-15 22:30:44] (Hilo: ACCIONES) [🎯 ALINEACIÓN] CMCSAm | Tendencia H1: DOWN | RSI M1: 76.92 -> SELL
[2026-06-15 22:30:44] (Hilo: ACCIONES) [COOLDOWN MANUAL] CMCSAm en cuarentena anti-spam.
[2026-06-15 22:30:44] (Hilo: ACCIONES) [🎯 ALINEACIÓN] JNJm | Tendencia H1: UP | RSI M1: 10.64 -> BUY
[2026-06-15 22:30:44] (Hilo: ACCIONES) [COOLDOWN MANUAL] JNJm en cuarentena anti-spam.
[2026-06-15 22:30:44] (Hilo: ACCIONES) [🎯 ALINEACIÓN] JPMm | Tendencia H1: UP | RSI M1: 28.81 -> BUY
[2026-06-15 22:30:44] (Hilo: ACCIONES) [COOLDOWN MANUAL] JPMm en cuarentena anti-spam.
[2026-06-15 22:30:44] (Hilo: ACCIONES) [🎯 ALINEACIÓN] LINm | Tendencia H1: UP | RSI M1: 27.91 -> BUY
[2026-06-15 22:30:44] (Hilo: ACCIONES) [COOLDOWN MANUAL] LINm en cuarentena anti-spam.
[2026-06-15 22:30:44] (Hilo: ACCIONES) [🎯 ALINEACIÓN] MCDm | Tendencia H1: UP | RSI M1: 28.07 -> BUY
[2026-06-15 22:30:44] (Hilo: ACCIONES) [COOLDOWN MANUAL] MCDm en cuarentena anti-spam.
[2026-06-15 22:30:44] (Hilo: ACCIONES) [🎯 ALINEACIÓN] MMMm | Tendencia H1: UP | RSI M1: 8.89 -> BUY
[2026-06-15 22:30:44] (Hilo: ACCIONES) [COOLDOWN MANUAL] MMMm en cuarentena anti-spam.
[2026-06-15 22:30:44] (Hilo: ACCIONES) [🎯 ALINEACIÓN] MSFTm | Tendencia H1: DOWN | RSI M1: 95.51 -> SELL
[2026-06-15 22:30:44] (Hilo: ACCIONES) [COOLDOWN MANUAL] MSFTm en cuarentena anti-spam.
[2026-06-15 22:30:44] (Hilo: ACCIONES) [🎯 ALINEACIÓN] NFLXm | Tendencia H1: DOWN | RSI M1: 71.43 -> SELL
[2026-06-15 22:30:44] (Hilo: ACCIONES) [COOLDOWN MANUAL] NFLXm en cuarentena anti-spam.
[2026-06-15 22:30:44] (Hilo: ACCIONES) [🎯 ALINEACIÓN] PGm | Tendencia H1: UP | RSI M1: 24.32 -> BUY
[2026-06-15 22:30:44] (Hilo: ACCIONES) [COOLDOWN MANUAL] PGm en cuarentena anti-spam.
[2026-06-15 22:30:44] (Hilo: ACCIONES) [🎯 ALINEACIÓN] SBUXm | Tendencia H1: UP | RSI M1: 18.37 -> BUY
[2026-06-15 22:30:44] (Hilo: ACCIONES) [COOLDOWN MANUAL] SBUXm en cuarentena anti-spam.
[2026-06-15 22:30:44] (Hilo: ACCIONES) [🎯 ALINEACIÓN] VRTXm | Tendencia H1: UP | RSI M1: 26.01 -> BUY
[2026-06-15 22:30:44] (Hilo: ACCIONES) [COOLDOWN MANUAL] VRTXm en cuarentena anti-spam.
[2026-06-15 22:30:58] (Hilo: CRIPTO) Patrullando 2 activos...
[2026-06-15 22:30:58] (Hilo: ENERGIA) Patrullando 3 activos...
[2026-06-15 22:30:58] (Hilo: FOREX) Patrullando 7 activos...
[2026-06-15 22:30:59] (Hilo: INDICES) Patrullando 14 activos...
[2026-06-15 22:30:59] (Hilo: METALES) Patrullando 15 activos...
[2026-06-15 22:30:59] (Hilo: ACCIONES) Patrullando 91 activos...
[2026-06-15 22:30:59] (Hilo: ACCIONES) [🎯 ALINEACIÓN] ADBEm | Tendencia H1: DOWN | RSI M1: 70.75 -> SELL
[2026-06-15 22:30:59] (Hilo: ACCIONES) [COOLDOWN MANUAL] ADBEm en cuarentena anti-spam.
[2026-06-15 22:30:59] (Hilo: ACCIONES) [🎯 ALINEACIÓN] AMGNm | Tendencia H1: UP | RSI M1: 25.57 -> BUY
[2026-06-15 22:30:59] (Hilo: ACCIONES) [COOLDOWN MANUAL] AMGNm en cuarentena anti-spam.
[2026-06-15 22:30:59] (Hilo: ACCIONES) [🎯 ALINEACIÓN] CMCSAm | Tendencia H1: DOWN | RSI M1: 76.92 -> SELL
[2026-06-15 22:30:59] (Hilo: ACCIONES) [COOLDOWN MANUAL] CMCSAm en cuarentena anti-spam.
[2026-06-15 22:30:59] (Hilo: ACCIONES) [🎯 ALINEACIÓN] JNJm | Tendencia H1: UP | RSI M1: 10.64 -> BUY
[2026-06-15 22:30:59] (Hilo: ACCIONES) [COOLDOWN MANUAL] JNJm en cuarentena anti-spam.
[2026-06-15 22:30:59] (Hilo: ACCIONES) [🎯 ALINEACIÓN] JPMm | Tendencia H1: UP | RSI M1: 28.81 -> BUY
[2026-06-15 22:30:59] (Hilo: ACCIONES) [COOLDOWN MANUAL] JPMm en cuarentena anti-spam.
[2026-06-15 22:30:59] (Hilo: ACCIONES) [🎯 ALINEACIÓN] LINm | Tendencia H1: UP | RSI M1: 27.91 -> BUY
[2026-06-15 22:30:59] (Hilo: ACCIONES) [COOLDOWN MANUAL] LINm en cuarentena anti-spam.
[2026-06-15 22:30:59] (Hilo: ACCIONES) [🎯 ALINEACIÓN] MCDm | Tendencia H1: UP | RSI M1: 28.07 -> BUY
[2026-06-15 22:30:59] (Hilo: ACCIONES) [COOLDOWN MANUAL] MCDm en cuarentena anti-spam.
[2026-06-15 22:30:59] (Hilo: ACCIONES) [🎯 ALINEACIÓN] MMMm | Tendencia H1: UP | RSI M1: 8.89 -> BUY
[2026-06-15 22:30:59] (Hilo: ACCIONES) [COOLDOWN MANUAL] MMMm en cuarentena anti-spam.
[2026-06-15 22:30:59] (Hilo: ACCIONES) [🎯 ALINEACIÓN] MSFTm | Tendencia H1: DOWN | RSI M1: 95.51 -> SELL
[2026-06-15 22:30:59] (Hilo: ACCIONES) [COOLDOWN MANUAL] MSFTm en cuarentena anti-spam.
[2026-06-15 22:30:59] (Hilo: ACCIONES) [🎯 ALINEACIÓN] NFLXm | Tendencia H1: DOWN | RSI M1: 71.43 -> SELL
[2026-06-15 22:30:59] (Hilo: ACCIONES) [COOLDOWN MANUAL] NFLXm en cuarentena anti-spam.
[2026-06-15 22:30:59] (Hilo: ACCIONES) [🎯 ALINEACIÓN] PGm | Tendencia H1: UP | RSI M1: 24.32 -> BUY
[2026-06-15 22:30:59] (Hilo: ACCIONES) [COOLDOWN MANUAL] PGm en cuarentena anti-spam.
[2026-06-15 22:30:59] (Hilo: ACCIONES) [🎯 ALINEACIÓN] SBUXm | Tendencia H1: UP | RSI M1: 18.37 -> BUY
[2026-06-15 22:30:59] (Hilo: ACCIONES) [COOLDOWN MANUAL] SBUXm en cuarentena anti-spam.
[2026-06-15 22:30:59] (Hilo: ACCIONES) [🎯 ALINEACIÓN] VRTXm | Tendencia H1: UP | RSI M1: 26.01 -> BUY
[2026-06-15 22:30:59] (Hilo: ACCIONES) [COOLDOWN MANUAL] VRTXm en cuarentena anti-spam.
[2026-06-15 22:31:13] (Hilo: CRIPTO) Patrullando 2 activos...
[2026-06-15 22:31:13] (Hilo: ENERGIA) Patrullando 3 activos...
[2026-06-15 22:31:13] (Hilo: FOREX) Patrullando 7 activos...
[2026-06-15 22:31:14] (Hilo: INDICES) Patrullando 14 activos...
[2026-06-15 22:31:14] (Hilo: METALES) Patrullando 15 activos...
[2026-06-15 22:31:14] (Hilo: ACCIONES) Patrullando 91 activos...
[2026-06-15 22:31:15] (Hilo: ACCIONES) [🎯 ALINEACIÓN] ADBEm | Tendencia H1: DOWN | RSI M1: 70.75 -> SELL
[2026-06-15 22:31:15] (Hilo: ACCIONES) [COOLDOWN MANUAL] ADBEm en cuarentena anti-spam.
[2026-06-15 22:31:15] (Hilo: ACCIONES) [🎯 ALINEACIÓN] AMGNm | Tendencia H1: UP | RSI M1: 25.57 -> BUY
[2026-06-15 22:31:15] (Hilo: ACCIONES) [COOLDOWN MANUAL] AMGNm en cuarentena anti-spam.
[2026-06-15 22:31:15] (Hilo: ACCIONES) [🎯 ALINEACIÓN] CMCSAm | Tendencia H1: DOWN | RSI M1: 76.92 -> SELL
[2026-06-15 22:31:15] (Hilo: ACCIONES) [COOLDOWN MANUAL] CMCSAm en cuarentena anti-spam.
[2026-06-15 22:31:15] (Hilo: ACCIONES) [🎯 ALINEACIÓN] JNJm | Tendencia H1: UP | RSI M1: 10.64 -> BUY
[2026-06-15 22:31:15] (Hilo: ACCIONES) [COOLDOWN MANUAL] JNJm en cuarentena anti-spam.
[2026-06-15 22:31:15] (Hilo: ACCIONES) [🎯 ALINEACIÓN] JPMm | Tendencia H1: UP | RSI M1: 28.81 -> BUY
[2026-06-15 22:31:15] (Hilo: ACCIONES) [COOLDOWN MANUAL] JPMm en cuarentena anti-spam.
[2026-06-15 22:31:15] (Hilo: ACCIONES) [🎯 ALINEACIÓN] LINm | Tendencia H1: UP | RSI M1: 27.91 -> BUY
[2026-06-15 22:31:15] (Hilo: ACCIONES) [COOLDOWN MANUAL] LINm en cuarentena anti-spam.
[2026-06-15 22:31:15] (Hilo: ACCIONES) [🎯 ALINEACIÓN] MCDm | Tendencia H1: UP | RSI M1: 28.07 -> BUY
[2026-06-15 22:31:15] (Hilo: ACCIONES) [COOLDOWN MANUAL] MCDm en cuarentena anti-spam.
[2026-06-15 22:31:15] (Hilo: ACCIONES) [🎯 ALINEACIÓN] MMMm | Tendencia H1: UP | RSI M1: 8.89 -> BUY
[2026-06-15 22:31:15] (Hilo: ACCIONES) [COOLDOWN MANUAL] MMMm en cuarentena anti-spam.
[2026-06-15 22:31:15] (Hilo: ACCIONES) [🎯 ALINEACIÓN] MSFTm | Tendencia H1: DOWN | RSI M1: 95.51 -> SELL
[2026-06-15 22:31:15] (Hilo: ACCIONES) [COOLDOWN MANUAL] MSFTm en cuarentena anti-spam.
[2026-06-15 22:31:15] (Hilo: ACCIONES) [🎯 ALINEACIÓN] NFLXm | Tendencia H1: DOWN | RSI M1: 71.43 -> SELL
[2026-06-15 22:31:15] (Hilo: ACCIONES) [COOLDOWN MANUAL] NFLXm en cuarentena anti-spam.
[2026-06-15 22:31:15] (Hilo: ACCIONES) [🎯 ALINEACIÓN] PGm | Tendencia H1: UP | RSI M1: 24.32 -> BUY
[2026-06-15 22:31:15] (Hilo: ACCIONES) [COOLDOWN MANUAL] PGm en cuarentena anti-spam.
[2026-06-15 22:31:15] (Hilo: ACCIONES) [🎯 ALINEACIÓN] SBUXm | Tendencia H1: UP | RSI M1: 18.37 -> BUY
[2026-06-15 22:31:15] (Hilo: ACCIONES) [COOLDOWN MANUAL] SBUXm en cuarentena anti-spam.
[2026-06-15 22:31:15] (Hilo: ACCIONES) [🎯 ALINEACIÓN] VRTXm | Tendencia H1: UP | RSI M1: 26.01 -> BUY
[2026-06-15 22:31:15] (Hilo: ACCIONES) [COOLDOWN MANUAL] VRTXm en cuarentena anti-spam.
[2026-06-15 22:31:28] (Hilo: CRIPTO) Patrullando 2 activos...
[2026-06-15 22:31:28] (Hilo: ENERGIA) Patrullando 3 activos...
[2026-06-15 22:31:28] (Hilo: FOREX) Patrullando 7 activos...
[2026-06-15 22:31:29] (Hilo: INDICES) Patrullando 14 activos...
[2026-06-15 22:31:29] (Hilo: METALES) Patrullando 15 activos...
[2026-06-15 22:31:30] (Hilo: ACCIONES) Patrullando 91 activos...
[2026-06-15 22:31:30] (Hilo: ACCIONES) [🎯 ALINEACIÓN] ADBEm | Tendencia H1: DOWN | RSI M1: 70.75 -> SELL
[2026-06-15 22:31:30] (Hilo: ACCIONES) [COOLDOWN MANUAL] ADBEm en cuarentena anti-spam.
[2026-06-15 22:31:30] (Hilo: ACCIONES) [🎯 ALINEACIÓN] AMGNm | Tendencia H1: UP | RSI M1: 25.57 -> BUY
[2026-06-15 22:31:30] (Hilo: ACCIONES) [COOLDOWN MANUAL] AMGNm en cuarentena anti-spam.
[2026-06-15 22:31:30] (Hilo: ACCIONES) [🎯 ALINEACIÓN] CMCSAm | Tendencia H1: DOWN | RSI M1: 76.92 -> SELL
[2026-06-15 22:31:30] (Hilo: ACCIONES) [COOLDOWN MANUAL] CMCSAm en cuarentena anti-spam.
[2026-06-15 22:31:30] (Hilo: ACCIONES) [🎯 ALINEACIÓN] JNJm | Tendencia H1: UP | RSI M1: 10.64 -> BUY
[2026-06-15 22:31:30] (Hilo: ACCIONES) [COOLDOWN MANUAL] JNJm en cuarentena anti-spam.
[2026-06-15 22:31:30] (Hilo: ACCIONES) [🎯 ALINEACIÓN] JPMm | Tendencia H1: UP | RSI M1: 28.81 -> BUY
[2026-06-15 22:31:30] (Hilo: ACCIONES) [COOLDOWN MANUAL] JPMm en cuarentena anti-spam.
[2026-06-15 22:31:30] (Hilo: ACCIONES) [🎯 ALINEACIÓN] LINm | Tendencia H1: UP | RSI M1: 27.91 -> BUY
[2026-06-15 22:31:30] (Hilo: ACCIONES) [COOLDOWN MANUAL] LINm en cuarentena anti-spam.
[2026-06-15 22:31:30] (Hilo: ACCIONES) [🎯 ALINEACIÓN] MCDm | Tendencia H1: UP | RSI M1: 28.07 -> BUY
[2026-06-15 22:31:30] (Hilo: ACCIONES) [COOLDOWN MANUAL] MCDm en cuarentena anti-spam.
[2026-06-15 22:31:30] (Hilo: ACCIONES) [🎯 ALINEACIÓN] MMMm | Tendencia H1: UP | RSI M1: 8.89 -> BUY
[2026-06-15 22:31:30] (Hilo: ACCIONES) [COOLDOWN MANUAL] MMMm en cuarentena anti-spam.
[2026-06-15 22:31:30] (Hilo: ACCIONES) [🎯 ALINEACIÓN] MSFTm | Tendencia H1: DOWN | RSI M1: 95.51 -> SELL
[2026-06-15 22:31:30] (Hilo: ACCIONES) [COOLDOWN MANUAL] MSFTm en cuarentena anti-spam.
[2026-06-15 22:31:30] (Hilo: ACCIONES) [🎯 ALINEACIÓN] NFLXm | Tendencia H1: DOWN | RSI M1: 71.43 -> SELL
[2026-06-15 22:31:30] (Hilo: ACCIONES) [COOLDOWN MANUAL] NFLXm en cuarentena anti-spam.
[2026-06-15 22:31:30] (Hilo: ACCIONES) [🎯 ALINEACIÓN] PGm | Tendencia H1: UP | RSI M1: 24.32 -> BUY
[2026-06-15 22:31:30] (Hilo: ACCIONES) [COOLDOWN MANUAL] PGm en cuarentena anti-spam.
[2026-06-15 22:31:30] (Hilo: ACCIONES) [🎯 ALINEACIÓN] SBUXm | Tendencia H1: UP | RSI M1: 18.37 -> BUY
[2026-06-15 22:31:30] (Hilo: ACCIONES) [COOLDOWN MANUAL] SBUXm en cuarentena anti-spam.
[2026-06-15 22:31:30] (Hilo: ACCIONES) [🎯 ALINEACIÓN] VRTXm | Tendencia H1: UP | RSI M1: 26.01 -> BUY
[2026-06-15 22:31:30] (Hilo: ACCIONES) [COOLDOWN MANUAL] VRTXm en cuarentena anti-spam.
[2026-06-15 22:31:43] (Hilo: CRIPTO) Patrullando 2 activos...
[2026-06-15 22:31:43] (Hilo: ENERGIA) Patrullando 3 activos...
[2026-06-15 22:31:43] (Hilo: FOREX) Patrullando 7 activos...
[2026-06-15 22:31:44] (Hilo: INDICES) Patrullando 14 activos...
[2026-06-15 22:31:44] (Hilo: METALES) Patrullando 15 activos...
[2026-06-15 22:31:45] (Hilo: ACCIONES) Patrullando 91 activos...
[2026-06-15 22:31:45] (Hilo: ACCIONES) [🎯 ALINEACIÓN] ADBEm | Tendencia H1: DOWN | RSI M1: 70.75 -> SELL
[2026-06-15 22:31:45] (Hilo: ACCIONES) [COOLDOWN MANUAL] ADBEm en cuarentena anti-spam.
[2026-06-15 22:31:45] (Hilo: ACCIONES) [🎯 ALINEACIÓN] AMGNm | Tendencia H1: UP | RSI M1: 25.57 -> BUY
[2026-06-15 22:31:45] (Hilo: ACCIONES) [COOLDOWN MANUAL] AMGNm en cuarentena anti-spam.
[2026-06-15 22:31:45] (Hilo: ACCIONES) [🎯 ALINEACIÓN] CMCSAm | Tendencia H1: DOWN | RSI M1: 76.92 -> SELL
[2026-06-15 22:31:45] (Hilo: ACCIONES) [COOLDOWN MANUAL] CMCSAm en cuarentena anti-spam.
[2026-06-15 22:31:45] (Hilo: ACCIONES) [🎯 ALINEACIÓN] JNJm | Tendencia H1: UP | RSI M1: 10.64 -> BUY
[2026-06-15 22:31:45] (Hilo: ACCIONES) [COOLDOWN MANUAL] JNJm en cuarentena anti-spam.
[2026-06-15 22:31:45] (Hilo: ACCIONES) [🎯 ALINEACIÓN] JPMm | Tendencia H1: UP | RSI M1: 28.81 -> BUY
[2026-06-15 22:31:45] (Hilo: ACCIONES) [COOLDOWN MANUAL] JPMm en cuarentena anti-spam.
[2026-06-15 22:31:45] (Hilo: ACCIONES) [🎯 ALINEACIÓN] LINm | Tendencia H1: UP | RSI M1: 27.91 -> BUY
[2026-06-15 22:31:45] (Hilo: ACCIONES) [COOLDOWN MANUAL] LINm en cuarentena anti-spam.
[2026-06-15 22:31:45] (Hilo: ACCIONES) [🎯 ALINEACIÓN] MCDm | Tendencia H1: UP | RSI M1: 28.07 -> BUY
[2026-06-15 22:31:45] (Hilo: ACCIONES) [COOLDOWN MANUAL] MCDm en cuarentena anti-spam.
[2026-06-15 22:31:45] (Hilo: ACCIONES) [🎯 ALINEACIÓN] MMMm | Tendencia H1: UP | RSI M1: 8.89 -> BUY
[2026-06-15 22:31:45] (Hilo: ACCIONES) [COOLDOWN MANUAL] MMMm en cuarentena anti-spam.
[2026-06-15 22:31:45] (Hilo: ACCIONES) [🎯 ALINEACIÓN] MSFTm | Tendencia H1: DOWN | RSI M1: 95.51 -> SELL
[2026-06-15 22:31:45] (Hilo: ACCIONES) [COOLDOWN MANUAL] MSFTm en cuarentena anti-spam.
[2026-06-15 22:31:45] (Hilo: ACCIONES) [🎯 ALINEACIÓN] NFLXm | Tendencia H1: DOWN | RSI M1: 71.43 -> SELL
[2026-06-15 22:31:45] (Hilo: ACCIONES) [COOLDOWN MANUAL] NFLXm en cuarentena anti-spam.
[2026-06-15 22:31:45] (Hilo: ACCIONES) [🎯 ALINEACIÓN] PGm | Tendencia H1: UP | RSI M1: 24.32 -> BUY
[2026-06-15 22:31:45] (Hilo: ACCIONES) [COOLDOWN MANUAL] PGm en cuarentena anti-spam.
[2026-06-15 22:31:45] (Hilo: ACCIONES) [🎯 ALINEACIÓN] SBUXm | Tendencia H1: UP | RSI M1: 18.37 -> BUY
[2026-06-15 22:31:45] (Hilo: ACCIONES) [COOLDOWN MANUAL] SBUXm en cuarentena anti-spam.
[2026-06-15 22:31:45] (Hilo: ACCIONES) [🎯 ALINEACIÓN] VRTXm | Tendencia H1: UP | RSI M1: 26.01 -> BUY
[2026-06-15 22:31:45] (Hilo: ACCIONES) [COOLDOWN MANUAL] VRTXm en cuarentena anti-spam.
[2026-06-15 22:31:58] (Hilo: CRIPTO) Patrullando 2 activos...
[2026-06-15 22:31:58] (Hilo: ENERGIA) Patrullando 3 activos...
[2026-06-15 22:31:58] (Hilo: FOREX) Patrullando 7 activos...
[2026-06-15 22:31:58] (Hilo: FOREX) [🎯 ALINEACIÓN] NZDUSDm | Tendencia H1: DOWN | RSI M1: 70.00 -> SELL
[2026-06-15 22:31:58] (Hilo: FOREX) [COOLDOWN] NZDUSDm bloqueado. Operación reciente detectada.
[2026-06-15 22:31:59] (Hilo: INDICES) Patrullando 14 activos...
[2026-06-15 22:31:59] (Hilo: METALES) Patrullando 15 activos...
[2026-06-15 22:32:00] (Hilo: ACCIONES) Patrullando 91 activos...
[2026-06-15 22:32:00] (Hilo: ACCIONES) [🎯 ALINEACIÓN] ADBEm | Tendencia H1: DOWN | RSI M1: 70.75 -> SELL
[2026-06-15 22:32:00] (Hilo: ACCIONES) [COOLDOWN MANUAL] ADBEm en cuarentena anti-spam.
[2026-06-15 22:32:00] (Hilo: ACCIONES) [🎯 ALINEACIÓN] AMGNm | Tendencia H1: UP | RSI M1: 25.57 -> BUY
[2026-06-15 22:32:00] (Hilo: ACCIONES) [COOLDOWN MANUAL] AMGNm en cuarentena anti-spam.
[2026-06-15 22:32:00] (Hilo: ACCIONES) [🎯 ALINEACIÓN] CMCSAm | Tendencia H1: DOWN | RSI M1: 76.92 -> SELL
[2026-06-15 22:32:00] (Hilo: ACCIONES) [COOLDOWN MANUAL] CMCSAm en cuarentena anti-spam.
[2026-06-15 22:32:00] (Hilo: ACCIONES) [🎯 ALINEACIÓN] JNJm | Tendencia H1: UP | RSI M1: 10.64 -> BUY
[2026-06-15 22:32:00] (Hilo: ACCIONES) [COOLDOWN MANUAL] JNJm en cuarentena anti-spam.
[2026-06-15 22:32:00] (Hilo: ACCIONES) [🎯 ALINEACIÓN] JPMm | Tendencia H1: UP | RSI M1: 28.81 -> BUY
[2026-06-15 22:32:00] (Hilo: ACCIONES) [COOLDOWN MANUAL] JPMm en cuarentena anti-spam.
[2026-06-15 22:32:00] (Hilo: ACCIONES) [🎯 ALINEACIÓN] LINm | Tendencia H1: UP | RSI M1: 27.91 -> BUY
[2026-06-15 22:32:00] (Hilo: ACCIONES) [COOLDOWN MANUAL] LINm en cuarentena anti-spam.
[2026-06-15 22:32:00] (Hilo: ACCIONES) [🎯 ALINEACIÓN] MCDm | Tendencia H1: UP | RSI M1: 28.07 -> BUY
[2026-06-15 22:32:00] (Hilo: ACCIONES) [COOLDOWN MANUAL] MCDm en cuarentena anti-spam.
[2026-06-15 22:32:00] (Hilo: ACCIONES) [🎯 ALINEACIÓN] MMMm | Tendencia H1: UP | RSI M1: 8.89 -> BUY
[2026-06-15 22:32:00] (Hilo: ACCIONES) [COOLDOWN MANUAL] MMMm en cuarentena anti-spam.
[2026-06-15 22:32:00] (Hilo: ACCIONES) [🎯 ALINEACIÓN] MSFTm | Tendencia H1: DOWN | RSI M1: 95.51 -> SELL
[2026-06-15 22:32:00] (Hilo: ACCIONES) [COOLDOWN MANUAL] MSFTm en cuarentena anti-spam.
[2026-06-15 22:32:00] (Hilo: ACCIONES) [🎯 ALINEACIÓN] NFLXm | Tendencia H1: DOWN | RSI M1: 71.43 -> SELL
[2026-06-15 22:32:00] (Hilo: ACCIONES) [COOLDOWN MANUAL] NFLXm en cuarentena anti-spam.
[2026-06-15 22:32:01] (Hilo: ACCIONES) [🎯 ALINEACIÓN] PGm | Tendencia H1: UP | RSI M1: 24.32 -> BUY
[2026-06-15 22:32:01] (Hilo: ACCIONES) [COOLDOWN MANUAL] PGm en cuarentena anti-spam.
[2026-06-15 22:32:01] (Hilo: ACCIONES) [🎯 ALINEACIÓN] SBUXm | Tendencia H1: UP | RSI M1: 18.37 -> BUY
[2026-06-15 22:32:01] (Hilo: ACCIONES) [COOLDOWN MANUAL] SBUXm en cuarentena anti-spam.
[2026-06-15 22:32:01] (Hilo: ACCIONES) [🎯 ALINEACIÓN] VRTXm | Tendencia H1: UP | RSI M1: 26.01 -> BUY
[2026-06-15 22:32:01] (Hilo: ACCIONES) [COOLDOWN MANUAL] VRTXm en cuarentena anti-spam.
[2026-06-15 22:32:13] (Hilo: CRIPTO) Patrullando 2 activos...
[2026-06-15 22:32:13] (Hilo: ENERGIA) Patrullando 3 activos...
[2026-06-15 22:32:13] (Hilo: FOREX) Patrullando 7 activos...
[2026-06-15 22:32:14] (Hilo: INDICES) Patrullando 14 activos...
[2026-06-15 22:32:14] (Hilo: METALES) Patrullando 15 activos...
[2026-06-15 22:32:16] (Hilo: ACCIONES) Patrullando 91 activos...
[2026-06-15 22:32:16] (Hilo: ACCIONES) [🎯 ALINEACIÓN] ADBEm | Tendencia H1: DOWN | RSI M1: 70.75 -> SELL
[2026-06-15 22:32:16] (Hilo: ACCIONES) [COOLDOWN MANUAL] ADBEm en cuarentena anti-spam.
[2026-06-15 22:32:16] (Hilo: ACCIONES) [🎯 ALINEACIÓN] AMGNm | Tendencia H1: UP | RSI M1: 25.57 -> BUY
[2026-06-15 22:32:16] (Hilo: ACCIONES) [COOLDOWN MANUAL] AMGNm en cuarentena anti-spam.
[2026-06-15 22:32:16] (Hilo: ACCIONES) [🎯 ALINEACIÓN] CMCSAm | Tendencia H1: DOWN | RSI M1: 76.92 -> SELL
[2026-06-15 22:32:16] (Hilo: ACCIONES) [COOLDOWN MANUAL] CMCSAm en cuarentena anti-spam.
[2026-06-15 22:32:16] (Hilo: ACCIONES) [🎯 ALINEACIÓN] JNJm | Tendencia H1: UP | RSI M1: 10.64 -> BUY
[2026-06-15 22:32:16] (Hilo: ACCIONES) [COOLDOWN MANUAL] JNJm en cuarentena anti-spam.
[2026-06-15 22:32:16] (Hilo: ACCIONES) [🎯 ALINEACIÓN] JPMm | Tendencia H1: UP | RSI M1: 28.81 -> BUY
[2026-06-15 22:32:16] (Hilo: ACCIONES) [COOLDOWN MANUAL] JPMm en cuarentena anti-spam.
[2026-06-15 22:32:16] (Hilo: ACCIONES) [🎯 ALINEACIÓN] LINm | Tendencia H1: UP | RSI M1: 27.91 -> BUY
[2026-06-15 22:32:16] (Hilo: ACCIONES) [COOLDOWN MANUAL] LINm en cuarentena anti-spam.
[2026-06-15 22:32:16] (Hilo: ACCIONES) [🎯 ALINEACIÓN] MCDm | Tendencia H1: UP | RSI M1: 28.07 -> BUY
[2026-06-15 22:32:16] (Hilo: ACCIONES) [COOLDOWN MANUAL] MCDm en cuarentena anti-spam.
[2026-06-15 22:32:16] (Hilo: ACCIONES) [🎯 ALINEACIÓN] MMMm | Tendencia H1: UP | RSI M1: 8.89 -> BUY
[2026-06-15 22:32:16] (Hilo: ACCIONES) [COOLDOWN MANUAL] MMMm en cuarentena anti-spam.
[2026-06-15 22:32:16] (Hilo: ACCIONES) [🎯 ALINEACIÓN] MSFTm | Tendencia H1: DOWN | RSI M1: 95.51 -> SELL
[2026-06-15 22:32:16] (Hilo: ACCIONES) [COOLDOWN MANUAL] MSFTm en cuarentena anti-spam.
[2026-06-15 22:32:16] (Hilo: ACCIONES) [🎯 ALINEACIÓN] NFLXm | Tendencia H1: DOWN | RSI M1: 71.43 -> SELL
[2026-06-15 22:32:16] (Hilo: ACCIONES) [COOLDOWN MANUAL] NFLXm en cuarentena anti-spam.
[2026-06-15 22:32:16] (Hilo: ACCIONES) [🎯 ALINEACIÓN] PGm | Tendencia H1: UP | RSI M1: 24.32 -> BUY
[2026-06-15 22:32:16] (Hilo: ACCIONES) [COOLDOWN MANUAL] PGm en cuarentena anti-spam.
[2026-06-15 22:32:16] (Hilo: ACCIONES) [🎯 ALINEACIÓN] SBUXm | Tendencia H1: UP | RSI M1: 18.37 -> BUY
[2026-06-15 22:32:16] (Hilo: ACCIONES) [COOLDOWN MANUAL] SBUXm en cuarentena anti-spam.
[2026-06-15 22:32:16] (Hilo: ACCIONES) [🎯 ALINEACIÓN] VRTXm | Tendencia H1: UP | RSI M1: 26.01 -> BUY
[2026-06-15 22:32:16] (Hilo: ACCIONES) [COOLDOWN MANUAL] VRTXm en cuarentena anti-spam.
[2026-06-15 22:32:28] (Hilo: CRIPTO) Patrullando 2 activos...
[2026-06-15 22:32:28] (Hilo: ENERGIA) Patrullando 3 activos...
[2026-06-15 22:32:28] (Hilo: FOREX) Patrullando 7 activos...
[2026-06-15 22:32:29] (Hilo: INDICES) Patrullando 14 activos...
[2026-06-15 22:32:29] (Hilo: METALES) Patrullando 15 activos...
[2026-06-15 22:32:31] (Hilo: ACCIONES) Patrullando 91 activos...
[2026-06-15 22:32:31] (Hilo: ACCIONES) [🎯 ALINEACIÓN] ADBEm | Tendencia H1: DOWN | RSI M1: 70.75 -> SELL
[2026-06-15 22:32:31] (Hilo: ACCIONES) [COOLDOWN MANUAL] ADBEm en cuarentena anti-spam.
[2026-06-15 22:32:31] (Hilo: ACCIONES) [🎯 ALINEACIÓN] AMGNm | Tendencia H1: UP | RSI M1: 25.57 -> BUY
[2026-06-15 22:32:31] (Hilo: ACCIONES) [COOLDOWN MANUAL] AMGNm en cuarentena anti-spam.
[2026-06-15 22:32:31] (Hilo: ACCIONES) [🎯 ALINEACIÓN] CMCSAm | Tendencia H1: DOWN | RSI M1: 76.92 -> SELL
[2026-06-15 22:32:31] (Hilo: ACCIONES) [COOLDOWN MANUAL] CMCSAm en cuarentena anti-spam.
[2026-06-15 22:32:31] (Hilo: ACCIONES) [🎯 ALINEACIÓN] JNJm | Tendencia H1: UP | RSI M1: 10.64 -> BUY
[2026-06-15 22:32:31] (Hilo: ACCIONES) [COOLDOWN MANUAL] JNJm en cuarentena anti-spam.
[2026-06-15 22:32:31] (Hilo: ACCIONES) [🎯 ALINEACIÓN] JPMm | Tendencia H1: UP | RSI M1: 28.81 -> BUY
[2026-06-15 22:32:31] (Hilo: ACCIONES) [COOLDOWN MANUAL] JPMm en cuarentena anti-spam.
[2026-06-15 22:32:31] (Hilo: ACCIONES) [🎯 ALINEACIÓN] LINm | Tendencia H1: UP | RSI M1: 27.91 -> BUY
[2026-06-15 22:32:31] (Hilo: ACCIONES) [COOLDOWN MANUAL] LINm en cuarentena anti-spam.
[2026-06-15 22:32:31] (Hilo: ACCIONES) [🎯 ALINEACIÓN] MCDm | Tendencia H1: UP | RSI M1: 28.07 -> BUY
[2026-06-15 22:32:31] (Hilo: ACCIONES) [COOLDOWN MANUAL] MCDm en cuarentena anti-spam.
[2026-06-15 22:32:31] (Hilo: ACCIONES) [🎯 ALINEACIÓN] MMMm | Tendencia H1: UP | RSI M1: 8.89 -> BUY
[2026-06-15 22:32:31] (Hilo: ACCIONES) [COOLDOWN MANUAL] MMMm en cuarentena anti-spam.
[2026-06-15 22:32:31] (Hilo: ACCIONES) [🎯 ALINEACIÓN] MSFTm | Tendencia H1: DOWN | RSI M1: 95.51 -> SELL
[2026-06-15 22:32:31] (Hilo: ACCIONES) [COOLDOWN MANUAL] MSFTm en cuarentena anti-spam.
[2026-06-15 22:32:31] (Hilo: ACCIONES) [🎯 ALINEACIÓN] NFLXm | Tendencia H1: DOWN | RSI M1: 71.43 -> SELL
[2026-06-15 22:32:31] (Hilo: ACCIONES) [COOLDOWN MANUAL] NFLXm en cuarentena anti-spam.
[2026-06-15 22:32:31] (Hilo: ACCIONES) [🎯 ALINEACIÓN] PGm | Tendencia H1: UP | RSI M1: 24.32 -> BUY
[2026-06-15 22:32:31] (Hilo: ACCIONES) [COOLDOWN MANUAL] PGm en cuarentena anti-spam.
[2026-06-15 22:32:31] (Hilo: ACCIONES) [🎯 ALINEACIÓN] SBUXm | Tendencia H1: UP | RSI M1: 18.37 -> BUY
[2026-06-15 22:32:31] (Hilo: ACCIONES) [COOLDOWN MANUAL] SBUXm en cuarentena anti-spam.
[2026-06-15 22:32:31] (Hilo: ACCIONES) [🎯 ALINEACIÓN] VRTXm | Tendencia H1: UP | RSI M1: 26.01 -> BUY
[2026-06-15 22:32:31] (Hilo: ACCIONES) [COOLDOWN MANUAL] VRTXm en cuarentena anti-spam.
[2026-06-15 22:32:43] (Hilo: CRIPTO) Patrullando 2 activos...
[2026-06-15 22:32:43] (Hilo: ENERGIA) Patrullando 3 activos...
[2026-06-15 22:32:44] (Hilo: FOREX) Patrullando 7 activos...
[2026-06-15 22:32:44] (Hilo: INDICES) Patrullando 14 activos...
[2026-06-15 22:32:44] (Hilo: METALES) Patrullando 15 activos...
[2026-06-15 22:32:46] (Hilo: ACCIONES) Patrullando 91 activos...
[2026-06-15 22:32:46] (Hilo: ACCIONES) [🎯 ALINEACIÓN] ADBEm | Tendencia H1: DOWN | RSI M1: 70.75 -> SELL
[2026-06-15 22:32:46] (Hilo: ACCIONES) [COOLDOWN MANUAL] ADBEm en cuarentena anti-spam.
[2026-06-15 22:32:46] (Hilo: ACCIONES) [🎯 ALINEACIÓN] AMGNm | Tendencia H1: UP | RSI M1: 25.57 -> BUY
[2026-06-15 22:32:46] (Hilo: ACCIONES) [COOLDOWN MANUAL] AMGNm en cuarentena anti-spam.
[2026-06-15 22:32:46] (Hilo: ACCIONES) [🎯 ALINEACIÓN] CMCSAm | Tendencia H1: DOWN | RSI M1: 76.92 -> SELL
[2026-06-15 22:32:46] (Hilo: ACCIONES) [COOLDOWN MANUAL] CMCSAm en cuarentena anti-spam.
[2026-06-15 22:32:46] (Hilo: ACCIONES) [🎯 ALINEACIÓN] JNJm | Tendencia H1: UP | RSI M1: 10.64 -> BUY
[2026-06-15 22:32:46] (Hilo: ACCIONES) [COOLDOWN MANUAL] JNJm en cuarentena anti-spam.
[2026-06-15 22:32:46] (Hilo: ACCIONES) [🎯 ALINEACIÓN] JPMm | Tendencia H1: UP | RSI M1: 28.81 -> BUY
[2026-06-15 22:32:46] (Hilo: ACCIONES) [COOLDOWN MANUAL] JPMm en cuarentena anti-spam.
[2026-06-15 22:32:46] (Hilo: ACCIONES) [🎯 ALINEACIÓN] LINm | Tendencia H1: UP | RSI M1: 27.91 -> BUY
[2026-06-15 22:32:46] (Hilo: ACCIONES) [COOLDOWN MANUAL] LINm en cuarentena anti-spam.
[2026-06-15 22:32:46] (Hilo: ACCIONES) [🎯 ALINEACIÓN] MCDm | Tendencia H1: UP | RSI M1: 28.07 -> BUY
[2026-06-15 22:32:46] (Hilo: ACCIONES) [COOLDOWN MANUAL] MCDm en cuarentena anti-spam.
[2026-06-15 22:32:46] (Hilo: ACCIONES) [🎯 ALINEACIÓN] MMMm | Tendencia H1: UP | RSI M1: 8.89 -> BUY
[2026-06-15 22:32:46] (Hilo: ACCIONES) [COOLDOWN MANUAL] MMMm en cuarentena anti-spam.
[2026-06-15 22:32:46] (Hilo: ACCIONES) [🎯 ALINEACIÓN] MSFTm | Tendencia H1: DOWN | RSI M1: 95.51 -> SELL
[2026-06-15 22:32:46] (Hilo: ACCIONES) [COOLDOWN MANUAL] MSFTm en cuarentena anti-spam.
[2026-06-15 22:32:46] (Hilo: ACCIONES) [🎯 ALINEACIÓN] NFLXm | Tendencia H1: DOWN | RSI M1: 71.43 -> SELL
[2026-06-15 22:32:46] (Hilo: ACCIONES) [COOLDOWN MANUAL] NFLXm en cuarentena anti-spam.
[2026-06-15 22:32:46] (Hilo: ACCIONES) [🎯 ALINEACIÓN] PGm | Tendencia H1: UP | RSI M1: 24.32 -> BUY
[2026-06-15 22:32:46] (Hilo: ACCIONES) [COOLDOWN MANUAL] PGm en cuarentena anti-spam.
[2026-06-15 22:32:46] (Hilo: ACCIONES) [🎯 ALINEACIÓN] SBUXm | Tendencia H1: UP | RSI M1: 18.37 -> BUY
[2026-06-15 22:32:46] (Hilo: ACCIONES) [COOLDOWN MANUAL] SBUXm en cuarentena anti-spam.
[2026-06-15 22:32:46] (Hilo: ACCIONES) [🎯 ALINEACIÓN] VRTXm | Tendencia H1: UP | RSI M1: 26.01 -> BUY
[2026-06-15 22:32:46] (Hilo: ACCIONES) [COOLDOWN MANUAL] VRTXm en cuarentena anti-spam.
[2026-06-15 22:32:58] (Hilo: CRIPTO) Patrullando 2 activos...
[2026-06-15 22:32:58] (Hilo: ENERGIA) Patrullando 3 activos...
[2026-06-15 22:32:59] (Hilo: FOREX) Patrullando 7 activos...
[2026-06-15 22:32:59] (Hilo: INDICES) Patrullando 14 activos...
[2026-06-15 22:32:59] (Hilo: METALES) Patrullando 15 activos...
[2026-06-15 22:33:01] (Hilo: ACCIONES) Patrullando 91 activos...
[2026-06-15 22:33:01] (Hilo: ACCIONES) [🎯 ALINEACIÓN] ADBEm | Tendencia H1: DOWN | RSI M1: 70.75 -> SELL
[2026-06-15 22:33:01] (Hilo: ACCIONES) [COOLDOWN MANUAL] ADBEm en cuarentena anti-spam.
[2026-06-15 22:33:01] (Hilo: ACCIONES) [🎯 ALINEACIÓN] AMGNm | Tendencia H1: UP | RSI M1: 25.57 -> BUY
[2026-06-15 22:33:01] (Hilo: ACCIONES) [COOLDOWN MANUAL] AMGNm en cuarentena anti-spam.
[2026-06-15 22:33:01] (Hilo: ACCIONES) [🎯 ALINEACIÓN] CMCSAm | Tendencia H1: DOWN | RSI M1: 76.92 -> SELL
[2026-06-15 22:33:01] (Hilo: ACCIONES) [COOLDOWN MANUAL] CMCSAm en cuarentena anti-spam.
[2026-06-15 22:33:02] (Hilo: ACCIONES) [🎯 ALINEACIÓN] JNJm | Tendencia H1: UP | RSI M1: 10.64 -> BUY
[2026-06-15 22:33:02] (Hilo: ACCIONES) [COOLDOWN MANUAL] JNJm en cuarentena anti-spam.
[2026-06-15 22:33:02] (Hilo: ACCIONES) [🎯 ALINEACIÓN] JPMm | Tendencia H1: UP | RSI M1: 28.81 -> BUY
[2026-06-15 22:33:02] (Hilo: ACCIONES) [COOLDOWN MANUAL] JPMm en cuarentena anti-spam.
[2026-06-15 22:33:02] (Hilo: ACCIONES) [🎯 ALINEACIÓN] LINm | Tendencia H1: UP | RSI M1: 27.91 -> BUY
[2026-06-15 22:33:02] (Hilo: ACCIONES) [COOLDOWN MANUAL] LINm en cuarentena anti-spam.
[2026-06-15 22:33:02] (Hilo: ACCIONES) [🎯 ALINEACIÓN] MCDm | Tendencia H1: UP | RSI M1: 28.07 -> BUY
[2026-06-15 22:33:02] (Hilo: ACCIONES) [COOLDOWN MANUAL] MCDm en cuarentena anti-spam.
[2026-06-15 22:33:02] (Hilo: ACCIONES) [🎯 ALINEACIÓN] MMMm | Tendencia H1: UP | RSI M1: 8.89 -> BUY
[2026-06-15 22:33:02] (Hilo: ACCIONES) [COOLDOWN MANUAL] MMMm en cuarentena anti-spam.
[2026-06-15 22:33:02] (Hilo: ACCIONES) [🎯 ALINEACIÓN] MSFTm | Tendencia H1: DOWN | RSI M1: 95.51 -> SELL
[2026-06-15 22:33:02] (Hilo: ACCIONES) [COOLDOWN MANUAL] MSFTm en cuarentena anti-spam.
[2026-06-15 22:33:02] (Hilo: ACCIONES) [🎯 ALINEACIÓN] NFLXm | Tendencia H1: DOWN | RSI M1: 71.43 -> SELL
[2026-06-15 22:33:02] (Hilo: ACCIONES) [COOLDOWN MANUAL] NFLXm en cuarentena anti-spam.
[2026-06-15 22:33:02] (Hilo: ACCIONES) [🎯 ALINEACIÓN] PGm | Tendencia H1: UP | RSI M1: 24.32 -> BUY
[2026-06-15 22:33:02] (Hilo: ACCIONES) [COOLDOWN MANUAL] PGm en cuarentena anti-spam.
[2026-06-15 22:33:02] (Hilo: ACCIONES) [🎯 ALINEACIÓN] SBUXm | Tendencia H1: UP | RSI M1: 18.37 -> BUY
[2026-06-15 22:33:02] (Hilo: ACCIONES) [COOLDOWN MANUAL] SBUXm en cuarentena anti-spam.
[2026-06-15 22:33:02] (Hilo: ACCIONES) [🎯 ALINEACIÓN] VRTXm | Tendencia H1: UP | RSI M1: 26.01 -> BUY
[2026-06-15 22:33:02] (Hilo: ACCIONES) [COOLDOWN MANUAL] VRTXm en cuarentena anti-spam.
[2026-06-15 22:33:13] (Hilo: CRIPTO) Patrullando 2 activos...
[2026-06-15 22:33:13] (Hilo: ENERGIA) Patrullando 3 activos...
[2026-06-15 22:33:14] (Hilo: FOREX) Patrullando 7 activos...
[2026-06-15 22:33:14] (Hilo: INDICES) Patrullando 14 activos...
[2026-06-15 22:33:14] (Hilo: METALES) Patrullando 15 activos...
[2026-06-15 22:33:17] (Hilo: ACCIONES) Patrullando 91 activos...
[2026-06-15 22:33:17] (Hilo: ACCIONES) [🎯 ALINEACIÓN] ADBEm | Tendencia H1: DOWN | RSI M1: 70.75 -> SELL
[2026-06-15 22:33:17] (Hilo: ACCIONES) [COOLDOWN MANUAL] ADBEm en cuarentena anti-spam.
[2026-06-15 22:33:17] (Hilo: ACCIONES) [🎯 ALINEACIÓN] AMGNm | Tendencia H1: UP | RSI M1: 25.57 -> BUY
[2026-06-15 22:33:17] (Hilo: ACCIONES) [COOLDOWN MANUAL] AMGNm en cuarentena anti-spam.
[2026-06-15 22:33:17] (Hilo: ACCIONES) [🎯 ALINEACIÓN] CMCSAm | Tendencia H1: DOWN | RSI M1: 76.92 -> SELL
[2026-06-15 22:33:17] (Hilo: ACCIONES) [COOLDOWN MANUAL] CMCSAm en cuarentena anti-spam.
[2026-06-15 22:33:17] (Hilo: ACCIONES) [🎯 ALINEACIÓN] JNJm | Tendencia H1: UP | RSI M1: 10.64 -> BUY
[2026-06-15 22:33:17] (Hilo: ACCIONES) [COOLDOWN MANUAL] JNJm en cuarentena anti-spam.
[2026-06-15 22:33:17] (Hilo: ACCIONES) [🎯 ALINEACIÓN] JPMm | Tendencia H1: UP | RSI M1: 28.81 -> BUY
[2026-06-15 22:33:17] (Hilo: ACCIONES) [COOLDOWN MANUAL] JPMm en cuarentena anti-spam.
[2026-06-15 22:33:17] (Hilo: ACCIONES) [🎯 ALINEACIÓN] LINm | Tendencia H1: UP | RSI M1: 27.91 -> BUY
[2026-06-15 22:33:17] (Hilo: ACCIONES) [COOLDOWN MANUAL] LINm en cuarentena anti-spam.
[2026-06-15 22:33:17] (Hilo: ACCIONES) [🎯 ALINEACIÓN] MCDm | Tendencia H1: UP | RSI M1: 28.07 -> BUY
[2026-06-15 22:33:17] (Hilo: ACCIONES) [COOLDOWN MANUAL] MCDm en cuarentena anti-spam.
[2026-06-15 22:33:17] (Hilo: ACCIONES) [🎯 ALINEACIÓN] MMMm | Tendencia H1: UP | RSI M1: 8.89 -> BUY
[2026-06-15 22:33:17] (Hilo: ACCIONES) [COOLDOWN MANUAL] MMMm en cuarentena anti-spam.
[2026-06-15 22:33:17] (Hilo: ACCIONES) [🎯 ALINEACIÓN] MSFTm | Tendencia H1: DOWN | RSI M1: 95.51 -> SELL
[2026-06-15 22:33:17] (Hilo: ACCIONES) [COOLDOWN MANUAL] MSFTm en cuarentena anti-spam.
[2026-06-15 22:33:17] (Hilo: ACCIONES) [🎯 ALINEACIÓN] NFLXm | Tendencia H1: DOWN | RSI M1: 71.43 -> SELL
[2026-06-15 22:33:17] (Hilo: ACCIONES) [COOLDOWN MANUAL] NFLXm en cuarentena anti-spam.
[2026-06-15 22:33:17] (Hilo: ACCIONES) [🎯 ALINEACIÓN] PGm | Tendencia H1: UP | RSI M1: 24.32 -> BUY
[2026-06-15 22:33:17] (Hilo: ACCIONES) [COOLDOWN MANUAL] PGm en cuarentena anti-spam.
[2026-06-15 22:33:17] (Hilo: ACCIONES) [🎯 ALINEACIÓN] SBUXm | Tendencia H1: UP | RSI M1: 18.37 -> BUY
[2026-06-15 22:33:17] (Hilo: ACCIONES) [COOLDOWN MANUAL] SBUXm en cuarentena anti-spam.
[2026-06-15 22:33:17] (Hilo: ACCIONES) [🎯 ALINEACIÓN] VRTXm | Tendencia H1: UP | RSI M1: 26.01 -> BUY
[2026-06-15 22:33:17] (Hilo: ACCIONES) [COOLDOWN MANUAL] VRTXm en cuarentena anti-spam.
[2026-06-15 22:33:28] (Hilo: CRIPTO) Patrullando 2 activos...
[2026-06-15 22:33:28] (Hilo: ENERGIA) Patrullando 3 activos...
[2026-06-15 22:33:29] (Hilo: FOREX) Patrullando 7 activos...
[2026-06-15 22:33:29] (Hilo: INDICES) Patrullando 14 activos...
[2026-06-15 22:33:29] (Hilo: METALES) Patrullando 15 activos...
[2026-06-15 22:33:32] (Hilo: ACCIONES) Patrullando 91 activos...
[2026-06-15 22:33:32] (Hilo: ACCIONES) [🎯 ALINEACIÓN] ADBEm | Tendencia H1: DOWN | RSI M1: 70.75 -> SELL
[2026-06-15 22:33:32] (Hilo: ACCIONES) [COOLDOWN MANUAL] ADBEm en cuarentena anti-spam.
[2026-06-15 22:33:32] (Hilo: ACCIONES) [🎯 ALINEACIÓN] AMGNm | Tendencia H1: UP | RSI M1: 25.57 -> BUY
[2026-06-15 22:33:32] (Hilo: ACCIONES) [COOLDOWN MANUAL] AMGNm en cuarentena anti-spam.
[2026-06-15 22:33:32] (Hilo: ACCIONES) [🎯 ALINEACIÓN] CMCSAm | Tendencia H1: DOWN | RSI M1: 76.92 -> SELL
[2026-06-15 22:33:32] (Hilo: ACCIONES) [COOLDOWN MANUAL] CMCSAm en cuarentena anti-spam.
[2026-06-15 22:33:32] (Hilo: ACCIONES) [🎯 ALINEACIÓN] JNJm | Tendencia H1: UP | RSI M1: 10.64 -> BUY
[2026-06-15 22:33:32] (Hilo: ACCIONES) [COOLDOWN MANUAL] JNJm en cuarentena anti-spam.
[2026-06-15 22:33:32] (Hilo: ACCIONES) [🎯 ALINEACIÓN] JPMm | Tendencia H1: UP | RSI M1: 28.81 -> BUY
[2026-06-15 22:33:32] (Hilo: ACCIONES) [COOLDOWN MANUAL] JPMm en cuarentena anti-spam.
[2026-06-15 22:33:32] (Hilo: ACCIONES) [🎯 ALINEACIÓN] LINm | Tendencia H1: UP | RSI M1: 27.91 -> BUY
[2026-06-15 22:33:32] (Hilo: ACCIONES) [COOLDOWN MANUAL] LINm en cuarentena anti-spam.
[2026-06-15 22:33:32] (Hilo: ACCIONES) [🎯 ALINEACIÓN] MCDm | Tendencia H1: UP | RSI M1: 28.07 -> BUY
[2026-06-15 22:33:32] (Hilo: ACCIONES) [COOLDOWN MANUAL] MCDm en cuarentena anti-spam.
[2026-06-15 22:33:32] (Hilo: ACCIONES) [🎯 ALINEACIÓN] MMMm | Tendencia H1: UP | RSI M1: 8.89 -> BUY
[2026-06-15 22:33:32] (Hilo: ACCIONES) [COOLDOWN MANUAL] MMMm en cuarentena anti-spam.
[2026-06-15 22:33:32] (Hilo: ACCIONES) [🎯 ALINEACIÓN] MSFTm | Tendencia H1: DOWN | RSI M1: 95.51 -> SELL
[2026-06-15 22:33:32] (Hilo: ACCIONES) [COOLDOWN MANUAL] MSFTm en cuarentena anti-spam.
[2026-06-15 22:33:32] (Hilo: ACCIONES) [🎯 ALINEACIÓN] NFLXm | Tendencia H1: DOWN | RSI M1: 71.43 -> SELL
[2026-06-15 22:33:32] (Hilo: ACCIONES) [COOLDOWN MANUAL] NFLXm en cuarentena anti-spam.
[2026-06-15 22:33:32] (Hilo: ACCIONES) [🎯 ALINEACIÓN] PGm | Tendencia H1: UP | RSI M1: 24.32 -> BUY
[2026-06-15 22:33:32] (Hilo: ACCIONES) [COOLDOWN MANUAL] PGm en cuarentena anti-spam.
[2026-06-15 22:33:32] (Hilo: ACCIONES) [🎯 ALINEACIÓN] SBUXm | Tendencia H1: UP | RSI M1: 18.37 -> BUY
[2026-06-15 22:33:32] (Hilo: ACCIONES) [COOLDOWN MANUAL] SBUXm en cuarentena anti-spam.
[2026-06-15 22:33:32] (Hilo: ACCIONES) [🎯 ALINEACIÓN] VRTXm | Tendencia H1: UP | RSI M1: 26.01 -> BUY
[2026-06-15 22:33:32] (Hilo: ACCIONES) [COOLDOWN MANUAL] VRTXm en cuarentena anti-spam.
[2026-06-15 22:33:43] (Hilo: CRIPTO) Patrullando 2 activos...
[2026-06-15 22:33:43] (Hilo: ENERGIA) Patrullando 3 activos...
[2026-06-15 22:33:44] (Hilo: FOREX) Patrullando 7 activos...
[2026-06-15 22:33:44] (Hilo: INDICES) Patrullando 14 activos...
[2026-06-15 22:33:44] (Hilo: METALES) Patrullando 15 activos...
[2026-06-15 22:33:47] (Hilo: ACCIONES) Patrullando 91 activos...
[2026-06-15 22:33:47] (Hilo: ACCIONES) [🎯 ALINEACIÓN] ADBEm | Tendencia H1: DOWN | RSI M1: 70.75 -> SELL
[2026-06-15 22:33:47] (Hilo: ACCIONES) [COOLDOWN MANUAL] ADBEm en cuarentena anti-spam.
[2026-06-15 22:33:47] (Hilo: ACCIONES) [🎯 ALINEACIÓN] AMGNm | Tendencia H1: UP | RSI M1: 25.57 -> BUY
[2026-06-15 22:33:47] (Hilo: ACCIONES) [COOLDOWN MANUAL] AMGNm en cuarentena anti-spam.
[2026-06-15 22:33:47] (Hilo: ACCIONES) [🎯 ALINEACIÓN] CMCSAm | Tendencia H1: DOWN | RSI M1: 76.92 -> SELL
[2026-06-15 22:33:47] (Hilo: ACCIONES) [COOLDOWN MANUAL] CMCSAm en cuarentena anti-spam.
[2026-06-15 22:33:47] (Hilo: ACCIONES) [🎯 ALINEACIÓN] JNJm | Tendencia H1: UP | RSI M1: 10.64 -> BUY
[2026-06-15 22:33:47] (Hilo: ACCIONES) [COOLDOWN MANUAL] JNJm en cuarentena anti-spam.
[2026-06-15 22:33:47] (Hilo: ACCIONES) [🎯 ALINEACIÓN] JPMm | Tendencia H1: UP | RSI M1: 28.81 -> BUY
[2026-06-15 22:33:47] (Hilo: ACCIONES) [COOLDOWN MANUAL] JPMm en cuarentena anti-spam.
[2026-06-15 22:33:47] (Hilo: ACCIONES) [🎯 ALINEACIÓN] LINm | Tendencia H1: UP | RSI M1: 27.91 -> BUY
[2026-06-15 22:33:47] (Hilo: ACCIONES) [COOLDOWN MANUAL] LINm en cuarentena anti-spam.
[2026-06-15 22:33:47] (Hilo: ACCIONES) [🎯 ALINEACIÓN] MCDm | Tendencia H1: UP | RSI M1: 28.07 -> BUY
[2026-06-15 22:33:47] (Hilo: ACCIONES) [COOLDOWN MANUAL] MCDm en cuarentena anti-spam.
[2026-06-15 22:33:47] (Hilo: ACCIONES) [🎯 ALINEACIÓN] MMMm | Tendencia H1: UP | RSI M1: 8.89 -> BUY
[2026-06-15 22:33:47] (Hilo: ACCIONES) [COOLDOWN MANUAL] MMMm en cuarentena anti-spam.
[2026-06-15 22:33:47] (Hilo: ACCIONES) [🎯 ALINEACIÓN] MSFTm | Tendencia H1: DOWN | RSI M1: 95.51 -> SELL
[2026-06-15 22:33:47] (Hilo: ACCIONES) [COOLDOWN MANUAL] MSFTm en cuarentena anti-spam.
[2026-06-15 22:33:47] (Hilo: ACCIONES) [🎯 ALINEACIÓN] NFLXm | Tendencia H1: DOWN | RSI M1: 71.43 -> SELL
[2026-06-15 22:33:47] (Hilo: ACCIONES) [COOLDOWN MANUAL] NFLXm en cuarentena anti-spam.
[2026-06-15 22:33:47] (Hilo: ACCIONES) [🎯 ALINEACIÓN] PGm | Tendencia H1: UP | RSI M1: 24.32 -> BUY
[2026-06-15 22:33:47] (Hilo: ACCIONES) [COOLDOWN MANUAL] PGm en cuarentena anti-spam.
[2026-06-15 22:33:47] (Hilo: ACCIONES) [🎯 ALINEACIÓN] SBUXm | Tendencia H1: UP | RSI M1: 18.37 -> BUY
[2026-06-15 22:33:47] (Hilo: ACCIONES) [COOLDOWN MANUAL] SBUXm en cuarentena anti-spam.
[2026-06-15 22:33:47] (Hilo: ACCIONES) [🎯 ALINEACIÓN] VRTXm | Tendencia H1: UP | RSI M1: 26.01 -> BUY
[2026-06-15 22:33:47] (Hilo: ACCIONES) [COOLDOWN MANUAL] VRTXm en cuarentena anti-spam.
[2026-06-15 22:33:58] (Hilo: CRIPTO) Patrullando 2 activos...
[2026-06-15 22:33:58] (Hilo: ENERGIA) Patrullando 3 activos...
[2026-06-15 22:33:59] (Hilo: FOREX) Patrullando 7 activos...
[2026-06-15 22:33:59] (Hilo: INDICES) Patrullando 14 activos...
[2026-06-15 22:33:59] (Hilo: METALES) Patrullando 15 activos...
[2026-06-15 22:34:02] (Hilo: ACCIONES) Patrullando 91 activos...
[2026-06-15 22:34:02] (Hilo: ACCIONES) [🎯 ALINEACIÓN] ADBEm | Tendencia H1: DOWN | RSI M1: 70.75 -> SELL
[2026-06-15 22:34:02] (Hilo: ACCIONES) [COOLDOWN MANUAL] ADBEm en cuarentena anti-spam.
[2026-06-15 22:34:02] (Hilo: ACCIONES) [🎯 ALINEACIÓN] AMGNm | Tendencia H1: UP | RSI M1: 25.57 -> BUY
[2026-06-15 22:34:02] (Hilo: ACCIONES) [COOLDOWN MANUAL] AMGNm en cuarentena anti-spam.
[2026-06-15 22:34:02] (Hilo: ACCIONES) [🎯 ALINEACIÓN] CMCSAm | Tendencia H1: DOWN | RSI M1: 76.92 -> SELL
[2026-06-15 22:34:02] (Hilo: ACCIONES) [COOLDOWN MANUAL] CMCSAm en cuarentena anti-spam.
[2026-06-15 22:34:02] (Hilo: ACCIONES) [🎯 ALINEACIÓN] JNJm | Tendencia H1: UP | RSI M1: 10.64 -> BUY
[2026-06-15 22:34:02] (Hilo: ACCIONES) [COOLDOWN MANUAL] JNJm en cuarentena anti-spam.
[2026-06-15 22:34:02] (Hilo: ACCIONES) [🎯 ALINEACIÓN] JPMm | Tendencia H1: UP | RSI M1: 28.81 -> BUY
[2026-06-15 22:34:02] (Hilo: ACCIONES) [COOLDOWN MANUAL] JPMm en cuarentena anti-spam.
[2026-06-15 22:34:02] (Hilo: ACCIONES) [🎯 ALINEACIÓN] LINm | Tendencia H1: UP | RSI M1: 27.91 -> BUY
[2026-06-15 22:34:02] (Hilo: ACCIONES) [COOLDOWN MANUAL] LINm en cuarentena anti-spam.
[2026-06-15 22:34:02] (Hilo: ACCIONES) [🎯 ALINEACIÓN] MCDm | Tendencia H1: UP | RSI M1: 28.07 -> BUY
[2026-06-15 22:34:02] (Hilo: ACCIONES) [COOLDOWN MANUAL] MCDm en cuarentena anti-spam.
[2026-06-15 22:34:02] (Hilo: ACCIONES) [🎯 ALINEACIÓN] MMMm | Tendencia H1: UP | RSI M1: 8.89 -> BUY
[2026-06-15 22:34:02] (Hilo: ACCIONES) [COOLDOWN MANUAL] MMMm en cuarentena anti-spam.
[2026-06-15 22:34:02] (Hilo: ACCIONES) [🎯 ALINEACIÓN] MSFTm | Tendencia H1: DOWN | RSI M1: 95.51 -> SELL
[2026-06-15 22:34:02] (Hilo: ACCIONES) [COOLDOWN MANUAL] MSFTm en cuarentena anti-spam.
[2026-06-15 22:34:02] (Hilo: ACCIONES) [🎯 ALINEACIÓN] NFLXm | Tendencia H1: DOWN | RSI M1: 71.43 -> SELL
[2026-06-15 22:34:02] (Hilo: ACCIONES) [COOLDOWN MANUAL] NFLXm en cuarentena anti-spam.
[2026-06-15 22:34:02] (Hilo: ACCIONES) [🎯 ALINEACIÓN] PGm | Tendencia H1: UP | RSI M1: 24.32 -> BUY
[2026-06-15 22:34:02] (Hilo: ACCIONES) [COOLDOWN MANUAL] PGm en cuarentena anti-spam.
[2026-06-15 22:34:02] (Hilo: ACCIONES) [🎯 ALINEACIÓN] SBUXm | Tendencia H1: UP | RSI M1: 18.37 -> BUY
[2026-06-15 22:34:02] (Hilo: ACCIONES) [COOLDOWN MANUAL] SBUXm en cuarentena anti-spam.
[2026-06-15 22:34:02] (Hilo: ACCIONES) [🎯 ALINEACIÓN] VRTXm | Tendencia H1: UP | RSI M1: 26.01 -> BUY
[2026-06-15 22:34:02] (Hilo: ACCIONES) [COOLDOWN MANUAL] VRTXm en cuarentena anti-spam.
[2026-06-15 22:34:13] (Hilo: CRIPTO) Patrullando 2 activos...
[2026-06-15 22:34:13] (Hilo: ENERGIA) Patrullando 3 activos...
[2026-06-15 22:34:14] (Hilo: FOREX) Patrullando 7 activos...
[2026-06-15 22:34:14] (Hilo: INDICES) Patrullando 14 activos...
[2026-06-15 22:34:14] (Hilo: METALES) Patrullando 15 activos...
[2026-06-15 22:34:17] (Hilo: ACCIONES) Patrullando 91 activos...
[2026-06-15 22:34:17] (Hilo: ACCIONES) [🎯 ALINEACIÓN] ADBEm | Tendencia H1: DOWN | RSI M1: 70.75 -> SELL
[2026-06-15 22:34:17] (Hilo: ACCIONES) [COOLDOWN MANUAL] ADBEm en cuarentena anti-spam.
[2026-06-15 22:34:17] (Hilo: ACCIONES) [🎯 ALINEACIÓN] AMGNm | Tendencia H1: UP | RSI M1: 25.57 -> BUY
[2026-06-15 22:34:17] (Hilo: ACCIONES) [COOLDOWN MANUAL] AMGNm en cuarentena anti-spam.
[2026-06-15 22:34:17] (Hilo: ACCIONES) [🎯 ALINEACIÓN] CMCSAm | Tendencia H1: DOWN | RSI M1: 76.92 -> SELL
[2026-06-15 22:34:17] (Hilo: ACCIONES) [COOLDOWN MANUAL] CMCSAm en cuarentena anti-spam.
[2026-06-15 22:34:17] (Hilo: ACCIONES) [🎯 ALINEACIÓN] JNJm | Tendencia H1: UP | RSI M1: 10.64 -> BUY
[2026-06-15 22:34:17] (Hilo: ACCIONES) [COOLDOWN MANUAL] JNJm en cuarentena anti-spam.
[2026-06-15 22:34:17] (Hilo: ACCIONES) [🎯 ALINEACIÓN] JPMm | Tendencia H1: UP | RSI M1: 28.81 -> BUY
[2026-06-15 22:34:17] (Hilo: ACCIONES) [COOLDOWN MANUAL] JPMm en cuarentena anti-spam.
[2026-06-15 22:34:17] (Hilo: ACCIONES) [🎯 ALINEACIÓN] LINm | Tendencia H1: UP | RSI M1: 27.91 -> BUY
[2026-06-15 22:34:17] (Hilo: ACCIONES) [COOLDOWN MANUAL] LINm en cuarentena anti-spam.
[2026-06-15 22:34:17] (Hilo: ACCIONES) [🎯 ALINEACIÓN] MCDm | Tendencia H1: UP | RSI M1: 28.07 -> BUY
[2026-06-15 22:34:17] (Hilo: ACCIONES) [COOLDOWN MANUAL] MCDm en cuarentena anti-spam.
[2026-06-15 22:34:17] (Hilo: ACCIONES) [🎯 ALINEACIÓN] MMMm | Tendencia H1: UP | RSI M1: 8.89 -> BUY
[2026-06-15 22:34:17] (Hilo: ACCIONES) [COOLDOWN MANUAL] MMMm en cuarentena anti-spam.
[2026-06-15 22:34:18] (Hilo: ACCIONES) [🎯 ALINEACIÓN] MSFTm | Tendencia H1: DOWN | RSI M1: 95.51 -> SELL
[2026-06-15 22:34:18] (Hilo: ACCIONES) [COOLDOWN MANUAL] MSFTm en cuarentena anti-spam.
[2026-06-15 22:34:18] (Hilo: ACCIONES) [🎯 ALINEACIÓN] NFLXm | Tendencia H1: DOWN | RSI M1: 71.43 -> SELL
[2026-06-15 22:34:18] (Hilo: ACCIONES) [COOLDOWN MANUAL] NFLXm en cuarentena anti-spam.
[2026-06-15 22:34:18] (Hilo: ACCIONES) [🎯 ALINEACIÓN] PGm | Tendencia H1: UP | RSI M1: 24.32 -> BUY
[2026-06-15 22:34:18] (Hilo: ACCIONES) [COOLDOWN MANUAL] PGm en cuarentena anti-spam.
[2026-06-15 22:34:18] (Hilo: ACCIONES) [🎯 ALINEACIÓN] SBUXm | Tendencia H1: UP | RSI M1: 18.37 -> BUY
[2026-06-15 22:34:18] (Hilo: ACCIONES) [COOLDOWN MANUAL] SBUXm en cuarentena anti-spam.
[2026-06-15 22:34:18] (Hilo: ACCIONES) [🎯 ALINEACIÓN] VRTXm | Tendencia H1: UP | RSI M1: 26.01 -> BUY
[2026-06-15 22:34:18] (Hilo: ACCIONES) [COOLDOWN MANUAL] VRTXm en cuarentena anti-spam.
[2026-06-15 22:34:28] (Hilo: CRIPTO) Patrullando 2 activos...
[2026-06-15 22:34:28] (Hilo: ENERGIA) Patrullando 3 activos...
[2026-06-15 22:34:29] (Hilo: FOREX) Patrullando 7 activos...
[2026-06-15 22:34:29] (Hilo: INDICES) Patrullando 14 activos...
[2026-06-15 22:34:29] (Hilo: METALES) Patrullando 15 activos...
[2026-06-15 22:34:33] (Hilo: ACCIONES) Patrullando 91 activos...
[2026-06-15 22:34:33] (Hilo: ACCIONES) [🎯 ALINEACIÓN] ADBEm | Tendencia H1: DOWN | RSI M1: 70.75 -> SELL
[2026-06-15 22:34:33] (Hilo: ACCIONES) [COOLDOWN MANUAL] ADBEm en cuarentena anti-spam.
[2026-06-15 22:34:33] (Hilo: ACCIONES) [🎯 ALINEACIÓN] AMGNm | Tendencia H1: UP | RSI M1: 25.57 -> BUY
[2026-06-15 22:34:33] (Hilo: ACCIONES) [COOLDOWN MANUAL] AMGNm en cuarentena anti-spam.
[2026-06-15 22:34:33] (Hilo: ACCIONES) [🎯 ALINEACIÓN] CMCSAm | Tendencia H1: DOWN | RSI M1: 76.92 -> SELL
[2026-06-15 22:34:33] (Hilo: ACCIONES) [COOLDOWN MANUAL] CMCSAm en cuarentena anti-spam.
[2026-06-15 22:34:33] (Hilo: ACCIONES) [🎯 ALINEACIÓN] JNJm | Tendencia H1: UP | RSI M1: 10.64 -> BUY
[2026-06-15 22:34:33] (Hilo: ACCIONES) [COOLDOWN MANUAL] JNJm en cuarentena anti-spam.
[2026-06-15 22:34:33] (Hilo: ACCIONES) [🎯 ALINEACIÓN] JPMm | Tendencia H1: UP | RSI M1: 28.81 -> BUY
[2026-06-15 22:34:33] (Hilo: ACCIONES) [COOLDOWN MANUAL] JPMm en cuarentena anti-spam.
[2026-06-15 22:34:33] (Hilo: ACCIONES) [🎯 ALINEACIÓN] LINm | Tendencia H1: UP | RSI M1: 27.91 -> BUY
[2026-06-15 22:34:33] (Hilo: ACCIONES) [COOLDOWN MANUAL] LINm en cuarentena anti-spam.
[2026-06-15 22:34:33] (Hilo: ACCIONES) [🎯 ALINEACIÓN] MCDm | Tendencia H1: UP | RSI M1: 28.07 -> BUY
[2026-06-15 22:34:33] (Hilo: ACCIONES) [COOLDOWN MANUAL] MCDm en cuarentena anti-spam.
[2026-06-15 22:34:33] (Hilo: ACCIONES) [🎯 ALINEACIÓN] MMMm | Tendencia H1: UP | RSI M1: 8.89 -> BUY
[2026-06-15 22:34:33] (Hilo: ACCIONES) [COOLDOWN MANUAL] MMMm en cuarentena anti-spam.
[2026-06-15 22:34:33] (Hilo: ACCIONES) [🎯 ALINEACIÓN] MSFTm | Tendencia H1: DOWN | RSI M1: 95.51 -> SELL
[2026-06-15 22:34:33] (Hilo: ACCIONES) [COOLDOWN MANUAL] MSFTm en cuarentena anti-spam.
[2026-06-15 22:34:33] (Hilo: ACCIONES) [🎯 ALINEACIÓN] NFLXm | Tendencia H1: DOWN | RSI M1: 71.43 -> SELL
[2026-06-15 22:34:33] (Hilo: ACCIONES) [COOLDOWN MANUAL] NFLXm en cuarentena anti-spam.
[2026-06-15 22:34:33] (Hilo: ACCIONES) [🎯 ALINEACIÓN] PGm | Tendencia H1: UP | RSI M1: 24.32 -> BUY
[2026-06-15 22:34:33] (Hilo: ACCIONES) [COOLDOWN MANUAL] PGm en cuarentena anti-spam.
[2026-06-15 22:34:33] (Hilo: ACCIONES) [🎯 ALINEACIÓN] SBUXm | Tendencia H1: UP | RSI M1: 18.37 -> BUY
[2026-06-15 22:34:33] (Hilo: ACCIONES) [COOLDOWN MANUAL] SBUXm en cuarentena anti-spam.
[2026-06-15 22:34:33] (Hilo: ACCIONES) [🎯 ALINEACIÓN] VRTXm | Tendencia H1: UP | RSI M1: 26.01 -> BUY
[2026-06-15 22:34:33] (Hilo: ACCIONES) [COOLDOWN MANUAL] VRTXm en cuarentena anti-spam.
[2026-06-15 22:34:43] (Hilo: CRIPTO) Patrullando 2 activos...
[2026-06-15 22:34:43] (Hilo: ENERGIA) Patrullando 3 activos...
[2026-06-15 22:34:44] (Hilo: FOREX) Patrullando 7 activos...
[2026-06-15 22:34:44] (Hilo: INDICES) Patrullando 14 activos...
[2026-06-15 22:34:44] (Hilo: METALES) Patrullando 15 activos...
[2026-06-15 22:34:48] (Hilo: ACCIONES) Patrullando 91 activos...
[2026-06-15 22:34:48] (Hilo: ACCIONES) [🎯 ALINEACIÓN] ADBEm | Tendencia H1: DOWN | RSI M1: 70.75 -> SELL
[2026-06-15 22:34:48] (Hilo: ACCIONES) [COOLDOWN MANUAL] ADBEm en cuarentena anti-spam.
[2026-06-15 22:34:48] (Hilo: ACCIONES) [🎯 ALINEACIÓN] AMGNm | Tendencia H1: UP | RSI M1: 25.57 -> BUY
[2026-06-15 22:34:48] (Hilo: ACCIONES) [COOLDOWN MANUAL] AMGNm en cuarentena anti-spam.
[2026-06-15 22:34:48] (Hilo: ACCIONES) [🎯 ALINEACIÓN] CMCSAm | Tendencia H1: DOWN | RSI M1: 76.92 -> SELL
[2026-06-15 22:34:48] (Hilo: ACCIONES) [COOLDOWN MANUAL] CMCSAm en cuarentena anti-spam.
[2026-06-15 22:34:48] (Hilo: ACCIONES) [🎯 ALINEACIÓN] JNJm | Tendencia H1: UP | RSI M1: 10.64 -> BUY
[2026-06-15 22:34:48] (Hilo: ACCIONES) [COOLDOWN MANUAL] JNJm en cuarentena anti-spam.
[2026-06-15 22:34:48] (Hilo: ACCIONES) [🎯 ALINEACIÓN] JPMm | Tendencia H1: UP | RSI M1: 28.81 -> BUY
[2026-06-15 22:34:48] (Hilo: ACCIONES) [COOLDOWN MANUAL] JPMm en cuarentena anti-spam.
[2026-06-15 22:34:48] (Hilo: ACCIONES) [🎯 ALINEACIÓN] LINm | Tendencia H1: UP | RSI M1: 27.91 -> BUY
[2026-06-15 22:34:48] (Hilo: ACCIONES) [COOLDOWN MANUAL] LINm en cuarentena anti-spam.
[2026-06-15 22:34:48] (Hilo: ACCIONES) [🎯 ALINEACIÓN] MCDm | Tendencia H1: UP | RSI M1: 28.07 -> BUY
[2026-06-15 22:34:48] (Hilo: ACCIONES) [COOLDOWN MANUAL] MCDm en cuarentena anti-spam.
[2026-06-15 22:34:48] (Hilo: ACCIONES) [🎯 ALINEACIÓN] MMMm | Tendencia H1: UP | RSI M1: 8.89 -> BUY
[2026-06-15 22:34:48] (Hilo: ACCIONES) [COOLDOWN MANUAL] MMMm en cuarentena anti-spam.
[2026-06-15 22:34:48] (Hilo: ACCIONES) [🎯 ALINEACIÓN] MSFTm | Tendencia H1: DOWN | RSI M1: 95.51 -> SELL
[2026-06-15 22:34:48] (Hilo: ACCIONES) [COOLDOWN MANUAL] MSFTm en cuarentena anti-spam.
[2026-06-15 22:34:48] (Hilo: ACCIONES) [🎯 ALINEACIÓN] NFLXm | Tendencia H1: DOWN | RSI M1: 71.43 -> SELL
[2026-06-15 22:34:48] (Hilo: ACCIONES) [COOLDOWN MANUAL] NFLXm en cuarentena anti-spam.
[2026-06-15 22:34:48] (Hilo: ACCIONES) [🎯 ALINEACIÓN] PGm | Tendencia H1: UP | RSI M1: 24.32 -> BUY
[2026-06-15 22:34:48] (Hilo: ACCIONES) [COOLDOWN MANUAL] PGm en cuarentena anti-spam.
[2026-06-15 22:34:48] (Hilo: ACCIONES) [🎯 ALINEACIÓN] SBUXm | Tendencia H1: UP | RSI M1: 18.37 -> BUY
[2026-06-15 22:34:48] (Hilo: ACCIONES) [COOLDOWN MANUAL] SBUXm en cuarentena anti-spam.
[2026-06-15 22:34:48] (Hilo: ACCIONES) [🎯 ALINEACIÓN] VRTXm | Tendencia H1: UP | RSI M1: 26.01 -> BUY
[2026-06-15 22:34:48] (Hilo: ACCIONES) [COOLDOWN MANUAL] VRTXm en cuarentena anti-spam.
[2026-06-15 22:34:58] (Hilo: CRIPTO) Patrullando 2 activos...
[2026-06-15 22:34:59] (Hilo: ENERGIA) Patrullando 3 activos...
[2026-06-15 22:34:59] (Hilo: FOREX) Patrullando 7 activos...
[2026-06-15 22:34:59] (Hilo: INDICES) Patrullando 14 activos...
[2026-06-15 22:34:59] (Hilo: METALES) Patrullando 15 activos...
[2026-06-15 22:35:03] (Hilo: ACCIONES) Patrullando 91 activos...
[2026-06-15 22:35:03] (Hilo: ACCIONES) [🎯 ALINEACIÓN] ADBEm | Tendencia H1: DOWN | RSI M1: 70.75 -> SELL
[2026-06-15 22:35:03] (Hilo: ACCIONES) [ADBEm] 🔥 Condiciones de disparo autorizadas. Ejecutando SELL...
[2026-06-15 22:35:03] (Hilo: ACCIONES) [ADBEm] ⚠️ Orden rechazada por el bróker (Posible mercado cerrado o error). Activando cuarentena anti-spam de 5 minutos.
[2026-06-15 22:35:03] (Hilo: ACCIONES) [🎯 ALINEACIÓN] AMGNm | Tendencia H1: UP | RSI M1: 25.57 -> BUY
[2026-06-15 22:35:03] (Hilo: ACCIONES) [AMGNm] 🔥 Condiciones de disparo autorizadas. Ejecutando BUY...
[2026-06-15 22:35:03] (Hilo: ACCIONES) [AMGNm] ⚠️ Orden rechazada por el bróker (Posible mercado cerrado o error). Activando cuarentena anti-spam de 5 minutos.
[2026-06-15 22:35:03] (Hilo: ACCIONES) [🎯 ALINEACIÓN] CMCSAm | Tendencia H1: DOWN | RSI M1: 76.92 -> SELL
[2026-06-15 22:35:03] (Hilo: ACCIONES) [CMCSAm] 🔥 Condiciones de disparo autorizadas. Ejecutando SELL...
[2026-06-15 22:35:03] (Hilo: ACCIONES) [CMCSAm] ⚠️ Orden rechazada por el bróker (Posible mercado cerrado o error). Activando cuarentena anti-spam de 5 minutos.
[2026-06-15 22:35:03] (Hilo: ACCIONES) [🎯 ALINEACIÓN] JNJm | Tendencia H1: UP | RSI M1: 10.64 -> BUY
[2026-06-15 22:35:03] (Hilo: ACCIONES) [JNJm] 🔥 Condiciones de disparo autorizadas. Ejecutando BUY...
[2026-06-15 22:35:03] (Hilo: ACCIONES) [JNJm] ⚠️ Orden rechazada por el bróker (Posible mercado cerrado o error). Activando cuarentena anti-spam de 5 minutos.
[2026-06-15 22:35:03] (Hilo: ACCIONES) [🎯 ALINEACIÓN] JPMm | Tendencia H1: UP | RSI M1: 28.81 -> BUY
[2026-06-15 22:35:03] (Hilo: ACCIONES) [JPMm] 🔥 Condiciones de disparo autorizadas. Ejecutando BUY...
[2026-06-15 22:35:03] (Hilo: ACCIONES) [JPMm] ⚠️ Orden rechazada por el bróker (Posible mercado cerrado o error). Activando cuarentena anti-spam de 5 minutos.
[2026-06-15 22:35:03] (Hilo: ACCIONES) [🎯 ALINEACIÓN] LINm | Tendencia H1: UP | RSI M1: 27.91 -> BUY
[2026-06-15 22:35:03] (Hilo: ACCIONES) [LINm] 🔥 Condiciones de disparo autorizadas. Ejecutando BUY...
[2026-06-15 22:35:03] (Hilo: ACCIONES) [LINm] ⚠️ Orden rechazada por el bróker (Posible mercado cerrado o error). Activando cuarentena anti-spam de 5 minutos.
[2026-06-15 22:35:03] (Hilo: ACCIONES) [🎯 ALINEACIÓN] MCDm | Tendencia H1: UP | RSI M1: 28.07 -> BUY
[2026-06-15 22:35:03] (Hilo: ACCIONES) [MCDm] 🔥 Condiciones de disparo autorizadas. Ejecutando BUY...
[2026-06-15 22:35:03] (Hilo: ACCIONES) [MCDm] ⚠️ Orden rechazada por el bróker (Posible mercado cerrado o error). Activando cuarentena anti-spam de 5 minutos.
[2026-06-15 22:35:03] (Hilo: ACCIONES) [🎯 ALINEACIÓN] MMMm | Tendencia H1: UP | RSI M1: 8.89 -> BUY
[2026-06-15 22:35:03] (Hilo: ACCIONES) [MMMm] 🔥 Condiciones de disparo autorizadas. Ejecutando BUY...
[2026-06-15 22:35:03] (Hilo: ACCIONES) [MMMm] ⚠️ Orden rechazada por el bróker (Posible mercado cerrado o error). Activando cuarentena anti-spam de 5 minutos.
[2026-06-15 22:35:03] (Hilo: ACCIONES) [🎯 ALINEACIÓN] MSFTm | Tendencia H1: DOWN | RSI M1: 95.51 -> SELL
[2026-06-15 22:35:03] (Hilo: ACCIONES) [MSFTm] 🔥 Condiciones de disparo autorizadas. Ejecutando SELL...
[2026-06-15 22:35:03] (Hilo: ACCIONES) [MSFTm] ⚠️ Orden rechazada por el bróker (Posible mercado cerrado o error). Activando cuarentena anti-spam de 5 minutos.
[2026-06-15 22:35:03] (Hilo: ACCIONES) [🎯 ALINEACIÓN] NFLXm | Tendencia H1: DOWN | RSI M1: 71.43 -> SELL
[2026-06-15 22:35:03] (Hilo: ACCIONES) [NFLXm] 🔥 Condiciones de disparo autorizadas. Ejecutando SELL...
[2026-06-15 22:35:03] (Hilo: ACCIONES) [NFLXm] ⚠️ Orden rechazada por el bróker (Posible mercado cerrado o error). Activando cuarentena anti-spam de 5 minutos.
[2026-06-15 22:35:03] (Hilo: ACCIONES) [🎯 ALINEACIÓN] PGm | Tendencia H1: UP | RSI M1: 24.32 -> BUY
[2026-06-15 22:35:03] (Hilo: ACCIONES) [PGm] 🔥 Condiciones de disparo autorizadas. Ejecutando BUY...
[2026-06-15 22:35:03] (Hilo: ACCIONES) [PGm] ⚠️ Orden rechazada por el bróker (Posible mercado cerrado o error). Activando cuarentena anti-spam de 5 minutos.
[2026-06-15 22:35:03] (Hilo: ACCIONES) [🎯 ALINEACIÓN] SBUXm | Tendencia H1: UP | RSI M1: 18.37 -> BUY
[2026-06-15 22:35:03] (Hilo: ACCIONES) [SBUXm] 🔥 Condiciones de disparo autorizadas. Ejecutando BUY...
[2026-06-15 22:35:03] (Hilo: ACCIONES) [SBUXm] ⚠️ Orden rechazada por el bróker (Posible mercado cerrado o error). Activando cuarentena anti-spam de 5 minutos.
[2026-06-15 22:35:04] (Hilo: ACCIONES) [🎯 ALINEACIÓN] VRTXm | Tendencia H1: UP | RSI M1: 26.01 -> BUY
[2026-06-15 22:35:04] (Hilo: ACCIONES) [VRTXm] 🔥 Condiciones de disparo autorizadas. Ejecutando BUY...
[2026-06-15 22:35:04] (Hilo: ACCIONES) [VRTXm] ⚠️ Orden rechazada por el bróker (Posible mercado cerrado o error). Activando cuarentena anti-spam de 5 minutos.
[2026-06-15 22:35:13] (Hilo: CRIPTO) Patrullando 2 activos...
[2026-06-15 22:35:14] (Hilo: ENERGIA) Patrullando 3 activos...
[2026-06-15 22:35:14] (Hilo: FOREX) Patrullando 7 activos...
[2026-06-15 22:35:14] (Hilo: INDICES) Patrullando 14 activos...
[2026-06-15 22:35:14] (Hilo: METALES) Patrullando 15 activos...
[2026-06-15 22:35:14] (Hilo: METALES) [🎯 ALINEACIÓN] XPTUSDm | Tendencia H1: DOWN | RSI M1: 79.17 -> SELL
[2026-06-15 22:35:14] (Hilo: METALES) [XPTUSDm] 🔥 Condiciones de disparo autorizadas. Ejecutando SELL...
[2026-06-15 22:35:14] (Hilo: METALES) [XPTUSDm] ⚠️ Orden rechazada por el bróker (Posible mercado cerrado o error). Activando cuarentena anti-spam de 5 minutos.
[2026-06-15 22:35:19] (Hilo: ACCIONES) Patrullando 91 activos...
[2026-06-15 22:35:19] (Hilo: ACCIONES) [🎯 ALINEACIÓN] ADBEm | Tendencia H1: DOWN | RSI M1: 70.75 -> SELL
[2026-06-15 22:35:19] (Hilo: ACCIONES) [COOLDOWN MANUAL] ADBEm en cuarentena anti-spam.
[2026-06-15 22:35:19] (Hilo: ACCIONES) [🎯 ALINEACIÓN] AMGNm | Tendencia H1: UP | RSI M1: 25.57 -> BUY
[2026-06-15 22:35:19] (Hilo: ACCIONES) [COOLDOWN MANUAL] AMGNm en cuarentena anti-spam.
[2026-06-15 22:35:19] (Hilo: ACCIONES) [🎯 ALINEACIÓN] CMCSAm | Tendencia H1: DOWN | RSI M1: 76.92 -> SELL
[2026-06-15 22:35:19] (Hilo: ACCIONES) [COOLDOWN MANUAL] CMCSAm en cuarentena anti-spam.
[2026-06-15 22:35:19] (Hilo: ACCIONES) [🎯 ALINEACIÓN] JNJm | Tendencia H1: UP | RSI M1: 10.64 -> BUY
[2026-06-15 22:35:19] (Hilo: ACCIONES) [COOLDOWN MANUAL] JNJm en cuarentena anti-spam.
[2026-06-15 22:35:19] (Hilo: ACCIONES) [🎯 ALINEACIÓN] JPMm | Tendencia H1: UP | RSI M1: 28.81 -> BUY
[2026-06-15 22:35:19] (Hilo: ACCIONES) [COOLDOWN MANUAL] JPMm en cuarentena anti-spam.
[2026-06-15 22:35:19] (Hilo: ACCIONES) [🎯 ALINEACIÓN] LINm | Tendencia H1: UP | RSI M1: 27.91 -> BUY
[2026-06-15 22:35:19] (Hilo: ACCIONES) [COOLDOWN MANUAL] LINm en cuarentena anti-spam.
[2026-06-15 22:35:19] (Hilo: ACCIONES) [🎯 ALINEACIÓN] MCDm | Tendencia H1: UP | RSI M1: 28.07 -> BUY
[2026-06-15 22:35:19] (Hilo: ACCIONES) [COOLDOWN MANUAL] MCDm en cuarentena anti-spam.
[2026-06-15 22:35:19] (Hilo: ACCIONES) [🎯 ALINEACIÓN] MMMm | Tendencia H1: UP | RSI M1: 8.89 -> BUY
[2026-06-15 22:35:19] (Hilo: ACCIONES) [COOLDOWN MANUAL] MMMm en cuarentena anti-spam.
[2026-06-15 22:35:19] (Hilo: ACCIONES) [🎯 ALINEACIÓN] MSFTm | Tendencia H1: DOWN | RSI M1: 95.51 -> SELL
[2026-06-15 22:35:19] (Hilo: ACCIONES) [COOLDOWN MANUAL] MSFTm en cuarentena anti-spam.
[2026-06-15 22:35:19] (Hilo: ACCIONES) [🎯 ALINEACIÓN] NFLXm | Tendencia H1: DOWN | RSI M1: 71.43 -> SELL
[2026-06-15 22:35:19] (Hilo: ACCIONES) [COOLDOWN MANUAL] NFLXm en cuarentena anti-spam.
[2026-06-15 22:35:19] (Hilo: ACCIONES) [🎯 ALINEACIÓN] PGm | Tendencia H1: UP | RSI M1: 24.32 -> BUY
[2026-06-15 22:35:19] (Hilo: ACCIONES) [COOLDOWN MANUAL] PGm en cuarentena anti-spam.
[2026-06-15 22:35:19] (Hilo: ACCIONES) [🎯 ALINEACIÓN] SBUXm | Tendencia H1: UP | RSI M1: 18.37 -> BUY
[2026-06-15 22:35:19] (Hilo: ACCIONES) [COOLDOWN MANUAL] SBUXm en cuarentena anti-spam.
[2026-06-15 22:35:19] (Hilo: ACCIONES) [🎯 ALINEACIÓN] VRTXm | Tendencia H1: UP | RSI M1: 26.01 -> BUY
[2026-06-15 22:35:19] (Hilo: ACCIONES) [COOLDOWN MANUAL] VRTXm en cuarentena anti-spam.
[2026-06-15 22:35:28] (Hilo: CRIPTO) Patrullando 2 activos...
[2026-06-15 22:35:29] (Hilo: ENERGIA) Patrullando 3 activos...
[2026-06-15 22:35:29] (Hilo: FOREX) Patrullando 7 activos...
[2026-06-15 22:35:29] (Hilo: INDICES) Patrullando 14 activos...
[2026-06-15 22:35:29] (Hilo: METALES) Patrullando 15 activos...
[2026-06-15 22:35:29] (Hilo: METALES) [🎯 ALINEACIÓN] XPTUSDm | Tendencia H1: DOWN | RSI M1: 84.59 -> SELL
[2026-06-15 22:35:29] (Hilo: METALES) [COOLDOWN MANUAL] XPTUSDm en cuarentena anti-spam.
[2026-06-15 22:35:34] (Hilo: ACCIONES) Patrullando 91 activos...
[2026-06-15 22:35:34] (Hilo: ACCIONES) [🎯 ALINEACIÓN] ADBEm | Tendencia H1: DOWN | RSI M1: 70.75 -> SELL
[2026-06-15 22:35:34] (Hilo: ACCIONES) [COOLDOWN MANUAL] ADBEm en cuarentena anti-spam.
[2026-06-15 22:35:34] (Hilo: ACCIONES) [🎯 ALINEACIÓN] AMGNm | Tendencia H1: UP | RSI M1: 25.57 -> BUY
[2026-06-15 22:35:34] (Hilo: ACCIONES) [COOLDOWN MANUAL] AMGNm en cuarentena anti-spam.
[2026-06-15 22:35:34] (Hilo: ACCIONES) [🎯 ALINEACIÓN] CMCSAm | Tendencia H1: DOWN | RSI M1: 76.92 -> SELL
[2026-06-15 22:35:34] (Hilo: ACCIONES) [COOLDOWN MANUAL] CMCSAm en cuarentena anti-spam.
[2026-06-15 22:35:34] (Hilo: ACCIONES) [🎯 ALINEACIÓN] JNJm | Tendencia H1: UP | RSI M1: 10.64 -> BUY
[2026-06-15 22:35:34] (Hilo: ACCIONES) [COOLDOWN MANUAL] JNJm en cuarentena anti-spam.
[2026-06-15 22:35:34] (Hilo: ACCIONES) [🎯 ALINEACIÓN] JPMm | Tendencia H1: UP | RSI M1: 28.81 -> BUY
[2026-06-15 22:35:34] (Hilo: ACCIONES) [COOLDOWN MANUAL] JPMm en cuarentena anti-spam.
[2026-06-15 22:35:34] (Hilo: ACCIONES) [🎯 ALINEACIÓN] LINm | Tendencia H1: UP | RSI M1: 27.91 -> BUY
[2026-06-15 22:35:34] (Hilo: ACCIONES) [COOLDOWN MANUAL] LINm en cuarentena anti-spam.
[2026-06-15 22:35:34] (Hilo: ACCIONES) [🎯 ALINEACIÓN] MCDm | Tendencia H1: UP | RSI M1: 28.07 -> BUY
[2026-06-15 22:35:34] (Hilo: ACCIONES) [COOLDOWN MANUAL] MCDm en cuarentena anti-spam.
[2026-06-15 22:35:34] (Hilo: ACCIONES) [🎯 ALINEACIÓN] MMMm | Tendencia H1: UP | RSI M1: 8.89 -> BUY
[2026-06-15 22:35:34] (Hilo: ACCIONES) [COOLDOWN MANUAL] MMMm en cuarentena anti-spam.
[2026-06-15 22:35:34] (Hilo: ACCIONES) [🎯 ALINEACIÓN] MSFTm | Tendencia H1: DOWN | RSI M1: 95.51 -> SELL
[2026-06-15 22:35:34] (Hilo: ACCIONES) [COOLDOWN MANUAL] MSFTm en cuarentena anti-spam.
[2026-06-15 22:35:34] (Hilo: ACCIONES) [🎯 ALINEACIÓN] NFLXm | Tendencia H1: DOWN | RSI M1: 71.43 -> SELL
[2026-06-15 22:35:34] (Hilo: ACCIONES) [COOLDOWN MANUAL] NFLXm en cuarentena anti-spam.
[2026-06-15 22:35:34] (Hilo: ACCIONES) [🎯 ALINEACIÓN] PGm | Tendencia H1: UP | RSI M1: 24.32 -> BUY
[2026-06-15 22:35:34] (Hilo: ACCIONES) [COOLDOWN MANUAL] PGm en cuarentena anti-spam.
[2026-06-15 22:35:34] (Hilo: ACCIONES) [🎯 ALINEACIÓN] SBUXm | Tendencia H1: UP | RSI M1: 18.37 -> BUY
[2026-06-15 22:35:34] (Hilo: ACCIONES) [COOLDOWN MANUAL] SBUXm en cuarentena anti-spam.
[2026-06-15 22:35:34] (Hilo: ACCIONES) [🎯 ALINEACIÓN] VRTXm | Tendencia H1: UP | RSI M1: 26.01 -> BUY
[2026-06-15 22:35:34] (Hilo: ACCIONES) [COOLDOWN MANUAL] VRTXm en cuarentena anti-spam.
[2026-06-15 22:35:43] (Hilo: CRIPTO) Patrullando 2 activos...
[2026-06-15 22:35:44] (Hilo: ENERGIA) Patrullando 3 activos...
[2026-06-15 22:35:44] (Hilo: FOREX) Patrullando 7 activos...
[2026-06-15 22:35:44] (Hilo: INDICES) Patrullando 14 activos...
[2026-06-15 22:35:44] (Hilo: METALES) Patrullando 15 activos...
[2026-06-15 22:35:44] (Hilo: METALES) [🎯 ALINEACIÓN] XPTUSDm | Tendencia H1: DOWN | RSI M1: 86.22 -> SELL
[2026-06-15 22:35:44] (Hilo: METALES) [COOLDOWN MANUAL] XPTUSDm en cuarentena anti-spam.
[2026-06-15 22:35:49] (Hilo: ACCIONES) Patrullando 91 activos...
[2026-06-15 22:35:49] (Hilo: ACCIONES) [🎯 ALINEACIÓN] ADBEm | Tendencia H1: DOWN | RSI M1: 70.75 -> SELL
[2026-06-15 22:35:49] (Hilo: ACCIONES) [COOLDOWN MANUAL] ADBEm en cuarentena anti-spam.
[2026-06-15 22:35:49] (Hilo: ACCIONES) [🎯 ALINEACIÓN] AMGNm | Tendencia H1: UP | RSI M1: 25.57 -> BUY
[2026-06-15 22:35:49] (Hilo: ACCIONES) [COOLDOWN MANUAL] AMGNm en cuarentena anti-spam.
[2026-06-15 22:35:49] (Hilo: ACCIONES) [🎯 ALINEACIÓN] CMCSAm | Tendencia H1: DOWN | RSI M1: 76.92 -> SELL
[2026-06-15 22:35:49] (Hilo: ACCIONES) [COOLDOWN MANUAL] CMCSAm en cuarentena anti-spam.
[2026-06-15 22:35:49] (Hilo: ACCIONES) [🎯 ALINEACIÓN] JNJm | Tendencia H1: UP | RSI M1: 10.64 -> BUY
[2026-06-15 22:35:49] (Hilo: ACCIONES) [COOLDOWN MANUAL] JNJm en cuarentena anti-spam.
[2026-06-15 22:35:49] (Hilo: ACCIONES) [🎯 ALINEACIÓN] JPMm | Tendencia H1: UP | RSI M1: 28.81 -> BUY
[2026-06-15 22:35:49] (Hilo: ACCIONES) [COOLDOWN MANUAL] JPMm en cuarentena anti-spam.
[2026-06-15 22:35:49] (Hilo: ACCIONES) [🎯 ALINEACIÓN] LINm | Tendencia H1: UP | RSI M1: 27.91 -> BUY
[2026-06-15 22:35:49] (Hilo: ACCIONES) [COOLDOWN MANUAL] LINm en cuarentena anti-spam.
[2026-06-15 22:35:49] (Hilo: ACCIONES) [🎯 ALINEACIÓN] MCDm | Tendencia H1: UP | RSI M1: 28.07 -> BUY
[2026-06-15 22:35:49] (Hilo: ACCIONES) [COOLDOWN MANUAL] MCDm en cuarentena anti-spam.
[2026-06-15 22:35:49] (Hilo: ACCIONES) [🎯 ALINEACIÓN] MMMm | Tendencia H1: UP | RSI M1: 8.89 -> BUY
[2026-06-15 22:35:49] (Hilo: ACCIONES) [COOLDOWN MANUAL] MMMm en cuarentena anti-spam.
[2026-06-15 22:35:49] (Hilo: ACCIONES) [🎯 ALINEACIÓN] MSFTm | Tendencia H1: DOWN | RSI M1: 95.51 -> SELL
[2026-06-15 22:35:49] (Hilo: ACCIONES) [COOLDOWN MANUAL] MSFTm en cuarentena anti-spam.
[2026-06-15 22:35:49] (Hilo: ACCIONES) [🎯 ALINEACIÓN] NFLXm | Tendencia H1: DOWN | RSI M1: 71.43 -> SELL
[2026-06-15 22:35:49] (Hilo: ACCIONES) [COOLDOWN MANUAL] NFLXm en cuarentena anti-spam.
[2026-06-15 22:35:49] (Hilo: ACCIONES) [🎯 ALINEACIÓN] PGm | Tendencia H1: UP | RSI M1: 24.32 -> BUY
[2026-06-15 22:35:49] (Hilo: ACCIONES) [COOLDOWN MANUAL] PGm en cuarentena anti-spam.
[2026-06-15 22:35:49] (Hilo: ACCIONES) [🎯 ALINEACIÓN] SBUXm | Tendencia H1: UP | RSI M1: 18.37 -> BUY
[2026-06-15 22:35:49] (Hilo: ACCIONES) [COOLDOWN MANUAL] SBUXm en cuarentena anti-spam.
[2026-06-15 22:35:49] (Hilo: ACCIONES) [🎯 ALINEACIÓN] VRTXm | Tendencia H1: UP | RSI M1: 26.01 -> BUY
[2026-06-15 22:35:49] (Hilo: ACCIONES) [COOLDOWN MANUAL] VRTXm en cuarentena anti-spam.
[2026-06-15 22:35:58] (Hilo: CRIPTO) Patrullando 2 activos...
[2026-06-15 22:35:59] (Hilo: ENERGIA) Patrullando 3 activos...
[2026-06-15 22:35:59] (Hilo: FOREX) Patrullando 7 activos...
[2026-06-15 22:35:59] (Hilo: INDICES) Patrullando 14 activos...
[2026-06-15 22:35:59] (Hilo: METALES) Patrullando 15 activos...
[2026-06-15 22:35:59] (Hilo: METALES) [🎯 ALINEACIÓN] XPTUSDm | Tendencia H1: DOWN | RSI M1: 86.75 -> SELL
[2026-06-15 22:36:00] (Hilo: METALES) [COOLDOWN MANUAL] XPTUSDm en cuarentena anti-spam.
[2026-06-15 22:36:05] (Hilo: ACCIONES) Patrullando 91 activos...
[2026-06-15 22:36:05] (Hilo: ACCIONES) [🎯 ALINEACIÓN] ADBEm | Tendencia H1: DOWN | RSI M1: 70.75 -> SELL
[2026-06-15 22:36:05] (Hilo: ACCIONES) [COOLDOWN MANUAL] ADBEm en cuarentena anti-spam.
[2026-06-15 22:36:05] (Hilo: ACCIONES) [🎯 ALINEACIÓN] AMGNm | Tendencia H1: UP | RSI M1: 25.57 -> BUY
[2026-06-15 22:36:05] (Hilo: ACCIONES) [COOLDOWN MANUAL] AMGNm en cuarentena anti-spam.
[2026-06-15 22:36:05] (Hilo: ACCIONES) [🎯 ALINEACIÓN] CMCSAm | Tendencia H1: DOWN | RSI M1: 76.92 -> SELL
[2026-06-15 22:36:05] (Hilo: ACCIONES) [COOLDOWN MANUAL] CMCSAm en cuarentena anti-spam.
[2026-06-15 22:36:05] (Hilo: ACCIONES) [🎯 ALINEACIÓN] JNJm | Tendencia H1: UP | RSI M1: 10.64 -> BUY
[2026-06-15 22:36:05] (Hilo: ACCIONES) [COOLDOWN MANUAL] JNJm en cuarentena anti-spam.
[2026-06-15 22:36:05] (Hilo: ACCIONES) [🎯 ALINEACIÓN] JPMm | Tendencia H1: UP | RSI M1: 28.81 -> BUY
[2026-06-15 22:36:05] (Hilo: ACCIONES) [COOLDOWN MANUAL] JPMm en cuarentena anti-spam.
[2026-06-15 22:36:05] (Hilo: ACCIONES) [🎯 ALINEACIÓN] LINm | Tendencia H1: UP | RSI M1: 27.91 -> BUY
[2026-06-15 22:36:05] (Hilo: ACCIONES) [COOLDOWN MANUAL] LINm en cuarentena anti-spam.
[2026-06-15 22:36:05] (Hilo: ACCIONES) [🎯 ALINEACIÓN] MCDm | Tendencia H1: UP | RSI M1: 28.07 -> BUY
[2026-06-15 22:36:05] (Hilo: ACCIONES) [COOLDOWN MANUAL] MCDm en cuarentena anti-spam.
[2026-06-15 22:36:05] (Hilo: ACCIONES) [🎯 ALINEACIÓN] MMMm | Tendencia H1: UP | RSI M1: 8.89 -> BUY
[2026-06-15 22:36:05] (Hilo: ACCIONES) [COOLDOWN MANUAL] MMMm en cuarentena anti-spam.
[2026-06-15 22:36:05] (Hilo: ACCIONES) [🎯 ALINEACIÓN] MSFTm | Tendencia H1: DOWN | RSI M1: 95.51 -> SELL
[2026-06-15 22:36:05] (Hilo: ACCIONES) [COOLDOWN MANUAL] MSFTm en cuarentena anti-spam.
[2026-06-15 22:36:05] (Hilo: ACCIONES) [🎯 ALINEACIÓN] NFLXm | Tendencia H1: DOWN | RSI M1: 71.43 -> SELL
[2026-06-15 22:36:05] (Hilo: ACCIONES) [COOLDOWN MANUAL] NFLXm en cuarentena anti-spam.
[2026-06-15 22:36:05] (Hilo: ACCIONES) [🎯 ALINEACIÓN] PGm | Tendencia H1: UP | RSI M1: 24.32 -> BUY
[2026-06-15 22:36:05] (Hilo: ACCIONES) [COOLDOWN MANUAL] PGm en cuarentena anti-spam.
[2026-06-15 22:36:05] (Hilo: ACCIONES) [🎯 ALINEACIÓN] SBUXm | Tendencia H1: UP | RSI M1: 18.37 -> BUY
[2026-06-15 22:36:05] (Hilo: ACCIONES) [COOLDOWN MANUAL] SBUXm en cuarentena anti-spam.
[2026-06-15 22:36:05] (Hilo: ACCIONES) [🎯 ALINEACIÓN] VRTXm | Tendencia H1: UP | RSI M1: 26.01 -> BUY
[2026-06-15 22:36:05] (Hilo: ACCIONES) [COOLDOWN MANUAL] VRTXm en cuarentena anti-spam.
[2026-06-15 22:36:14] (Hilo: CRIPTO) Patrullando 2 activos...
[2026-06-15 22:36:14] (Hilo: ENERGIA) Patrullando 3 activos...
[2026-06-15 22:36:14] (Hilo: FOREX) Patrullando 7 activos...
[2026-06-15 22:36:14] (Hilo: INDICES) Patrullando 14 activos...
[2026-06-15 22:36:15] (Hilo: METALES) Patrullando 15 activos...
[2026-06-15 22:36:15] (Hilo: METALES) [🎯 ALINEACIÓN] XPTUSDm | Tendencia H1: DOWN | RSI M1: 86.67 -> SELL
[2026-06-15 22:36:15] (Hilo: METALES) [COOLDOWN MANUAL] XPTUSDm en cuarentena anti-spam.
[2026-06-15 22:36:20] (Hilo: ACCIONES) Patrullando 91 activos...
[2026-06-15 22:36:20] (Hilo: ACCIONES) [🎯 ALINEACIÓN] ADBEm | Tendencia H1: DOWN | RSI M1: 70.75 -> SELL
[2026-06-15 22:36:20] (Hilo: ACCIONES) [COOLDOWN MANUAL] ADBEm en cuarentena anti-spam.
[2026-06-15 22:36:20] (Hilo: ACCIONES) [🎯 ALINEACIÓN] AMGNm | Tendencia H1: UP | RSI M1: 25.57 -> BUY
[2026-06-15 22:36:20] (Hilo: ACCIONES) [COOLDOWN MANUAL] AMGNm en cuarentena anti-spam.
[2026-06-15 22:36:20] (Hilo: ACCIONES) [🎯 ALINEACIÓN] CMCSAm | Tendencia H1: DOWN | RSI M1: 76.92 -> SELL
[2026-06-15 22:36:20] (Hilo: ACCIONES) [COOLDOWN MANUAL] CMCSAm en cuarentena anti-spam.
[2026-06-15 22:36:20] (Hilo: ACCIONES) [🎯 ALINEACIÓN] JNJm | Tendencia H1: UP | RSI M1: 10.64 -> BUY
[2026-06-15 22:36:20] (Hilo: ACCIONES) [COOLDOWN MANUAL] JNJm en cuarentena anti-spam.
[2026-06-15 22:36:20] (Hilo: ACCIONES) [🎯 ALINEACIÓN] JPMm | Tendencia H1: UP | RSI M1: 28.81 -> BUY
[2026-06-15 22:36:20] (Hilo: ACCIONES) [COOLDOWN MANUAL] JPMm en cuarentena anti-spam.
[2026-06-15 22:36:20] (Hilo: ACCIONES) [🎯 ALINEACIÓN] LINm | Tendencia H1: UP | RSI M1: 27.91 -> BUY
[2026-06-15 22:36:20] (Hilo: ACCIONES) [COOLDOWN MANUAL] LINm en cuarentena anti-spam.
[2026-06-15 22:36:20] (Hilo: ACCIONES) [🎯 ALINEACIÓN] MCDm | Tendencia H1: UP | RSI M1: 28.07 -> BUY
[2026-06-15 22:36:20] (Hilo: ACCIONES) [COOLDOWN MANUAL] MCDm en cuarentena anti-spam.
[2026-06-15 22:36:20] (Hilo: ACCIONES) [🎯 ALINEACIÓN] MMMm | Tendencia H1: UP | RSI M1: 8.89 -> BUY
[2026-06-15 22:36:20] (Hilo: ACCIONES) [COOLDOWN MANUAL] MMMm en cuarentena anti-spam.
[2026-06-15 22:36:20] (Hilo: ACCIONES) [🎯 ALINEACIÓN] MSFTm | Tendencia H1: DOWN | RSI M1: 95.51 -> SELL
[2026-06-15 22:36:20] (Hilo: ACCIONES) [COOLDOWN MANUAL] MSFTm en cuarentena anti-spam.
[2026-06-15 22:36:20] (Hilo: ACCIONES) [🎯 ALINEACIÓN] NFLXm | Tendencia H1: DOWN | RSI M1: 71.43 -> SELL
[2026-06-15 22:36:20] (Hilo: ACCIONES) [COOLDOWN MANUAL] NFLXm en cuarentena anti-spam.
[2026-06-15 22:36:20] (Hilo: ACCIONES) [🎯 ALINEACIÓN] PGm | Tendencia H1: UP | RSI M1: 24.32 -> BUY
[2026-06-15 22:36:20] (Hilo: ACCIONES) [COOLDOWN MANUAL] PGm en cuarentena anti-spam.
[2026-06-15 22:36:20] (Hilo: ACCIONES) [🎯 ALINEACIÓN] SBUXm | Tendencia H1: UP | RSI M1: 18.37 -> BUY
[2026-06-15 22:36:20] (Hilo: ACCIONES) [COOLDOWN MANUAL] SBUXm en cuarentena anti-spam.
[2026-06-15 22:36:20] (Hilo: ACCIONES) [🎯 ALINEACIÓN] VRTXm | Tendencia H1: UP | RSI M1: 26.01 -> BUY
[2026-06-15 22:36:20] (Hilo: ACCIONES) [COOLDOWN MANUAL] VRTXm en cuarentena anti-spam.
[2026-06-15 22:36:29] (Hilo: CRIPTO) Patrullando 2 activos...
[2026-06-15 22:36:29] (Hilo: ENERGIA) Patrullando 3 activos...
[2026-06-15 22:36:29] (Hilo: FOREX) Patrullando 7 activos...
[2026-06-15 22:36:29] (Hilo: INDICES) Patrullando 14 activos...
[2026-06-15 22:36:30] (Hilo: METALES) Patrullando 15 activos...
[2026-06-15 22:36:30] (Hilo: METALES) [🎯 ALINEACIÓN] XPTUSDm | Tendencia H1: DOWN | RSI M1: 87.32 -> SELL
[2026-06-15 22:36:30] (Hilo: METALES) [COOLDOWN MANUAL] XPTUSDm en cuarentena anti-spam.
[2026-06-15 22:36:35] (Hilo: ACCIONES) Patrullando 91 activos...
[2026-06-15 22:36:35] (Hilo: ACCIONES) [🎯 ALINEACIÓN] ADBEm | Tendencia H1: DOWN | RSI M1: 70.75 -> SELL
[2026-06-15 22:36:35] (Hilo: ACCIONES) [COOLDOWN MANUAL] ADBEm en cuarentena anti-spam.
[2026-06-15 22:36:35] (Hilo: ACCIONES) [🎯 ALINEACIÓN] AMGNm | Tendencia H1: UP | RSI M1: 25.57 -> BUY
[2026-06-15 22:36:35] (Hilo: ACCIONES) [COOLDOWN MANUAL] AMGNm en cuarentena anti-spam.
[2026-06-15 22:36:35] (Hilo: ACCIONES) [🎯 ALINEACIÓN] CMCSAm | Tendencia H1: DOWN | RSI M1: 76.92 -> SELL
[2026-06-15 22:36:35] (Hilo: ACCIONES) [COOLDOWN MANUAL] CMCSAm en cuarentena anti-spam.
[2026-06-15 22:36:35] (Hilo: ACCIONES) [🎯 ALINEACIÓN] JNJm | Tendencia H1: UP | RSI M1: 10.64 -> BUY
[2026-06-15 22:36:35] (Hilo: ACCIONES) [COOLDOWN MANUAL] JNJm en cuarentena anti-spam.
[2026-06-15 22:36:35] (Hilo: ACCIONES) [🎯 ALINEACIÓN] JPMm | Tendencia H1: UP | RSI M1: 28.81 -> BUY
[2026-06-15 22:36:35] (Hilo: ACCIONES) [COOLDOWN MANUAL] JPMm en cuarentena anti-spam.
[2026-06-15 22:36:35] (Hilo: ACCIONES) [🎯 ALINEACIÓN] LINm | Tendencia H1: UP | RSI M1: 27.91 -> BUY
[2026-06-15 22:36:35] (Hilo: ACCIONES) [COOLDOWN MANUAL] LINm en cuarentena anti-spam.
[2026-06-15 22:36:35] (Hilo: ACCIONES) [🎯 ALINEACIÓN] MCDm | Tendencia H1: UP | RSI M1: 28.07 -> BUY
[2026-06-15 22:36:35] (Hilo: ACCIONES) [COOLDOWN MANUAL] MCDm en cuarentena anti-spam.
[2026-06-15 22:36:35] (Hilo: ACCIONES) [🎯 ALINEACIÓN] MMMm | Tendencia H1: UP | RSI M1: 8.89 -> BUY
[2026-06-15 22:36:35] (Hilo: ACCIONES) [COOLDOWN MANUAL] MMMm en cuarentena anti-spam.
[2026-06-15 22:36:35] (Hilo: ACCIONES) [🎯 ALINEACIÓN] MSFTm | Tendencia H1: DOWN | RSI M1: 95.51 -> SELL
[2026-06-15 22:36:35] (Hilo: ACCIONES) [COOLDOWN MANUAL] MSFTm en cuarentena anti-spam.
[2026-06-15 22:36:35] (Hilo: ACCIONES) [🎯 ALINEACIÓN] NFLXm | Tendencia H1: DOWN | RSI M1: 71.43 -> SELL
[2026-06-15 22:36:35] (Hilo: ACCIONES) [COOLDOWN MANUAL] NFLXm en cuarentena anti-spam.
[2026-06-15 22:36:35] (Hilo: ACCIONES) [🎯 ALINEACIÓN] PGm | Tendencia H1: UP | RSI M1: 24.32 -> BUY
[2026-06-15 22:36:35] (Hilo: ACCIONES) [COOLDOWN MANUAL] PGm en cuarentena anti-spam.
[2026-06-15 22:36:35] (Hilo: ACCIONES) [🎯 ALINEACIÓN] SBUXm | Tendencia H1: UP | RSI M1: 18.37 -> BUY
[2026-06-15 22:36:35] (Hilo: ACCIONES) [COOLDOWN MANUAL] SBUXm en cuarentena anti-spam.
[2026-06-15 22:36:35] (Hilo: ACCIONES) [🎯 ALINEACIÓN] VRTXm | Tendencia H1: UP | RSI M1: 26.01 -> BUY
[2026-06-15 22:36:35] (Hilo: ACCIONES) [COOLDOWN MANUAL] VRTXm en cuarentena anti-spam.
[2026-06-15 22:36:44] (Hilo: CRIPTO) Patrullando 2 activos...
[2026-06-15 22:36:44] (Hilo: ENERGIA) Patrullando 3 activos...
[2026-06-15 22:36:44] (Hilo: FOREX) Patrullando 7 activos...
[2026-06-15 22:36:44] (Hilo: INDICES) Patrullando 14 activos...
[2026-06-15 22:36:45] (Hilo: METALES) Patrullando 15 activos...
[2026-06-15 22:36:45] (Hilo: METALES) [🎯 ALINEACIÓN] XPTUSDm | Tendencia H1: DOWN | RSI M1: 86.51 -> SELL
[2026-06-15 22:36:45] (Hilo: METALES) [COOLDOWN MANUAL] XPTUSDm en cuarentena anti-spam.
[2026-06-15 22:36:50] (Hilo: ACCIONES) Patrullando 91 activos...
[2026-06-15 22:36:50] (Hilo: ACCIONES) [🎯 ALINEACIÓN] ADBEm | Tendencia H1: DOWN | RSI M1: 70.75 -> SELL
[2026-06-15 22:36:50] (Hilo: ACCIONES) [COOLDOWN MANUAL] ADBEm en cuarentena anti-spam.
[2026-06-15 22:36:50] (Hilo: ACCIONES) [🎯 ALINEACIÓN] AMGNm | Tendencia H1: UP | RSI M1: 25.57 -> BUY
[2026-06-15 22:36:50] (Hilo: ACCIONES) [COOLDOWN MANUAL] AMGNm en cuarentena anti-spam.
[2026-06-15 22:36:51] (Hilo: ACCIONES) [🎯 ALINEACIÓN] CMCSAm | Tendencia H1: DOWN | RSI M1: 76.92 -> SELL
[2026-06-15 22:36:51] (Hilo: ACCIONES) [COOLDOWN MANUAL] CMCSAm en cuarentena anti-spam.
[2026-06-15 22:36:51] (Hilo: ACCIONES) [🎯 ALINEACIÓN] JNJm | Tendencia H1: UP | RSI M1: 10.64 -> BUY
[2026-06-15 22:36:51] (Hilo: ACCIONES) [COOLDOWN MANUAL] JNJm en cuarentena anti-spam.
[2026-06-15 22:36:51] (Hilo: ACCIONES) [🎯 ALINEACIÓN] JPMm | Tendencia H1: UP | RSI M1: 28.81 -> BUY
[2026-06-15 22:36:51] (Hilo: ACCIONES) [COOLDOWN MANUAL] JPMm en cuarentena anti-spam.
[2026-06-15 22:36:51] (Hilo: ACCIONES) [🎯 ALINEACIÓN] LINm | Tendencia H1: UP | RSI M1: 27.91 -> BUY
[2026-06-15 22:36:51] (Hilo: ACCIONES) [COOLDOWN MANUAL] LINm en cuarentena anti-spam.
[2026-06-15 22:36:51] (Hilo: ACCIONES) [🎯 ALINEACIÓN] MCDm | Tendencia H1: UP | RSI M1: 28.07 -> BUY
[2026-06-15 22:36:51] (Hilo: ACCIONES) [COOLDOWN MANUAL] MCDm en cuarentena anti-spam.
[2026-06-15 22:36:51] (Hilo: ACCIONES) [🎯 ALINEACIÓN] MMMm | Tendencia H1: UP | RSI M1: 8.89 -> BUY
[2026-06-15 22:36:51] (Hilo: ACCIONES) [COOLDOWN MANUAL] MMMm en cuarentena anti-spam.
[2026-06-15 22:36:51] (Hilo: ACCIONES) [🎯 ALINEACIÓN] MSFTm | Tendencia H1: DOWN | RSI M1: 95.51 -> SELL
[2026-06-15 22:36:51] (Hilo: ACCIONES) [COOLDOWN MANUAL] MSFTm en cuarentena anti-spam.
[2026-06-15 22:36:51] (Hilo: ACCIONES) [🎯 ALINEACIÓN] NFLXm | Tendencia H1: DOWN | RSI M1: 71.43 -> SELL
[2026-06-15 22:36:51] (Hilo: ACCIONES) [COOLDOWN MANUAL] NFLXm en cuarentena anti-spam.
[2026-06-15 22:36:51] (Hilo: ACCIONES) [🎯 ALINEACIÓN] PGm | Tendencia H1: UP | RSI M1: 24.32 -> BUY
[2026-06-15 22:36:51] (Hilo: ACCIONES) [COOLDOWN MANUAL] PGm en cuarentena anti-spam.
[2026-06-15 22:36:51] (Hilo: ACCIONES) [🎯 ALINEACIÓN] SBUXm | Tendencia H1: UP | RSI M1: 18.37 -> BUY
[2026-06-15 22:36:51] (Hilo: ACCIONES) [COOLDOWN MANUAL] SBUXm en cuarentena anti-spam.
[2026-06-15 22:36:51] (Hilo: ACCIONES) [🎯 ALINEACIÓN] VRTXm | Tendencia H1: UP | RSI M1: 26.01 -> BUY
[2026-06-15 22:36:51] (Hilo: ACCIONES) [COOLDOWN MANUAL] VRTXm en cuarentena anti-spam.
[2026-06-15 22:36:59] (Hilo: CRIPTO) Patrullando 2 activos...
[2026-06-15 22:36:59] (Hilo: ENERGIA) Patrullando 3 activos...
[2026-06-15 22:36:59] (Hilo: FOREX) Patrullando 7 activos...
[2026-06-15 22:36:59] (Hilo: INDICES) Patrullando 14 activos...
[2026-06-15 22:37:00] (Hilo: METALES) Patrullando 15 activos...
[2026-06-15 22:37:00] (Hilo: METALES) [🎯 ALINEACIÓN] XPTUSDm | Tendencia H1: DOWN | RSI M1: 83.04 -> SELL
[2026-06-15 22:37:00] (Hilo: METALES) [COOLDOWN MANUAL] XPTUSDm en cuarentena anti-spam.
[2026-06-15 22:37:06] (Hilo: ACCIONES) Patrullando 91 activos...
[2026-06-15 22:37:06] (Hilo: ACCIONES) [🎯 ALINEACIÓN] ADBEm | Tendencia H1: DOWN | RSI M1: 70.75 -> SELL
[2026-06-15 22:37:06] (Hilo: ACCIONES) [COOLDOWN MANUAL] ADBEm en cuarentena anti-spam.
[2026-06-15 22:37:06] (Hilo: ACCIONES) [🎯 ALINEACIÓN] AMGNm | Tendencia H1: UP | RSI M1: 25.57 -> BUY
[2026-06-15 22:37:06] (Hilo: ACCIONES) [COOLDOWN MANUAL] AMGNm en cuarentena anti-spam.
[2026-06-15 22:37:06] (Hilo: ACCIONES) [🎯 ALINEACIÓN] CMCSAm | Tendencia H1: DOWN | RSI M1: 76.92 -> SELL
[2026-06-15 22:37:06] (Hilo: ACCIONES) [COOLDOWN MANUAL] CMCSAm en cuarentena anti-spam.
[2026-06-15 22:37:06] (Hilo: ACCIONES) [🎯 ALINEACIÓN] JNJm | Tendencia H1: UP | RSI M1: 10.64 -> BUY
[2026-06-15 22:37:06] (Hilo: ACCIONES) [COOLDOWN MANUAL] JNJm en cuarentena anti-spam.
[2026-06-15 22:37:06] (Hilo: ACCIONES) [🎯 ALINEACIÓN] JPMm | Tendencia H1: UP | RSI M1: 28.81 -> BUY
[2026-06-15 22:37:06] (Hilo: ACCIONES) [COOLDOWN MANUAL] JPMm en cuarentena anti-spam.
[2026-06-15 22:37:06] (Hilo: ACCIONES) [🎯 ALINEACIÓN] LINm | Tendencia H1: UP | RSI M1: 27.91 -> BUY
[2026-06-15 22:37:06] (Hilo: ACCIONES) [COOLDOWN MANUAL] LINm en cuarentena anti-spam.
[2026-06-15 22:37:06] (Hilo: ACCIONES) [🎯 ALINEACIÓN] MCDm | Tendencia H1: UP | RSI M1: 28.07 -> BUY
[2026-06-15 22:37:06] (Hilo: ACCIONES) [COOLDOWN MANUAL] MCDm en cuarentena anti-spam.
[2026-06-15 22:37:06] (Hilo: ACCIONES) [🎯 ALINEACIÓN] MMMm | Tendencia H1: UP | RSI M1: 8.89 -> BUY
[2026-06-15 22:37:06] (Hilo: ACCIONES) [COOLDOWN MANUAL] MMMm en cuarentena anti-spam.
[2026-06-15 22:37:06] (Hilo: ACCIONES) [🎯 ALINEACIÓN] MSFTm | Tendencia H1: DOWN | RSI M1: 95.51 -> SELL
[2026-06-15 22:37:06] (Hilo: ACCIONES) [COOLDOWN MANUAL] MSFTm en cuarentena anti-spam.
[2026-06-15 22:37:06] (Hilo: ACCIONES) [🎯 ALINEACIÓN] NFLXm | Tendencia H1: DOWN | RSI M1: 71.43 -> SELL
[2026-06-15 22:37:06] (Hilo: ACCIONES) [COOLDOWN MANUAL] NFLXm en cuarentena anti-spam.
[2026-06-15 22:37:06] (Hilo: ACCIONES) [🎯 ALINEACIÓN] PGm | Tendencia H1: UP | RSI M1: 24.32 -> BUY
[2026-06-15 22:37:06] (Hilo: ACCIONES) [COOLDOWN MANUAL] PGm en cuarentena anti-spam.
[2026-06-15 22:37:06] (Hilo: ACCIONES) [🎯 ALINEACIÓN] SBUXm | Tendencia H1: UP | RSI M1: 18.37 -> BUY
[2026-06-15 22:37:06] (Hilo: ACCIONES) [COOLDOWN MANUAL] SBUXm en cuarentena anti-spam.
[2026-06-15 22:37:06] (Hilo: ACCIONES) [🎯 ALINEACIÓN] VRTXm | Tendencia H1: UP | RSI M1: 26.01 -> BUY
[2026-06-15 22:37:06] (Hilo: ACCIONES) [COOLDOWN MANUAL] VRTXm en cuarentena anti-spam.
[2026-06-15 22:37:14] (Hilo: CRIPTO) Patrullando 2 activos...
[2026-06-15 22:37:14] (Hilo: ENERGIA) Patrullando 3 activos...
[2026-06-15 22:37:14] (Hilo: FOREX) Patrullando 7 activos...
[2026-06-15 22:37:14] (Hilo: INDICES) Patrullando 14 activos...
[2026-06-15 22:37:14] (Hilo: INDICES) [🎯 ALINEACIÓN] HK50m | Tendencia H1: DOWN | RSI M1: 71.32 -> SELL
[2026-06-15 22:37:14] (Hilo: INDICES) [HK50m] 🔥 Condiciones de disparo autorizadas. Ejecutando SELL...
[2026-06-15 22:37:14] (Hilo: INDICES) [HK50m] ⚠️ Orden rechazada por el bróker (Posible mercado cerrado o error). Activando cuarentena anti-spam de 5 minutos.
[2026-06-15 22:37:15] (Hilo: METALES) Patrullando 15 activos...
[2026-06-15 22:37:15] (Hilo: METALES) [🎯 ALINEACIÓN] XPTUSDm | Tendencia H1: DOWN | RSI M1: 77.53 -> SELL
[2026-06-15 22:37:15] (Hilo: METALES) [COOLDOWN MANUAL] XPTUSDm en cuarentena anti-spam.
[2026-06-15 22:37:21] (Hilo: ACCIONES) Patrullando 91 activos...
[2026-06-15 22:37:21] (Hilo: ACCIONES) [🎯 ALINEACIÓN] ADBEm | Tendencia H1: DOWN | RSI M1: 70.75 -> SELL
[2026-06-15 22:37:21] (Hilo: ACCIONES) [COOLDOWN MANUAL] ADBEm en cuarentena anti-spam.
[2026-06-15 22:37:21] (Hilo: ACCIONES) [🎯 ALINEACIÓN] AMGNm | Tendencia H1: UP | RSI M1: 25.57 -> BUY
[2026-06-15 22:37:21] (Hilo: ACCIONES) [COOLDOWN MANUAL] AMGNm en cuarentena anti-spam.
[2026-06-15 22:37:21] (Hilo: ACCIONES) [🎯 ALINEACIÓN] CMCSAm | Tendencia H1: DOWN | RSI M1: 76.92 -> SELL
[2026-06-15 22:37:21] (Hilo: ACCIONES) [COOLDOWN MANUAL] CMCSAm en cuarentena anti-spam.
[2026-06-15 22:37:21] (Hilo: ACCIONES) [🎯 ALINEACIÓN] JNJm | Tendencia H1: UP | RSI M1: 10.64 -> BUY
[2026-06-15 22:37:21] (Hilo: ACCIONES) [COOLDOWN MANUAL] JNJm en cuarentena anti-spam.
[2026-06-15 22:37:21] (Hilo: ACCIONES) [🎯 ALINEACIÓN] JPMm | Tendencia H1: UP | RSI M1: 28.81 -> BUY
[2026-06-15 22:37:21] (Hilo: ACCIONES) [COOLDOWN MANUAL] JPMm en cuarentena anti-spam.
[2026-06-15 22:37:21] (Hilo: ACCIONES) [🎯 ALINEACIÓN] LINm | Tendencia H1: UP | RSI M1: 27.91 -> BUY
[2026-06-15 22:37:21] (Hilo: ACCIONES) [COOLDOWN MANUAL] LINm en cuarentena anti-spam.
[2026-06-15 22:37:21] (Hilo: ACCIONES) [🎯 ALINEACIÓN] MCDm | Tendencia H1: UP | RSI M1: 28.07 -> BUY
[2026-06-15 22:37:21] (Hilo: ACCIONES) [COOLDOWN MANUAL] MCDm en cuarentena anti-spam.
[2026-06-15 22:37:21] (Hilo: ACCIONES) [🎯 ALINEACIÓN] MMMm | Tendencia H1: UP | RSI M1: 8.89 -> BUY
[2026-06-15 22:37:21] (Hilo: ACCIONES) [COOLDOWN MANUAL] MMMm en cuarentena anti-spam.
[2026-06-15 22:37:21] (Hilo: ACCIONES) [🎯 ALINEACIÓN] MSFTm | Tendencia H1: DOWN | RSI M1: 95.51 -> SELL
[2026-06-15 22:37:21] (Hilo: ACCIONES) [COOLDOWN MANUAL] MSFTm en cuarentena anti-spam.
[2026-06-15 22:37:21] (Hilo: ACCIONES) [🎯 ALINEACIÓN] NFLXm | Tendencia H1: DOWN | RSI M1: 71.43 -> SELL
[2026-06-15 22:37:21] (Hilo: ACCIONES) [COOLDOWN MANUAL] NFLXm en cuarentena anti-spam.
[2026-06-15 22:37:21] (Hilo: ACCIONES) [🎯 ALINEACIÓN] PGm | Tendencia H1: UP | RSI M1: 24.32 -> BUY
[2026-06-15 22:37:21] (Hilo: ACCIONES) [COOLDOWN MANUAL] PGm en cuarentena anti-spam.
[2026-06-15 22:37:21] (Hilo: ACCIONES) [🎯 ALINEACIÓN] SBUXm | Tendencia H1: UP | RSI M1: 18.37 -> BUY
[2026-06-15 22:37:21] (Hilo: ACCIONES) [COOLDOWN MANUAL] SBUXm en cuarentena anti-spam.
[2026-06-15 22:37:21] (Hilo: ACCIONES) [🎯 ALINEACIÓN] VRTXm | Tendencia H1: UP | RSI M1: 26.01 -> BUY
[2026-06-15 22:37:21] (Hilo: ACCIONES) [COOLDOWN MANUAL] VRTXm en cuarentena anti-spam.
[2026-06-15 22:37:29] (Hilo: CRIPTO) Patrullando 2 activos...
[2026-06-15 22:37:29] (Hilo: ENERGIA) Patrullando 3 activos...
[2026-06-15 22:37:29] (Hilo: FOREX) Patrullando 7 activos...
[2026-06-15 22:37:29] (Hilo: INDICES) Patrullando 14 activos...
[2026-06-15 22:37:29] (Hilo: INDICES) [🎯 ALINEACIÓN] HK50m | Tendencia H1: DOWN | RSI M1: 71.32 -> SELL
[2026-06-15 22:37:29] (Hilo: INDICES) [COOLDOWN MANUAL] HK50m en cuarentena anti-spam.
[2026-06-15 22:37:30] (Hilo: METALES) Patrullando 15 activos...
[2026-06-15 22:37:30] (Hilo: METALES) [🎯 ALINEACIÓN] XPTUSDm | Tendencia H1: DOWN | RSI M1: 81.06 -> SELL
[2026-06-15 22:37:30] (Hilo: METALES) [COOLDOWN MANUAL] XPTUSDm en cuarentena anti-spam.
[2026-06-15 22:37:36] (Hilo: ACCIONES) Patrullando 91 activos...
[2026-06-15 22:37:36] (Hilo: ACCIONES) [🎯 ALINEACIÓN] ADBEm | Tendencia H1: DOWN | RSI M1: 70.75 -> SELL
[2026-06-15 22:37:36] (Hilo: ACCIONES) [COOLDOWN MANUAL] ADBEm en cuarentena anti-spam.
[2026-06-15 22:37:36] (Hilo: ACCIONES) [🎯 ALINEACIÓN] AMGNm | Tendencia H1: UP | RSI M1: 25.57 -> BUY
[2026-06-15 22:37:36] (Hilo: ACCIONES) [COOLDOWN MANUAL] AMGNm en cuarentena anti-spam.
[2026-06-15 22:37:36] (Hilo: ACCIONES) [🎯 ALINEACIÓN] CMCSAm | Tendencia H1: DOWN | RSI M1: 76.92 -> SELL
[2026-06-15 22:37:36] (Hilo: ACCIONES) [COOLDOWN MANUAL] CMCSAm en cuarentena anti-spam.
[2026-06-15 22:37:37] (Hilo: ACCIONES) [🎯 ALINEACIÓN] JNJm | Tendencia H1: UP | RSI M1: 10.64 -> BUY
[2026-06-15 22:37:37] (Hilo: ACCIONES) [COOLDOWN MANUAL] JNJm en cuarentena anti-spam.
[2026-06-15 22:37:37] (Hilo: ACCIONES) [🎯 ALINEACIÓN] JPMm | Tendencia H1: UP | RSI M1: 28.81 -> BUY
[2026-06-15 22:37:37] (Hilo: ACCIONES) [COOLDOWN MANUAL] JPMm en cuarentena anti-spam.
[2026-06-15 22:37:37] (Hilo: ACCIONES) [🎯 ALINEACIÓN] LINm | Tendencia H1: UP | RSI M1: 27.91 -> BUY
[2026-06-15 22:37:37] (Hilo: ACCIONES) [COOLDOWN MANUAL] LINm en cuarentena anti-spam.
[2026-06-15 22:37:37] (Hilo: ACCIONES) [🎯 ALINEACIÓN] MCDm | Tendencia H1: UP | RSI M1: 28.07 -> BUY
[2026-06-15 22:37:37] (Hilo: ACCIONES) [COOLDOWN MANUAL] MCDm en cuarentena anti-spam.
[2026-06-15 22:37:37] (Hilo: ACCIONES) [🎯 ALINEACIÓN] MMMm | Tendencia H1: UP | RSI M1: 8.89 -> BUY
[2026-06-15 22:37:37] (Hilo: ACCIONES) [COOLDOWN MANUAL] MMMm en cuarentena anti-spam.
[2026-06-15 22:37:37] (Hilo: ACCIONES) [🎯 ALINEACIÓN] MSFTm | Tendencia H1: DOWN | RSI M1: 95.51 -> SELL
[2026-06-15 22:37:37] (Hilo: ACCIONES) [COOLDOWN MANUAL] MSFTm en cuarentena anti-spam.
[2026-06-15 22:37:37] (Hilo: ACCIONES) [🎯 ALINEACIÓN] NFLXm | Tendencia H1: DOWN | RSI M1: 71.43 -> SELL
[2026-06-15 22:37:37] (Hilo: ACCIONES) [COOLDOWN MANUAL] NFLXm en cuarentena anti-spam.
[2026-06-15 22:37:37] (Hilo: ACCIONES) [🎯 ALINEACIÓN] PGm | Tendencia H1: UP | RSI M1: 24.32 -> BUY
[2026-06-15 22:37:37] (Hilo: ACCIONES) [COOLDOWN MANUAL] PGm en cuarentena anti-spam.
[2026-06-15 22:37:37] (Hilo: ACCIONES) [🎯 ALINEACIÓN] SBUXm | Tendencia H1: UP | RSI M1: 18.37 -> BUY
[2026-06-15 22:37:37] (Hilo: ACCIONES) [COOLDOWN MANUAL] SBUXm en cuarentena anti-spam.
[2026-06-15 22:37:37] (Hilo: ACCIONES) [🎯 ALINEACIÓN] VRTXm | Tendencia H1: UP | RSI M1: 26.01 -> BUY
[2026-06-15 22:37:37] (Hilo: ACCIONES) [COOLDOWN MANUAL] VRTXm en cuarentena anti-spam.
[2026-06-15 22:37:44] (Hilo: CRIPTO) Patrullando 2 activos...
[2026-06-15 22:37:44] (Hilo: ENERGIA) Patrullando 3 activos...
[2026-06-15 22:37:44] (Hilo: FOREX) Patrullando 7 activos...
[2026-06-15 22:37:44] (Hilo: INDICES) Patrullando 14 activos...
[2026-06-15 22:37:44] (Hilo: INDICES) [🎯 ALINEACIÓN] HK50m | Tendencia H1: DOWN | RSI M1: 72.18 -> SELL
[2026-06-15 22:37:44] (Hilo: INDICES) [COOLDOWN MANUAL] HK50m en cuarentena anti-spam.
[2026-06-15 22:37:45] (Hilo: METALES) Patrullando 15 activos...
[2026-06-15 22:37:45] (Hilo: METALES) [🎯 ALINEACIÓN] XPTUSDm | Tendencia H1: DOWN | RSI M1: 82.08 -> SELL
[2026-06-15 22:37:45] (Hilo: METALES) [COOLDOWN MANUAL] XPTUSDm en cuarentena anti-spam.
[2026-06-15 22:37:52] (Hilo: ACCIONES) Patrullando 91 activos...
[2026-06-15 22:37:52] (Hilo: ACCIONES) [🎯 ALINEACIÓN] ADBEm | Tendencia H1: DOWN | RSI M1: 70.75 -> SELL
[2026-06-15 22:37:52] (Hilo: ACCIONES) [COOLDOWN MANUAL] ADBEm en cuarentena anti-spam.
[2026-06-15 22:37:52] (Hilo: ACCIONES) [🎯 ALINEACIÓN] AMGNm | Tendencia H1: UP | RSI M1: 25.57 -> BUY
[2026-06-15 22:37:52] (Hilo: ACCIONES) [COOLDOWN MANUAL] AMGNm en cuarentena anti-spam.
[2026-06-15 22:37:52] (Hilo: ACCIONES) [🎯 ALINEACIÓN] CMCSAm | Tendencia H1: DOWN | RSI M1: 76.92 -> SELL
[2026-06-15 22:37:52] (Hilo: ACCIONES) [COOLDOWN MANUAL] CMCSAm en cuarentena anti-spam.
[2026-06-15 22:37:52] (Hilo: ACCIONES) [🎯 ALINEACIÓN] JNJm | Tendencia H1: UP | RSI M1: 10.64 -> BUY
[2026-06-15 22:37:52] (Hilo: ACCIONES) [COOLDOWN MANUAL] JNJm en cuarentena anti-spam.
[2026-06-15 22:37:52] (Hilo: ACCIONES) [🎯 ALINEACIÓN] JPMm | Tendencia H1: UP | RSI M1: 28.81 -> BUY
[2026-06-15 22:37:52] (Hilo: ACCIONES) [COOLDOWN MANUAL] JPMm en cuarentena anti-spam.
[2026-06-15 22:37:52] (Hilo: ACCIONES) [🎯 ALINEACIÓN] LINm | Tendencia H1: UP | RSI M1: 27.91 -> BUY
[2026-06-15 22:37:52] (Hilo: ACCIONES) [COOLDOWN MANUAL] LINm en cuarentena anti-spam.
[2026-06-15 22:37:52] (Hilo: ACCIONES) [🎯 ALINEACIÓN] MCDm | Tendencia H1: UP | RSI M1: 28.07 -> BUY
[2026-06-15 22:37:52] (Hilo: ACCIONES) [COOLDOWN MANUAL] MCDm en cuarentena anti-spam.
[2026-06-15 22:37:52] (Hilo: ACCIONES) [🎯 ALINEACIÓN] MMMm | Tendencia H1: UP | RSI M1: 8.89 -> BUY
[2026-06-15 22:37:52] (Hilo: ACCIONES) [COOLDOWN MANUAL] MMMm en cuarentena anti-spam.
[2026-06-15 22:37:52] (Hilo: ACCIONES) [🎯 ALINEACIÓN] MSFTm | Tendencia H1: DOWN | RSI M1: 95.51 -> SELL
[2026-06-15 22:37:52] (Hilo: ACCIONES) [COOLDOWN MANUAL] MSFTm en cuarentena anti-spam.
[2026-06-15 22:37:52] (Hilo: ACCIONES) [🎯 ALINEACIÓN] NFLXm | Tendencia H1: DOWN | RSI M1: 71.43 -> SELL
[2026-06-15 22:37:52] (Hilo: ACCIONES) [COOLDOWN MANUAL] NFLXm en cuarentena anti-spam.
[2026-06-15 22:37:52] (Hilo: ACCIONES) [🎯 ALINEACIÓN] PGm | Tendencia H1: UP | RSI M1: 24.32 -> BUY
[2026-06-15 22:37:52] (Hilo: ACCIONES) [COOLDOWN MANUAL] PGm en cuarentena anti-spam.
[2026-06-15 22:37:52] (Hilo: ACCIONES) [🎯 ALINEACIÓN] SBUXm | Tendencia H1: UP | RSI M1: 18.37 -> BUY
[2026-06-15 22:37:52] (Hilo: ACCIONES) [COOLDOWN MANUAL] SBUXm en cuarentena anti-spam.
[2026-06-15 22:37:52] (Hilo: ACCIONES) [🎯 ALINEACIÓN] VRTXm | Tendencia H1: UP | RSI M1: 26.01 -> BUY
[2026-06-15 22:37:52] (Hilo: ACCIONES) [COOLDOWN MANUAL] VRTXm en cuarentena anti-spam.
[2026-06-15 22:37:59] (Hilo: CRIPTO) Patrullando 2 activos...
[2026-06-15 22:37:59] (Hilo: ENERGIA) Patrullando 3 activos...
[2026-06-15 22:37:59] (Hilo: FOREX) Patrullando 7 activos...
[2026-06-15 22:38:00] (Hilo: INDICES) Patrullando 14 activos...
[2026-06-15 22:38:00] (Hilo: INDICES) [🎯 ALINEACIÓN] HK50m | Tendencia H1: DOWN | RSI M1: 70.96 -> SELL
[2026-06-15 22:38:00] (Hilo: INDICES) [COOLDOWN MANUAL] HK50m en cuarentena anti-spam.
[2026-06-15 22:38:00] (Hilo: METALES) Patrullando 15 activos...
[2026-06-15 22:38:00] (Hilo: METALES) [🎯 ALINEACIÓN] XPTUSDm | Tendencia H1: DOWN | RSI M1: 81.61 -> SELL
[2026-06-15 22:38:00] (Hilo: METALES) [COOLDOWN MANUAL] XPTUSDm en cuarentena anti-spam.
[2026-06-15 22:38:07] (Hilo: ACCIONES) Patrullando 91 activos...
[2026-06-15 22:38:07] (Hilo: ACCIONES) [🎯 ALINEACIÓN] ADBEm | Tendencia H1: DOWN | RSI M1: 70.75 -> SELL
[2026-06-15 22:38:07] (Hilo: ACCIONES) [COOLDOWN MANUAL] ADBEm en cuarentena anti-spam.
[2026-06-15 22:38:07] (Hilo: ACCIONES) [🎯 ALINEACIÓN] AMGNm | Tendencia H1: UP | RSI M1: 25.57 -> BUY
[2026-06-15 22:38:07] (Hilo: ACCIONES) [COOLDOWN MANUAL] AMGNm en cuarentena anti-spam.
[2026-06-15 22:38:07] (Hilo: ACCIONES) [🎯 ALINEACIÓN] CMCSAm | Tendencia H1: DOWN | RSI M1: 76.92 -> SELL
[2026-06-15 22:38:07] (Hilo: ACCIONES) [COOLDOWN MANUAL] CMCSAm en cuarentena anti-spam.
[2026-06-15 22:38:07] (Hilo: ACCIONES) [🎯 ALINEACIÓN] JNJm | Tendencia H1: UP | RSI M1: 10.64 -> BUY
[2026-06-15 22:38:07] (Hilo: ACCIONES) [COOLDOWN MANUAL] JNJm en cuarentena anti-spam.
[2026-06-15 22:38:07] (Hilo: ACCIONES) [🎯 ALINEACIÓN] JPMm | Tendencia H1: UP | RSI M1: 28.81 -> BUY
[2026-06-15 22:38:07] (Hilo: ACCIONES) [COOLDOWN MANUAL] JPMm en cuarentena anti-spam.
[2026-06-15 22:38:07] (Hilo: ACCIONES) [🎯 ALINEACIÓN] LINm | Tendencia H1: UP | RSI M1: 27.91 -> BUY
[2026-06-15 22:38:07] (Hilo: ACCIONES) [COOLDOWN MANUAL] LINm en cuarentena anti-spam.
[2026-06-15 22:38:07] (Hilo: ACCIONES) [🎯 ALINEACIÓN] MCDm | Tendencia H1: UP | RSI M1: 28.07 -> BUY
[2026-06-15 22:38:07] (Hilo: ACCIONES) [COOLDOWN MANUAL] MCDm en cuarentena anti-spam.
[2026-06-15 22:38:07] (Hilo: ACCIONES) [🎯 ALINEACIÓN] MMMm | Tendencia H1: UP | RSI M1: 8.89 -> BUY
[2026-06-15 22:38:07] (Hilo: ACCIONES) [COOLDOWN MANUAL] MMMm en cuarentena anti-spam.
[2026-06-15 22:38:07] (Hilo: ACCIONES) [🎯 ALINEACIÓN] MSFTm | Tendencia H1: DOWN | RSI M1: 95.51 -> SELL
[2026-06-15 22:38:07] (Hilo: ACCIONES) [COOLDOWN MANUAL] MSFTm en cuarentena anti-spam.
[2026-06-15 22:38:07] (Hilo: ACCIONES) [🎯 ALINEACIÓN] NFLXm | Tendencia H1: DOWN | RSI M1: 71.43 -> SELL
[2026-06-15 22:38:07] (Hilo: ACCIONES) [COOLDOWN MANUAL] NFLXm en cuarentena anti-spam.
[2026-06-15 22:38:07] (Hilo: ACCIONES) [🎯 ALINEACIÓN] PGm | Tendencia H1: UP | RSI M1: 24.32 -> BUY
[2026-06-15 22:38:07] (Hilo: ACCIONES) [COOLDOWN MANUAL] PGm en cuarentena anti-spam.
[2026-06-15 22:38:07] (Hilo: ACCIONES) [🎯 ALINEACIÓN] SBUXm | Tendencia H1: UP | RSI M1: 18.37 -> BUY
[2026-06-15 22:38:07] (Hilo: ACCIONES) [COOLDOWN MANUAL] SBUXm en cuarentena anti-spam.
[2026-06-15 22:38:07] (Hilo: ACCIONES) [🎯 ALINEACIÓN] VRTXm | Tendencia H1: UP | RSI M1: 26.01 -> BUY
[2026-06-15 22:38:07] (Hilo: ACCIONES) [COOLDOWN MANUAL] VRTXm en cuarentena anti-spam.
[2026-06-15 22:38:14] (Hilo: CRIPTO) Patrullando 2 activos...
[2026-06-15 22:38:14] (Hilo: ENERGIA) Patrullando 3 activos...
[2026-06-15 22:38:14] (Hilo: FOREX) Patrullando 7 activos...
[2026-06-15 22:38:15] (Hilo: INDICES) Patrullando 14 activos...
[2026-06-15 22:38:15] (Hilo: METALES) Patrullando 15 activos...
[2026-06-15 22:38:15] (Hilo: METALES) [🎯 ALINEACIÓN] XPTUSDm | Tendencia H1: DOWN | RSI M1: 74.49 -> SELL
[2026-06-15 22:38:15] (Hilo: METALES) [COOLDOWN MANUAL] XPTUSDm en cuarentena anti-spam.
[2026-06-15 22:38:22] (Hilo: ACCIONES) Patrullando 91 activos...
[2026-06-15 22:38:22] (Hilo: ACCIONES) [🎯 ALINEACIÓN] ADBEm | Tendencia H1: DOWN | RSI M1: 70.75 -> SELL
[2026-06-15 22:38:22] (Hilo: ACCIONES) [COOLDOWN MANUAL] ADBEm en cuarentena anti-spam.
[2026-06-15 22:38:22] (Hilo: ACCIONES) [🎯 ALINEACIÓN] AMGNm | Tendencia H1: UP | RSI M1: 25.57 -> BUY
[2026-06-15 22:38:22] (Hilo: ACCIONES) [COOLDOWN MANUAL] AMGNm en cuarentena anti-spam.
[2026-06-15 22:38:22] (Hilo: ACCIONES) [🎯 ALINEACIÓN] CMCSAm | Tendencia H1: DOWN | RSI M1: 76.92 -> SELL
[2026-06-15 22:38:22] (Hilo: ACCIONES) [COOLDOWN MANUAL] CMCSAm en cuarentena anti-spam.
[2026-06-15 22:38:22] (Hilo: ACCIONES) [🎯 ALINEACIÓN] JNJm | Tendencia H1: UP | RSI M1: 10.64 -> BUY
[2026-06-15 22:38:22] (Hilo: ACCIONES) [COOLDOWN MANUAL] JNJm en cuarentena anti-spam.
[2026-06-15 22:38:22] (Hilo: ACCIONES) [🎯 ALINEACIÓN] JPMm | Tendencia H1: UP | RSI M1: 28.81 -> BUY
[2026-06-15 22:38:22] (Hilo: ACCIONES) [COOLDOWN MANUAL] JPMm en cuarentena anti-spam.
[2026-06-15 22:38:22] (Hilo: ACCIONES) [🎯 ALINEACIÓN] LINm | Tendencia H1: UP | RSI M1: 27.91 -> BUY
[2026-06-15 22:38:22] (Hilo: ACCIONES) [COOLDOWN MANUAL] LINm en cuarentena anti-spam.
[2026-06-15 22:38:22] (Hilo: ACCIONES) [🎯 ALINEACIÓN] MCDm | Tendencia H1: UP | RSI M1: 28.07 -> BUY
[2026-06-15 22:38:22] (Hilo: ACCIONES) [COOLDOWN MANUAL] MCDm en cuarentena anti-spam.
[2026-06-15 22:38:22] (Hilo: ACCIONES) [🎯 ALINEACIÓN] MMMm | Tendencia H1: UP | RSI M1: 8.89 -> BUY
[2026-06-15 22:38:22] (Hilo: ACCIONES) [COOLDOWN MANUAL] MMMm en cuarentena anti-spam.
[2026-06-15 22:38:22] (Hilo: ACCIONES) [🎯 ALINEACIÓN] MSFTm | Tendencia H1: DOWN | RSI M1: 95.51 -> SELL
[2026-06-15 22:38:22] (Hilo: ACCIONES) [COOLDOWN MANUAL] MSFTm en cuarentena anti-spam.
[2026-06-15 22:38:22] (Hilo: ACCIONES) [🎯 ALINEACIÓN] NFLXm | Tendencia H1: DOWN | RSI M1: 71.43 -> SELL
[2026-06-15 22:38:22] (Hilo: ACCIONES) [COOLDOWN MANUAL] NFLXm en cuarentena anti-spam.
[2026-06-15 22:38:22] (Hilo: ACCIONES) [🎯 ALINEACIÓN] PGm | Tendencia H1: UP | RSI M1: 24.32 -> BUY
[2026-06-15 22:38:22] (Hilo: ACCIONES) [COOLDOWN MANUAL] PGm en cuarentena anti-spam.
[2026-06-15 22:38:22] (Hilo: ACCIONES) [🎯 ALINEACIÓN] SBUXm | Tendencia H1: UP | RSI M1: 18.37 -> BUY
[2026-06-15 22:38:22] (Hilo: ACCIONES) [COOLDOWN MANUAL] SBUXm en cuarentena anti-spam.
[2026-06-15 22:38:22] (Hilo: ACCIONES) [🎯 ALINEACIÓN] VRTXm | Tendencia H1: UP | RSI M1: 26.01 -> BUY
[2026-06-15 22:38:22] (Hilo: ACCIONES) [COOLDOWN MANUAL] VRTXm en cuarentena anti-spam.
[2026-06-15 22:38:29] (Hilo: CRIPTO) Patrullando 2 activos...
[2026-06-15 22:38:29] (Hilo: ENERGIA) Patrullando 3 activos...
[2026-06-15 22:38:29] (Hilo: FOREX) Patrullando 7 activos...
[2026-06-15 22:38:30] (Hilo: INDICES) Patrullando 14 activos...
[2026-06-15 22:38:30] (Hilo: METALES) Patrullando 15 activos...
[2026-06-15 22:38:30] (Hilo: METALES) [🎯 ALINEACIÓN] XPTUSDm | Tendencia H1: DOWN | RSI M1: 71.47 -> SELL
[2026-06-15 22:38:30] (Hilo: METALES) [COOLDOWN MANUAL] XPTUSDm en cuarentena anti-spam.
[2026-06-15 22:38:37] (Hilo: ACCIONES) Patrullando 91 activos...
[2026-06-15 22:38:37] (Hilo: ACCIONES) [🎯 ALINEACIÓN] ADBEm | Tendencia H1: DOWN | RSI M1: 70.75 -> SELL
[2026-06-15 22:38:37] (Hilo: ACCIONES) [COOLDOWN MANUAL] ADBEm en cuarentena anti-spam.
[2026-06-15 22:38:37] (Hilo: ACCIONES) [🎯 ALINEACIÓN] AMGNm | Tendencia H1: UP | RSI M1: 25.57 -> BUY
[2026-06-15 22:38:37] (Hilo: ACCIONES) [COOLDOWN MANUAL] AMGNm en cuarentena anti-spam.
[2026-06-15 22:38:37] (Hilo: ACCIONES) [🎯 ALINEACIÓN] CMCSAm | Tendencia H1: DOWN | RSI M1: 76.92 -> SELL
[2026-06-15 22:38:37] (Hilo: ACCIONES) [COOLDOWN MANUAL] CMCSAm en cuarentena anti-spam.
[2026-06-15 22:38:38] (Hilo: ACCIONES) [🎯 ALINEACIÓN] JNJm | Tendencia H1: UP | RSI M1: 10.64 -> BUY
[2026-06-15 22:38:38] (Hilo: ACCIONES) [COOLDOWN MANUAL] JNJm en cuarentena anti-spam.
[2026-06-15 22:38:38] (Hilo: ACCIONES) [🎯 ALINEACIÓN] JPMm | Tendencia H1: UP | RSI M1: 28.81 -> BUY
[2026-06-15 22:38:38] (Hilo: ACCIONES) [COOLDOWN MANUAL] JPMm en cuarentena anti-spam.
[2026-06-15 22:38:38] (Hilo: ACCIONES) [🎯 ALINEACIÓN] LINm | Tendencia H1: UP | RSI M1: 27.91 -> BUY
[2026-06-15 22:38:38] (Hilo: ACCIONES) [COOLDOWN MANUAL] LINm en cuarentena anti-spam.
[2026-06-15 22:38:38] (Hilo: ACCIONES) [🎯 ALINEACIÓN] MCDm | Tendencia H1: UP | RSI M1: 28.07 -> BUY
[2026-06-15 22:38:38] (Hilo: ACCIONES) [COOLDOWN MANUAL] MCDm en cuarentena anti-spam.
[2026-06-15 22:38:38] (Hilo: ACCIONES) [🎯 ALINEACIÓN] MMMm | Tendencia H1: UP | RSI M1: 8.89 -> BUY
[2026-06-15 22:38:38] (Hilo: ACCIONES) [COOLDOWN MANUAL] MMMm en cuarentena anti-spam.
[2026-06-15 22:38:38] (Hilo: ACCIONES) [🎯 ALINEACIÓN] MSFTm | Tendencia H1: DOWN | RSI M1: 95.51 -> SELL
[2026-06-15 22:38:38] (Hilo: ACCIONES) [COOLDOWN MANUAL] MSFTm en cuarentena anti-spam.
[2026-06-15 22:38:38] (Hilo: ACCIONES) [🎯 ALINEACIÓN] NFLXm | Tendencia H1: DOWN | RSI M1: 71.43 -> SELL
[2026-06-15 22:38:38] (Hilo: ACCIONES) [COOLDOWN MANUAL] NFLXm en cuarentena anti-spam.
[2026-06-15 22:38:38] (Hilo: ACCIONES) [🎯 ALINEACIÓN] PGm | Tendencia H1: UP | RSI M1: 24.32 -> BUY
[2026-06-15 22:38:38] (Hilo: ACCIONES) [COOLDOWN MANUAL] PGm en cuarentena anti-spam.
[2026-06-15 22:38:38] (Hilo: ACCIONES) [🎯 ALINEACIÓN] SBUXm | Tendencia H1: UP | RSI M1: 18.37 -> BUY
[2026-06-15 22:38:38] (Hilo: ACCIONES) [COOLDOWN MANUAL] SBUXm en cuarentena anti-spam.
[2026-06-15 22:38:38] (Hilo: ACCIONES) [🎯 ALINEACIÓN] VRTXm | Tendencia H1: UP | RSI M1: 26.01 -> BUY
[2026-06-15 22:38:38] (Hilo: ACCIONES) [COOLDOWN MANUAL] VRTXm en cuarentena anti-spam.
[2026-06-15 22:38:44] (Hilo: CRIPTO) Patrullando 2 activos...
[2026-06-15 22:38:44] (Hilo: ENERGIA) Patrullando 3 activos...
[2026-06-15 22:38:44] (Hilo: FOREX) Patrullando 7 activos...
[2026-06-15 22:38:45] (Hilo: INDICES) Patrullando 14 activos...
[2026-06-15 22:38:45] (Hilo: METALES) Patrullando 15 activos...
[2026-06-15 22:38:45] (Hilo: METALES) [🎯 ALINEACIÓN] XPTUSDm | Tendencia H1: DOWN | RSI M1: 73.75 -> SELL
[2026-06-15 22:38:45] (Hilo: METALES) [COOLDOWN MANUAL] XPTUSDm en cuarentena anti-spam.
[2026-06-15 22:38:53] (Hilo: ACCIONES) Patrullando 91 activos...
[2026-06-15 22:38:53] (Hilo: ACCIONES) [🎯 ALINEACIÓN] ADBEm | Tendencia H1: DOWN | RSI M1: 70.75 -> SELL
[2026-06-15 22:38:53] (Hilo: ACCIONES) [COOLDOWN MANUAL] ADBEm en cuarentena anti-spam.
[2026-06-15 22:38:53] (Hilo: ACCIONES) [🎯 ALINEACIÓN] AMGNm | Tendencia H1: UP | RSI M1: 25.57 -> BUY
[2026-06-15 22:38:53] (Hilo: ACCIONES) [COOLDOWN MANUAL] AMGNm en cuarentena anti-spam.
[2026-06-15 22:38:53] (Hilo: ACCIONES) [🎯 ALINEACIÓN] CMCSAm | Tendencia H1: DOWN | RSI M1: 76.92 -> SELL
[2026-06-15 22:38:53] (Hilo: ACCIONES) [COOLDOWN MANUAL] CMCSAm en cuarentena anti-spam.
[2026-06-15 22:38:53] (Hilo: ACCIONES) [🎯 ALINEACIÓN] JNJm | Tendencia H1: UP | RSI M1: 10.64 -> BUY
[2026-06-15 22:38:53] (Hilo: ACCIONES) [COOLDOWN MANUAL] JNJm en cuarentena anti-spam.
[2026-06-15 22:38:53] (Hilo: ACCIONES) [🎯 ALINEACIÓN] JPMm | Tendencia H1: UP | RSI M1: 28.81 -> BUY
[2026-06-15 22:38:53] (Hilo: ACCIONES) [COOLDOWN MANUAL] JPMm en cuarentena anti-spam.
[2026-06-15 22:38:53] (Hilo: ACCIONES) [🎯 ALINEACIÓN] LINm | Tendencia H1: UP | RSI M1: 27.91 -> BUY
[2026-06-15 22:38:53] (Hilo: ACCIONES) [COOLDOWN MANUAL] LINm en cuarentena anti-spam.
[2026-06-15 22:38:53] (Hilo: ACCIONES) [🎯 ALINEACIÓN] MCDm | Tendencia H1: UP | RSI M1: 28.07 -> BUY
[2026-06-15 22:38:53] (Hilo: ACCIONES) [COOLDOWN MANUAL] MCDm en cuarentena anti-spam.
[2026-06-15 22:38:53] (Hilo: ACCIONES) [🎯 ALINEACIÓN] MMMm | Tendencia H1: UP | RSI M1: 8.89 -> BUY
[2026-06-15 22:38:53] (Hilo: ACCIONES) [COOLDOWN MANUAL] MMMm en cuarentena anti-spam.
[2026-06-15 22:38:53] (Hilo: ACCIONES) [🎯 ALINEACIÓN] MSFTm | Tendencia H1: DOWN | RSI M1: 95.51 -> SELL
[2026-06-15 22:38:53] (Hilo: ACCIONES) [COOLDOWN MANUAL] MSFTm en cuarentena anti-spam.
[2026-06-15 22:38:53] (Hilo: ACCIONES) [🎯 ALINEACIÓN] NFLXm | Tendencia H1: DOWN | RSI M1: 71.43 -> SELL
[2026-06-15 22:38:53] (Hilo: ACCIONES) [COOLDOWN MANUAL] NFLXm en cuarentena anti-spam.
[2026-06-15 22:38:53] (Hilo: ACCIONES) [🎯 ALINEACIÓN] PGm | Tendencia H1: UP | RSI M1: 24.32 -> BUY
[2026-06-15 22:38:53] (Hilo: ACCIONES) [COOLDOWN MANUAL] PGm en cuarentena anti-spam.
[2026-06-15 22:38:53] (Hilo: ACCIONES) [🎯 ALINEACIÓN] SBUXm | Tendencia H1: UP | RSI M1: 18.37 -> BUY
[2026-06-15 22:38:53] (Hilo: ACCIONES) [COOLDOWN MANUAL] SBUXm en cuarentena anti-spam.
[2026-06-15 22:38:53] (Hilo: ACCIONES) [🎯 ALINEACIÓN] VRTXm | Tendencia H1: UP | RSI M1: 26.01 -> BUY
[2026-06-15 22:38:53] (Hilo: ACCIONES) [COOLDOWN MANUAL] VRTXm en cuarentena anti-spam.
[2026-06-15 22:38:59] (Hilo: CRIPTO) Patrullando 2 activos...
[2026-06-15 22:38:59] (Hilo: ENERGIA) Patrullando 3 activos...
[2026-06-15 22:38:59] (Hilo: FOREX) Patrullando 7 activos...
[2026-06-15 22:39:00] (Hilo: INDICES) Patrullando 14 activos...
[2026-06-15 22:39:00] (Hilo: METALES) Patrullando 15 activos...
[2026-06-15 22:39:00] (Hilo: METALES) [🎯 ALINEACIÓN] XPTUSDm | Tendencia H1: DOWN | RSI M1: 73.99 -> SELL
[2026-06-15 22:39:00] (Hilo: METALES) [COOLDOWN MANUAL] XPTUSDm en cuarentena anti-spam.
[2026-06-15 22:39:08] (Hilo: ACCIONES) Patrullando 91 activos...
[2026-06-15 22:39:08] (Hilo: ACCIONES) [🎯 ALINEACIÓN] ADBEm | Tendencia H1: DOWN | RSI M1: 70.75 -> SELL
[2026-06-15 22:39:08] (Hilo: ACCIONES) [COOLDOWN MANUAL] ADBEm en cuarentena anti-spam.
[2026-06-15 22:39:08] (Hilo: ACCIONES) [🎯 ALINEACIÓN] AMGNm | Tendencia H1: UP | RSI M1: 25.57 -> BUY
[2026-06-15 22:39:08] (Hilo: ACCIONES) [COOLDOWN MANUAL] AMGNm en cuarentena anti-spam.
[2026-06-15 22:39:08] (Hilo: ACCIONES) [🎯 ALINEACIÓN] CMCSAm | Tendencia H1: DOWN | RSI M1: 76.92 -> SELL
[2026-06-15 22:39:08] (Hilo: ACCIONES) [COOLDOWN MANUAL] CMCSAm en cuarentena anti-spam.
[2026-06-15 22:39:08] (Hilo: ACCIONES) [🎯 ALINEACIÓN] JNJm | Tendencia H1: UP | RSI M1: 10.64 -> BUY
[2026-06-15 22:39:08] (Hilo: ACCIONES) [COOLDOWN MANUAL] JNJm en cuarentena anti-spam.
[2026-06-15 22:39:08] (Hilo: ACCIONES) [🎯 ALINEACIÓN] JPMm | Tendencia H1: UP | RSI M1: 28.81 -> BUY
[2026-06-15 22:39:08] (Hilo: ACCIONES) [COOLDOWN MANUAL] JPMm en cuarentena anti-spam.
[2026-06-15 22:39:08] (Hilo: ACCIONES) [🎯 ALINEACIÓN] LINm | Tendencia H1: UP | RSI M1: 27.91 -> BUY
[2026-06-15 22:39:08] (Hilo: ACCIONES) [COOLDOWN MANUAL] LINm en cuarentena anti-spam.
[2026-06-15 22:39:08] (Hilo: ACCIONES) [🎯 ALINEACIÓN] MCDm | Tendencia H1: UP | RSI M1: 28.07 -> BUY
[2026-06-15 22:39:08] (Hilo: ACCIONES) [COOLDOWN MANUAL] MCDm en cuarentena anti-spam.
[2026-06-15 22:39:08] (Hilo: ACCIONES) [🎯 ALINEACIÓN] MMMm | Tendencia H1: UP | RSI M1: 8.89 -> BUY
[2026-06-15 22:39:08] (Hilo: ACCIONES) [COOLDOWN MANUAL] MMMm en cuarentena anti-spam.
[2026-06-15 22:39:08] (Hilo: ACCIONES) [🎯 ALINEACIÓN] MSFTm | Tendencia H1: DOWN | RSI M1: 95.51 -> SELL
[2026-06-15 22:39:08] (Hilo: ACCIONES) [COOLDOWN MANUAL] MSFTm en cuarentena anti-spam.
[2026-06-15 22:39:08] (Hilo: ACCIONES) [🎯 ALINEACIÓN] NFLXm | Tendencia H1: DOWN | RSI M1: 71.43 -> SELL
[2026-06-15 22:39:08] (Hilo: ACCIONES) [COOLDOWN MANUAL] NFLXm en cuarentena anti-spam.
[2026-06-15 22:39:08] (Hilo: ACCIONES) [🎯 ALINEACIÓN] PGm | Tendencia H1: UP | RSI M1: 24.32 -> BUY
[2026-06-15 22:39:08] (Hilo: ACCIONES) [COOLDOWN MANUAL] PGm en cuarentena anti-spam.
[2026-06-15 22:39:08] (Hilo: ACCIONES) [🎯 ALINEACIÓN] SBUXm | Tendencia H1: UP | RSI M1: 18.37 -> BUY
[2026-06-15 22:39:08] (Hilo: ACCIONES) [COOLDOWN MANUAL] SBUXm en cuarentena anti-spam.
[2026-06-15 22:39:08] (Hilo: ACCIONES) [🎯 ALINEACIÓN] VRTXm | Tendencia H1: UP | RSI M1: 26.01 -> BUY
[2026-06-15 22:39:08] (Hilo: ACCIONES) [COOLDOWN MANUAL] VRTXm en cuarentena anti-spam.
[2026-06-15 22:39:14] (Hilo: CRIPTO) Patrullando 2 activos...
[2026-06-15 22:39:14] (Hilo: ENERGIA) Patrullando 3 activos...
[2026-06-15 22:39:14] (Hilo: FOREX) Patrullando 7 activos...
[2026-06-15 22:39:15] (Hilo: INDICES) Patrullando 14 activos...
[2026-06-15 22:39:15] (Hilo: METALES) Patrullando 15 activos...
[2026-06-15 22:39:15] (Hilo: METALES) [🎯 ALINEACIÓN] XPTUSDm | Tendencia H1: DOWN | RSI M1: 71.06 -> SELL
[2026-06-15 22:39:15] (Hilo: METALES) [COOLDOWN MANUAL] XPTUSDm en cuarentena anti-spam.
[2026-06-15 22:39:23] (Hilo: ACCIONES) Patrullando 91 activos...
[2026-06-15 22:39:23] (Hilo: ACCIONES) [🎯 ALINEACIÓN] ADBEm | Tendencia H1: DOWN | RSI M1: 70.75 -> SELL
[2026-06-15 22:39:23] (Hilo: ACCIONES) [COOLDOWN MANUAL] ADBEm en cuarentena anti-spam.
[2026-06-15 22:39:23] (Hilo: ACCIONES) [🎯 ALINEACIÓN] AMGNm | Tendencia H1: UP | RSI M1: 25.57 -> BUY
[2026-06-15 22:39:23] (Hilo: ACCIONES) [COOLDOWN MANUAL] AMGNm en cuarentena anti-spam.
[2026-06-15 22:39:23] (Hilo: ACCIONES) [🎯 ALINEACIÓN] CMCSAm | Tendencia H1: DOWN | RSI M1: 76.92 -> SELL
[2026-06-15 22:39:23] (Hilo: ACCIONES) [COOLDOWN MANUAL] CMCSAm en cuarentena anti-spam.
[2026-06-15 22:39:23] (Hilo: ACCIONES) [🎯 ALINEACIÓN] JNJm | Tendencia H1: UP | RSI M1: 10.64 -> BUY
[2026-06-15 22:39:23] (Hilo: ACCIONES) [COOLDOWN MANUAL] JNJm en cuarentena anti-spam.
[2026-06-15 22:39:23] (Hilo: ACCIONES) [🎯 ALINEACIÓN] JPMm | Tendencia H1: UP | RSI M1: 28.81 -> BUY
[2026-06-15 22:39:23] (Hilo: ACCIONES) [COOLDOWN MANUAL] JPMm en cuarentena anti-spam.
[2026-06-15 22:39:23] (Hilo: ACCIONES) [🎯 ALINEACIÓN] LINm | Tendencia H1: UP | RSI M1: 27.91 -> BUY
[2026-06-15 22:39:23] (Hilo: ACCIONES) [COOLDOWN MANUAL] LINm en cuarentena anti-spam.
[2026-06-15 22:39:23] (Hilo: ACCIONES) [🎯 ALINEACIÓN] MCDm | Tendencia H1: UP | RSI M1: 28.07 -> BUY
[2026-06-15 22:39:23] (Hilo: ACCIONES) [COOLDOWN MANUAL] MCDm en cuarentena anti-spam.
[2026-06-15 22:39:24] (Hilo: ACCIONES) [🎯 ALINEACIÓN] MMMm | Tendencia H1: UP | RSI M1: 8.89 -> BUY
[2026-06-15 22:39:24] (Hilo: ACCIONES) [COOLDOWN MANUAL] MMMm en cuarentena anti-spam.
[2026-06-15 22:39:24] (Hilo: ACCIONES) [🎯 ALINEACIÓN] MSFTm | Tendencia H1: DOWN | RSI M1: 95.51 -> SELL
[2026-06-15 22:39:24] (Hilo: ACCIONES) [COOLDOWN MANUAL] MSFTm en cuarentena anti-spam.
[2026-06-15 22:39:24] (Hilo: ACCIONES) [🎯 ALINEACIÓN] NFLXm | Tendencia H1: DOWN | RSI M1: 71.43 -> SELL
[2026-06-15 22:39:24] (Hilo: ACCIONES) [COOLDOWN MANUAL] NFLXm en cuarentena anti-spam.
[2026-06-15 22:39:24] (Hilo: ACCIONES) [🎯 ALINEACIÓN] PGm | Tendencia H1: UP | RSI M1: 24.32 -> BUY
[2026-06-15 22:39:24] (Hilo: ACCIONES) [COOLDOWN MANUAL] PGm en cuarentena anti-spam.
[2026-06-15 22:39:24] (Hilo: ACCIONES) [🎯 ALINEACIÓN] SBUXm | Tendencia H1: UP | RSI M1: 18.37 -> BUY
[2026-06-15 22:39:24] (Hilo: ACCIONES) [COOLDOWN MANUAL] SBUXm en cuarentena anti-spam.
[2026-06-15 22:39:24] (Hilo: ACCIONES) [🎯 ALINEACIÓN] VRTXm | Tendencia H1: UP | RSI M1: 26.01 -> BUY
[2026-06-15 22:39:24] (Hilo: ACCIONES) [COOLDOWN MANUAL] VRTXm en cuarentena anti-spam.
[2026-06-15 22:39:29] (Hilo: CRIPTO) Patrullando 2 activos...
[2026-06-15 22:39:29] (Hilo: ENERGIA) Patrullando 3 activos...
[2026-06-15 22:39:29] (Hilo: FOREX) Patrullando 7 activos...
[2026-06-15 22:39:30] (Hilo: INDICES) Patrullando 14 activos...
[2026-06-15 22:39:30] (Hilo: METALES) Patrullando 15 activos...
[2026-06-15 22:39:30] (Hilo: METALES) [🎯 ALINEACIÓN] XPTUSDm | Tendencia H1: DOWN | RSI M1: 72.81 -> SELL
[2026-06-15 22:39:30] (Hilo: METALES) [COOLDOWN MANUAL] XPTUSDm en cuarentena anti-spam.
[2026-06-15 22:39:39] (Hilo: ACCIONES) Patrullando 91 activos...
[2026-06-15 22:39:39] (Hilo: ACCIONES) [🎯 ALINEACIÓN] ADBEm | Tendencia H1: DOWN | RSI M1: 70.75 -> SELL
[2026-06-15 22:39:39] (Hilo: ACCIONES) [COOLDOWN MANUAL] ADBEm en cuarentena anti-spam.
[2026-06-15 22:39:39] (Hilo: ACCIONES) [🎯 ALINEACIÓN] AMGNm | Tendencia H1: UP | RSI M1: 25.57 -> BUY
[2026-06-15 22:39:39] (Hilo: ACCIONES) [COOLDOWN MANUAL] AMGNm en cuarentena anti-spam.
[2026-06-15 22:39:39] (Hilo: ACCIONES) [🎯 ALINEACIÓN] CMCSAm | Tendencia H1: DOWN | RSI M1: 76.92 -> SELL
[2026-06-15 22:39:39] (Hilo: ACCIONES) [COOLDOWN MANUAL] CMCSAm en cuarentena anti-spam.
[2026-06-15 22:39:39] (Hilo: ACCIONES) [🎯 ALINEACIÓN] JNJm | Tendencia H1: UP | RSI M1: 10.64 -> BUY
[2026-06-15 22:39:39] (Hilo: ACCIONES) [COOLDOWN MANUAL] JNJm en cuarentena anti-spam.
[2026-06-15 22:39:39] (Hilo: ACCIONES) [🎯 ALINEACIÓN] JPMm | Tendencia H1: UP | RSI M1: 28.81 -> BUY
[2026-06-15 22:39:39] (Hilo: ACCIONES) [COOLDOWN MANUAL] JPMm en cuarentena anti-spam.
[2026-06-15 22:39:39] (Hilo: ACCIONES) [🎯 ALINEACIÓN] LINm | Tendencia H1: UP | RSI M1: 27.91 -> BUY
[2026-06-15 22:39:39] (Hilo: ACCIONES) [COOLDOWN MANUAL] LINm en cuarentena anti-spam.
[2026-06-15 22:39:39] (Hilo: ACCIONES) [🎯 ALINEACIÓN] MCDm | Tendencia H1: UP | RSI M1: 28.07 -> BUY
[2026-06-15 22:39:39] (Hilo: ACCIONES) [COOLDOWN MANUAL] MCDm en cuarentena anti-spam.
[2026-06-15 22:39:39] (Hilo: ACCIONES) [🎯 ALINEACIÓN] MMMm | Tendencia H1: UP | RSI M1: 8.89 -> BUY
[2026-06-15 22:39:39] (Hilo: ACCIONES) [COOLDOWN MANUAL] MMMm en cuarentena anti-spam.
[2026-06-15 22:39:39] (Hilo: ACCIONES) [🎯 ALINEACIÓN] MSFTm | Tendencia H1: DOWN | RSI M1: 95.51 -> SELL
[2026-06-15 22:39:39] (Hilo: ACCIONES) [COOLDOWN MANUAL] MSFTm en cuarentena anti-spam.
[2026-06-15 22:39:39] (Hilo: ACCIONES) [🎯 ALINEACIÓN] NFLXm | Tendencia H1: DOWN | RSI M1: 71.43 -> SELL
[2026-06-15 22:39:39] (Hilo: ACCIONES) [COOLDOWN MANUAL] NFLXm en cuarentena anti-spam.
[2026-06-15 22:39:39] (Hilo: ACCIONES) [🎯 ALINEACIÓN] PGm | Tendencia H1: UP | RSI M1: 24.32 -> BUY
[2026-06-15 22:39:39] (Hilo: ACCIONES) [COOLDOWN MANUAL] PGm en cuarentena anti-spam.
[2026-06-15 22:39:39] (Hilo: ACCIONES) [🎯 ALINEACIÓN] SBUXm | Tendencia H1: UP | RSI M1: 18.37 -> BUY
[2026-06-15 22:39:39] (Hilo: ACCIONES) [COOLDOWN MANUAL] SBUXm en cuarentena anti-spam.
[2026-06-15 22:39:39] (Hilo: ACCIONES) [🎯 ALINEACIÓN] VRTXm | Tendencia H1: UP | RSI M1: 26.01 -> BUY
[2026-06-15 22:39:39] (Hilo: ACCIONES) [COOLDOWN MANUAL] VRTXm en cuarentena anti-spam.
[2026-06-15 22:39:44] (Hilo: CRIPTO) Patrullando 2 activos...
[2026-06-15 22:39:44] (Hilo: ENERGIA) Patrullando 3 activos...
[2026-06-15 22:39:44] (Hilo: FOREX) Patrullando 7 activos...
[2026-06-15 22:39:45] (Hilo: INDICES) Patrullando 14 activos...
[2026-06-15 22:39:45] (Hilo: METALES) Patrullando 15 activos...
[2026-06-15 22:39:45] (Hilo: METALES) [🎯 ALINEACIÓN] XPTUSDm | Tendencia H1: DOWN | RSI M1: 73.91 -> SELL
[2026-06-15 22:39:45] (Hilo: METALES) [COOLDOWN MANUAL] XPTUSDm en cuarentena anti-spam.
[2026-06-15 22:39:54] (Hilo: ACCIONES) Patrullando 91 activos...
[2026-06-15 22:39:54] (Hilo: ACCIONES) [🎯 ALINEACIÓN] ADBEm | Tendencia H1: DOWN | RSI M1: 70.75 -> SELL
[2026-06-15 22:39:54] (Hilo: ACCIONES) [COOLDOWN MANUAL] ADBEm en cuarentena anti-spam.
[2026-06-15 22:39:54] (Hilo: ACCIONES) [🎯 ALINEACIÓN] AMGNm | Tendencia H1: UP | RSI M1: 25.57 -> BUY
[2026-06-15 22:39:54] (Hilo: ACCIONES) [COOLDOWN MANUAL] AMGNm en cuarentena anti-spam.
[2026-06-15 22:39:54] (Hilo: ACCIONES) [🎯 ALINEACIÓN] CMCSAm | Tendencia H1: DOWN | RSI M1: 76.92 -> SELL
[2026-06-15 22:39:54] (Hilo: ACCIONES) [COOLDOWN MANUAL] CMCSAm en cuarentena anti-spam.
[2026-06-15 22:39:54] (Hilo: ACCIONES) [🎯 ALINEACIÓN] JNJm | Tendencia H1: UP | RSI M1: 10.64 -> BUY
[2026-06-15 22:39:54] (Hilo: ACCIONES) [COOLDOWN MANUAL] JNJm en cuarentena anti-spam.
[2026-06-15 22:39:54] (Hilo: ACCIONES) [🎯 ALINEACIÓN] JPMm | Tendencia H1: UP | RSI M1: 28.81 -> BUY
[2026-06-15 22:39:54] (Hilo: ACCIONES) [COOLDOWN MANUAL] JPMm en cuarentena anti-spam.
[2026-06-15 22:39:54] (Hilo: ACCIONES) [🎯 ALINEACIÓN] LINm | Tendencia H1: UP | RSI M1: 27.91 -> BUY
[2026-06-15 22:39:54] (Hilo: ACCIONES) [COOLDOWN MANUAL] LINm en cuarentena anti-spam.
[2026-06-15 22:39:54] (Hilo: ACCIONES) [🎯 ALINEACIÓN] MCDm | Tendencia H1: UP | RSI M1: 28.07 -> BUY
[2026-06-15 22:39:54] (Hilo: ACCIONES) [COOLDOWN MANUAL] MCDm en cuarentena anti-spam.
[2026-06-15 22:39:54] (Hilo: ACCIONES) [🎯 ALINEACIÓN] MMMm | Tendencia H1: UP | RSI M1: 8.89 -> BUY
[2026-06-15 22:39:54] (Hilo: ACCIONES) [COOLDOWN MANUAL] MMMm en cuarentena anti-spam.
[2026-06-15 22:39:54] (Hilo: ACCIONES) [🎯 ALINEACIÓN] MSFTm | Tendencia H1: DOWN | RSI M1: 95.51 -> SELL
[2026-06-15 22:39:54] (Hilo: ACCIONES) [COOLDOWN MANUAL] MSFTm en cuarentena anti-spam.
[2026-06-15 22:39:54] (Hilo: ACCIONES) [🎯 ALINEACIÓN] NFLXm | Tendencia H1: DOWN | RSI M1: 71.43 -> SELL
[2026-06-15 22:39:54] (Hilo: ACCIONES) [COOLDOWN MANUAL] NFLXm en cuarentena anti-spam.
[2026-06-15 22:39:54] (Hilo: ACCIONES) [🎯 ALINEACIÓN] PGm | Tendencia H1: UP | RSI M1: 24.32 -> BUY
[2026-06-15 22:39:54] (Hilo: ACCIONES) [COOLDOWN MANUAL] PGm en cuarentena anti-spam.
[2026-06-15 22:39:54] (Hilo: ACCIONES) [🎯 ALINEACIÓN] SBUXm | Tendencia H1: UP | RSI M1: 18.37 -> BUY
[2026-06-15 22:39:54] (Hilo: ACCIONES) [COOLDOWN MANUAL] SBUXm en cuarentena anti-spam.
[2026-06-15 22:39:54] (Hilo: ACCIONES) [🎯 ALINEACIÓN] VRTXm | Tendencia H1: UP | RSI M1: 26.01 -> BUY
[2026-06-15 22:39:54] (Hilo: ACCIONES) [COOLDOWN MANUAL] VRTXm en cuarentena anti-spam.
[2026-06-15 22:39:59] (Hilo: CRIPTO) Patrullando 2 activos...
[2026-06-15 22:39:59] (Hilo: ENERGIA) Patrullando 3 activos...
[2026-06-15 22:39:59] (Hilo: FOREX) Patrullando 7 activos...
[2026-06-15 22:40:00] (Hilo: INDICES) Patrullando 14 activos...
[2026-06-15 22:40:00] (Hilo: METALES) Patrullando 15 activos...
[2026-06-15 22:40:00] (Hilo: METALES) [🎯 ALINEACIÓN] XPTUSDm | Tendencia H1: DOWN | RSI M1: 76.95 -> SELL
[2026-06-15 22:40:00] (Hilo: METALES) [COOLDOWN MANUAL] XPTUSDm en cuarentena anti-spam.
[2026-06-15 22:40:09] (Hilo: ACCIONES) Patrullando 91 activos...
[2026-06-15 22:40:09] (Hilo: ACCIONES) [🎯 ALINEACIÓN] ADBEm | Tendencia H1: DOWN | RSI M1: 70.75 -> SELL
[2026-06-15 22:40:09] (Hilo: ACCIONES) [ADBEm] 🔥 Condiciones de disparo autorizadas. Ejecutando SELL...
[2026-06-15 22:40:09] (Hilo: ACCIONES) [ADBEm] ⚠️ Orden rechazada por el bróker (Posible mercado cerrado o error). Activando cuarentena anti-spam de 5 minutos.
[2026-06-15 22:40:09] (Hilo: ACCIONES) [🎯 ALINEACIÓN] AMGNm | Tendencia H1: UP | RSI M1: 25.57 -> BUY
[2026-06-15 22:40:09] (Hilo: ACCIONES) [AMGNm] 🔥 Condiciones de disparo autorizadas. Ejecutando BUY...
[2026-06-15 22:40:09] (Hilo: ACCIONES) [AMGNm] ⚠️ Orden rechazada por el bróker (Posible mercado cerrado o error). Activando cuarentena anti-spam de 5 minutos.
[2026-06-15 22:40:09] (Hilo: ACCIONES) [🎯 ALINEACIÓN] CMCSAm | Tendencia H1: DOWN | RSI M1: 76.92 -> SELL
[2026-06-15 22:40:09] (Hilo: ACCIONES) [CMCSAm] 🔥 Condiciones de disparo autorizadas. Ejecutando SELL...
[2026-06-15 22:40:09] (Hilo: ACCIONES) [CMCSAm] ⚠️ Orden rechazada por el bróker (Posible mercado cerrado o error). Activando cuarentena anti-spam de 5 minutos.
[2026-06-15 22:40:09] (Hilo: ACCIONES) [🎯 ALINEACIÓN] JNJm | Tendencia H1: UP | RSI M1: 10.64 -> BUY
[2026-06-15 22:40:09] (Hilo: ACCIONES) [JNJm] 🔥 Condiciones de disparo autorizadas. Ejecutando BUY...
[2026-06-15 22:40:09] (Hilo: ACCIONES) [JNJm] ⚠️ Orden rechazada por el bróker (Posible mercado cerrado o error). Activando cuarentena anti-spam de 5 minutos.
[2026-06-15 22:40:09] (Hilo: ACCIONES) [🎯 ALINEACIÓN] JPMm | Tendencia H1: UP | RSI M1: 28.81 -> BUY
[2026-06-15 22:40:09] (Hilo: ACCIONES) [JPMm] 🔥 Condiciones de disparo autorizadas. Ejecutando BUY...
[2026-06-15 22:40:09] (Hilo: ACCIONES) [JPMm] ⚠️ Orden rechazada por el bróker (Posible mercado cerrado o error). Activando cuarentena anti-spam de 5 minutos.
[2026-06-15 22:40:09] (Hilo: ACCIONES) [🎯 ALINEACIÓN] LINm | Tendencia H1: UP | RSI M1: 27.91 -> BUY
[2026-06-15 22:40:09] (Hilo: ACCIONES) [LINm] 🔥 Condiciones de disparo autorizadas. Ejecutando BUY...
[2026-06-15 22:40:09] (Hilo: ACCIONES) [LINm] ⚠️ Orden rechazada por el bróker (Posible mercado cerrado o error). Activando cuarentena anti-spam de 5 minutos.
[2026-06-15 22:40:09] (Hilo: ACCIONES) [🎯 ALINEACIÓN] MCDm | Tendencia H1: UP | RSI M1: 28.07 -> BUY
[2026-06-15 22:40:09] (Hilo: ACCIONES) [MCDm] 🔥 Condiciones de disparo autorizadas. Ejecutando BUY...
[2026-06-15 22:40:09] (Hilo: ACCIONES) [MCDm] ⚠️ Orden rechazada por el bróker (Posible mercado cerrado o error). Activando cuarentena anti-spam de 5 minutos.
[2026-06-15 22:40:09] (Hilo: ACCIONES) [🎯 ALINEACIÓN] MMMm | Tendencia H1: UP | RSI M1: 8.89 -> BUY
[2026-06-15 22:40:09] (Hilo: ACCIONES) [MMMm] 🔥 Condiciones de disparo autorizadas. Ejecutando BUY...
[2026-06-15 22:40:09] (Hilo: ACCIONES) [MMMm] ⚠️ Orden rechazada por el bróker (Posible mercado cerrado o error). Activando cuarentena anti-spam de 5 minutos.
[2026-06-15 22:40:09] (Hilo: ACCIONES) [🎯 ALINEACIÓN] MSFTm | Tendencia H1: DOWN | RSI M1: 95.51 -> SELL
[2026-06-15 22:40:09] (Hilo: ACCIONES) [MSFTm] 🔥 Condiciones de disparo autorizadas. Ejecutando SELL...
[2026-06-15 22:40:09] (Hilo: ACCIONES) [MSFTm] ⚠️ Orden rechazada por el bróker (Posible mercado cerrado o error). Activando cuarentena anti-spam de 5 minutos.
[2026-06-15 22:40:09] (Hilo: ACCIONES) [🎯 ALINEACIÓN] NFLXm | Tendencia H1: DOWN | RSI M1: 71.43 -> SELL
[2026-06-15 22:40:09] (Hilo: ACCIONES) [NFLXm] 🔥 Condiciones de disparo autorizadas. Ejecutando SELL...
[2026-06-15 22:40:09] (Hilo: ACCIONES) [NFLXm] ⚠️ Orden rechazada por el bróker (Posible mercado cerrado o error). Activando cuarentena anti-spam de 5 minutos.
[2026-06-15 22:40:10] (Hilo: ACCIONES) [🎯 ALINEACIÓN] PGm | Tendencia H1: UP | RSI M1: 24.32 -> BUY
[2026-06-15 22:40:10] (Hilo: ACCIONES) [PGm] 🔥 Condiciones de disparo autorizadas. Ejecutando BUY...
[2026-06-15 22:40:10] (Hilo: ACCIONES) [PGm] ⚠️ Orden rechazada por el bróker (Posible mercado cerrado o error). Activando cuarentena anti-spam de 5 minutos.
[2026-06-15 22:40:10] (Hilo: ACCIONES) [🎯 ALINEACIÓN] SBUXm | Tendencia H1: UP | RSI M1: 18.37 -> BUY
[2026-06-15 22:40:10] (Hilo: ACCIONES) [SBUXm] 🔥 Condiciones de disparo autorizadas. Ejecutando BUY...
[2026-06-15 22:40:10] (Hilo: ACCIONES) [SBUXm] ⚠️ Orden rechazada por el bróker (Posible mercado cerrado o error). Activando cuarentena anti-spam de 5 minutos.
[2026-06-15 22:40:10] (Hilo: ACCIONES) [🎯 ALINEACIÓN] VRTXm | Tendencia H1: UP | RSI M1: 26.01 -> BUY
[2026-06-15 22:40:10] (Hilo: ACCIONES) [VRTXm] 🔥 Condiciones de disparo autorizadas. Ejecutando BUY...
[2026-06-15 22:40:10] (Hilo: ACCIONES) [VRTXm] ⚠️ Orden rechazada por el bróker (Posible mercado cerrado o error). Activando cuarentena anti-spam de 5 minutos.
[2026-06-15 22:40:14] (Hilo: CRIPTO) Patrullando 2 activos...
[2026-06-15 22:40:14] (Hilo: ENERGIA) Patrullando 3 activos...
[2026-06-15 22:40:14] (Hilo: FOREX) Patrullando 7 activos...
[2026-06-15 22:40:15] (Hilo: INDICES) Patrullando 14 activos...
[2026-06-15 22:40:15] (Hilo: METALES) Patrullando 15 activos...
[2026-06-15 22:40:15] (Hilo: METALES) [🎯 ALINEACIÓN] XPTUSDm | Tendencia H1: DOWN | RSI M1: 78.01 -> SELL
[2026-06-15 22:40:15] (Hilo: METALES) [XPTUSDm] 🔥 Condiciones de disparo autorizadas. Ejecutando SELL...
[2026-06-15 22:40:15] (Hilo: METALES) [XPTUSDm] ⚠️ Orden rechazada por el bróker (Posible mercado cerrado o error). Activando cuarentena anti-spam de 5 minutos.
[2026-06-15 22:40:25] (Hilo: ACCIONES) Patrullando 91 activos...
[2026-06-15 22:40:25] (Hilo: ACCIONES) [🎯 ALINEACIÓN] ADBEm | Tendencia H1: DOWN | RSI M1: 70.75 -> SELL
[2026-06-15 22:40:25] (Hilo: ACCIONES) [COOLDOWN MANUAL] ADBEm en cuarentena anti-spam.
[2026-06-15 22:40:25] (Hilo: ACCIONES) [🎯 ALINEACIÓN] AMGNm | Tendencia H1: UP | RSI M1: 25.57 -> BUY
[2026-06-15 22:40:25] (Hilo: ACCIONES) [COOLDOWN MANUAL] AMGNm en cuarentena anti-spam.
[2026-06-15 22:40:25] (Hilo: ACCIONES) [🎯 ALINEACIÓN] CMCSAm | Tendencia H1: DOWN | RSI M1: 76.92 -> SELL
[2026-06-15 22:40:25] (Hilo: ACCIONES) [COOLDOWN MANUAL] CMCSAm en cuarentena anti-spam.
[2026-06-15 22:40:25] (Hilo: ACCIONES) [🎯 ALINEACIÓN] JNJm | Tendencia H1: UP | RSI M1: 10.64 -> BUY
[2026-06-15 22:40:25] (Hilo: ACCIONES) [COOLDOWN MANUAL] JNJm en cuarentena anti-spam.
[2026-06-15 22:40:25] (Hilo: ACCIONES) [🎯 ALINEACIÓN] JPMm | Tendencia H1: UP | RSI M1: 28.81 -> BUY
[2026-06-15 22:40:25] (Hilo: ACCIONES) [COOLDOWN MANUAL] JPMm en cuarentena anti-spam.
[2026-06-15 22:40:25] (Hilo: ACCIONES) [🎯 ALINEACIÓN] LINm | Tendencia H1: UP | RSI M1: 27.91 -> BUY
[2026-06-15 22:40:25] (Hilo: ACCIONES) [COOLDOWN MANUAL] LINm en cuarentena anti-spam.
[2026-06-15 22:40:25] (Hilo: ACCIONES) [🎯 ALINEACIÓN] MCDm | Tendencia H1: UP | RSI M1: 28.07 -> BUY
[2026-06-15 22:40:25] (Hilo: ACCIONES) [COOLDOWN MANUAL] MCDm en cuarentena anti-spam.
[2026-06-15 22:40:25] (Hilo: ACCIONES) [🎯 ALINEACIÓN] MMMm | Tendencia H1: UP | RSI M1: 8.89 -> BUY
[2026-06-15 22:40:25] (Hilo: ACCIONES) [COOLDOWN MANUAL] MMMm en cuarentena anti-spam.
[2026-06-15 22:40:25] (Hilo: ACCIONES) [🎯 ALINEACIÓN] MSFTm | Tendencia H1: DOWN | RSI M1: 95.51 -> SELL
[2026-06-15 22:40:25] (Hilo: ACCIONES) [COOLDOWN MANUAL] MSFTm en cuarentena anti-spam.
[2026-06-15 22:40:25] (Hilo: ACCIONES) [🎯 ALINEACIÓN] NFLXm | Tendencia H1: DOWN | RSI M1: 71.43 -> SELL
[2026-06-15 22:40:25] (Hilo: ACCIONES) [COOLDOWN MANUAL] NFLXm en cuarentena anti-spam.
[2026-06-15 22:40:25] (Hilo: ACCIONES) [🎯 ALINEACIÓN] PGm | Tendencia H1: UP | RSI M1: 24.32 -> BUY
[2026-06-15 22:40:25] (Hilo: ACCIONES) [COOLDOWN MANUAL] PGm en cuarentena anti-spam.
[2026-06-15 22:40:25] (Hilo: ACCIONES) [🎯 ALINEACIÓN] SBUXm | Tendencia H1: UP | RSI M1: 18.37 -> BUY
[2026-06-15 22:40:25] (Hilo: ACCIONES) [COOLDOWN MANUAL] SBUXm en cuarentena anti-spam.
[2026-06-15 22:40:25] (Hilo: ACCIONES) [🎯 ALINEACIÓN] VRTXm | Tendencia H1: UP | RSI M1: 26.01 -> BUY
[2026-06-15 22:40:25] (Hilo: ACCIONES) [COOLDOWN MANUAL] VRTXm en cuarentena anti-spam.
[2026-06-15 22:40:29] (Hilo: CRIPTO) Patrullando 2 activos...
[2026-06-15 22:40:29] (Hilo: ENERGIA) Patrullando 3 activos...
[2026-06-15 22:40:29] (Hilo: FOREX) Patrullando 7 activos...
[2026-06-15 22:40:30] (Hilo: INDICES) Patrullando 14 activos...
[2026-06-15 22:40:30] (Hilo: METALES) Patrullando 15 activos...
[2026-06-15 22:40:30] (Hilo: METALES) [🎯 ALINEACIÓN] XPTUSDm | Tendencia H1: DOWN | RSI M1: 77.58 -> SELL
[2026-06-15 22:40:30] (Hilo: METALES) [COOLDOWN MANUAL] XPTUSDm en cuarentena anti-spam.
[2026-06-15 22:40:40] (Hilo: ACCIONES) Patrullando 91 activos...
[2026-06-15 22:40:40] (Hilo: ACCIONES) [🎯 ALINEACIÓN] ADBEm | Tendencia H1: DOWN | RSI M1: 70.75 -> SELL
[2026-06-15 22:40:40] (Hilo: ACCIONES) [COOLDOWN MANUAL] ADBEm en cuarentena anti-spam.
[2026-06-15 22:40:40] (Hilo: ACCIONES) [🎯 ALINEACIÓN] AMGNm | Tendencia H1: UP | RSI M1: 25.57 -> BUY
[2026-06-15 22:40:40] (Hilo: ACCIONES) [COOLDOWN MANUAL] AMGNm en cuarentena anti-spam.
[2026-06-15 22:40:40] (Hilo: ACCIONES) [🎯 ALINEACIÓN] CMCSAm | Tendencia H1: DOWN | RSI M1: 76.92 -> SELL
[2026-06-15 22:40:40] (Hilo: ACCIONES) [COOLDOWN MANUAL] CMCSAm en cuarentena anti-spam.
[2026-06-15 22:40:40] (Hilo: ACCIONES) [🎯 ALINEACIÓN] JNJm | Tendencia H1: UP | RSI M1: 10.64 -> BUY
[2026-06-15 22:40:40] (Hilo: ACCIONES) [COOLDOWN MANUAL] JNJm en cuarentena anti-spam.
[2026-06-15 22:40:40] (Hilo: ACCIONES) [🎯 ALINEACIÓN] JPMm | Tendencia H1: UP | RSI M1: 28.81 -> BUY
[2026-06-15 22:40:40] (Hilo: ACCIONES) [COOLDOWN MANUAL] JPMm en cuarentena anti-spam.
[2026-06-15 22:40:40] (Hilo: ACCIONES) [🎯 ALINEACIÓN] LINm | Tendencia H1: UP | RSI M1: 27.91 -> BUY
[2026-06-15 22:40:40] (Hilo: ACCIONES) [COOLDOWN MANUAL] LINm en cuarentena anti-spam.
[2026-06-15 22:40:40] (Hilo: ACCIONES) [🎯 ALINEACIÓN] MCDm | Tendencia H1: UP | RSI M1: 28.07 -> BUY
[2026-06-15 22:40:40] (Hilo: ACCIONES) [COOLDOWN MANUAL] MCDm en cuarentena anti-spam.
[2026-06-15 22:40:40] (Hilo: ACCIONES) [🎯 ALINEACIÓN] MMMm | Tendencia H1: UP | RSI M1: 8.89 -> BUY
[2026-06-15 22:40:40] (Hilo: ACCIONES) [COOLDOWN MANUAL] MMMm en cuarentena anti-spam.
[2026-06-15 22:40:40] (Hilo: ACCIONES) [🎯 ALINEACIÓN] MSFTm | Tendencia H1: DOWN | RSI M1: 95.51 -> SELL
[2026-06-15 22:40:40] (Hilo: ACCIONES) [COOLDOWN MANUAL] MSFTm en cuarentena anti-spam.
[2026-06-15 22:40:40] (Hilo: ACCIONES) [🎯 ALINEACIÓN] NFLXm | Tendencia H1: DOWN | RSI M1: 71.43 -> SELL
[2026-06-15 22:40:40] (Hilo: ACCIONES) [COOLDOWN MANUAL] NFLXm en cuarentena anti-spam.
[2026-06-15 22:40:40] (Hilo: ACCIONES) [🎯 ALINEACIÓN] PGm | Tendencia H1: UP | RSI M1: 24.32 -> BUY
[2026-06-15 22:40:40] (Hilo: ACCIONES) [COOLDOWN MANUAL] PGm en cuarentena anti-spam.
[2026-06-15 22:40:40] (Hilo: ACCIONES) [🎯 ALINEACIÓN] SBUXm | Tendencia H1: UP | RSI M1: 18.37 -> BUY
[2026-06-15 22:40:40] (Hilo: ACCIONES) [COOLDOWN MANUAL] SBUXm en cuarentena anti-spam.
[2026-06-15 22:40:40] (Hilo: ACCIONES) [🎯 ALINEACIÓN] VRTXm | Tendencia H1: UP | RSI M1: 26.01 -> BUY
[2026-06-15 22:40:40] (Hilo: ACCIONES) [COOLDOWN MANUAL] VRTXm en cuarentena anti-spam.
[2026-06-15 22:40:44] (Hilo: CRIPTO) Patrullando 2 activos...
[2026-06-15 22:40:44] (Hilo: ENERGIA) Patrullando 3 activos...
[2026-06-15 22:40:44] (Hilo: FOREX) Patrullando 7 activos...
[2026-06-15 22:40:45] (Hilo: INDICES) Patrullando 14 activos...
[2026-06-15 22:40:45] (Hilo: METALES) Patrullando 15 activos...
[2026-06-15 22:40:45] (Hilo: METALES) [🎯 ALINEACIÓN] XPTUSDm | Tendencia H1: DOWN | RSI M1: 77.94 -> SELL
[2026-06-15 22:40:45] (Hilo: METALES) [COOLDOWN MANUAL] XPTUSDm en cuarentena anti-spam.
[2026-06-15 22:40:55] (Hilo: ACCIONES) Patrullando 91 activos...
[2026-06-15 22:40:55] (Hilo: ACCIONES) [🎯 ALINEACIÓN] ADBEm | Tendencia H1: DOWN | RSI M1: 70.75 -> SELL
[2026-06-15 22:40:55] (Hilo: ACCIONES) [COOLDOWN MANUAL] ADBEm en cuarentena anti-spam.
[2026-06-15 22:40:55] (Hilo: ACCIONES) [🎯 ALINEACIÓN] AMGNm | Tendencia H1: UP | RSI M1: 25.57 -> BUY
[2026-06-15 22:40:55] (Hilo: ACCIONES) [COOLDOWN MANUAL] AMGNm en cuarentena anti-spam.
[2026-06-15 22:40:55] (Hilo: ACCIONES) [🎯 ALINEACIÓN] CMCSAm | Tendencia H1: DOWN | RSI M1: 76.92 -> SELL
[2026-06-15 22:40:55] (Hilo: ACCIONES) [COOLDOWN MANUAL] CMCSAm en cuarentena anti-spam.
[2026-06-15 22:40:55] (Hilo: ACCIONES) [🎯 ALINEACIÓN] JNJm | Tendencia H1: UP | RSI M1: 10.64 -> BUY
[2026-06-15 22:40:55] (Hilo: ACCIONES) [COOLDOWN MANUAL] JNJm en cuarentena anti-spam.
[2026-06-15 22:40:55] (Hilo: ACCIONES) [🎯 ALINEACIÓN] JPMm | Tendencia H1: UP | RSI M1: 28.81 -> BUY
[2026-06-15 22:40:55] (Hilo: ACCIONES) [COOLDOWN MANUAL] JPMm en cuarentena anti-spam.
[2026-06-15 22:40:55] (Hilo: ACCIONES) [🎯 ALINEACIÓN] LINm | Tendencia H1: UP | RSI M1: 27.91 -> BUY
[2026-06-15 22:40:55] (Hilo: ACCIONES) [COOLDOWN MANUAL] LINm en cuarentena anti-spam.
[2026-06-15 22:40:55] (Hilo: ACCIONES) [🎯 ALINEACIÓN] MCDm | Tendencia H1: UP | RSI M1: 28.07 -> BUY
[2026-06-15 22:40:55] (Hilo: ACCIONES) [COOLDOWN MANUAL] MCDm en cuarentena anti-spam.
[2026-06-15 22:40:55] (Hilo: ACCIONES) [🎯 ALINEACIÓN] MMMm | Tendencia H1: UP | RSI M1: 8.89 -> BUY
[2026-06-15 22:40:55] (Hilo: ACCIONES) [COOLDOWN MANUAL] MMMm en cuarentena anti-spam.
[2026-06-15 22:40:55] (Hilo: ACCIONES) [🎯 ALINEACIÓN] MSFTm | Tendencia H1: DOWN | RSI M1: 95.51 -> SELL
[2026-06-15 22:40:55] (Hilo: ACCIONES) [COOLDOWN MANUAL] MSFTm en cuarentena anti-spam.
[2026-06-15 22:40:55] (Hilo: ACCIONES) [🎯 ALINEACIÓN] NFLXm | Tendencia H1: DOWN | RSI M1: 71.43 -> SELL
[2026-06-15 22:40:55] (Hilo: ACCIONES) [COOLDOWN MANUAL] NFLXm en cuarentena anti-spam.
[2026-06-15 22:40:55] (Hilo: ACCIONES) [🎯 ALINEACIÓN] PGm | Tendencia H1: UP | RSI M1: 24.32 -> BUY
[2026-06-15 22:40:55] (Hilo: ACCIONES) [COOLDOWN MANUAL] PGm en cuarentena anti-spam.
[2026-06-15 22:40:55] (Hilo: ACCIONES) [🎯 ALINEACIÓN] SBUXm | Tendencia H1: UP | RSI M1: 18.37 -> BUY
[2026-06-15 22:40:55] (Hilo: ACCIONES) [COOLDOWN MANUAL] SBUXm en cuarentena anti-spam.
[2026-06-15 22:40:56] (Hilo: ACCIONES) [🎯 ALINEACIÓN] VRTXm | Tendencia H1: UP | RSI M1: 26.01 -> BUY
[2026-06-15 22:40:56] (Hilo: ACCIONES) [COOLDOWN MANUAL] VRTXm en cuarentena anti-spam.
[2026-06-15 22:40:59] (Hilo: CRIPTO) Patrullando 2 activos...
[2026-06-15 22:40:59] (Hilo: ENERGIA) Patrullando 3 activos...
[2026-06-15 22:40:59] (Hilo: FOREX) Patrullando 7 activos...
[2026-06-15 22:41:00] (Hilo: INDICES) Patrullando 14 activos...
[2026-06-15 22:41:00] (Hilo: METALES) Patrullando 15 activos...
[2026-06-15 22:41:00] (Hilo: METALES) [🎯 ALINEACIÓN] XPTUSDm | Tendencia H1: DOWN | RSI M1: 77.50 -> SELL
[2026-06-15 22:41:00] (Hilo: METALES) [COOLDOWN MANUAL] XPTUSDm en cuarentena anti-spam.
[2026-06-15 22:41:11] (Hilo: ACCIONES) Patrullando 91 activos...
[2026-06-15 22:41:11] (Hilo: ACCIONES) [🎯 ALINEACIÓN] ADBEm | Tendencia H1: DOWN | RSI M1: 70.75 -> SELL
[2026-06-15 22:41:11] (Hilo: ACCIONES) [COOLDOWN MANUAL] ADBEm en cuarentena anti-spam.
[2026-06-15 22:41:11] (Hilo: ACCIONES) [🎯 ALINEACIÓN] AMGNm | Tendencia H1: UP | RSI M1: 25.57 -> BUY
[2026-06-15 22:41:11] (Hilo: ACCIONES) [COOLDOWN MANUAL] AMGNm en cuarentena anti-spam.
[2026-06-15 22:41:11] (Hilo: ACCIONES) [🎯 ALINEACIÓN] CMCSAm | Tendencia H1: DOWN | RSI M1: 76.92 -> SELL
[2026-06-15 22:41:11] (Hilo: ACCIONES) [COOLDOWN MANUAL] CMCSAm en cuarentena anti-spam.
[2026-06-15 22:41:11] (Hilo: ACCIONES) [🎯 ALINEACIÓN] JNJm | Tendencia H1: UP | RSI M1: 10.64 -> BUY
[2026-06-15 22:41:11] (Hilo: ACCIONES) [COOLDOWN MANUAL] JNJm en cuarentena anti-spam.
[2026-06-15 22:41:11] (Hilo: ACCIONES) [🎯 ALINEACIÓN] JPMm | Tendencia H1: UP | RSI M1: 28.81 -> BUY
[2026-06-15 22:41:11] (Hilo: ACCIONES) [COOLDOWN MANUAL] JPMm en cuarentena anti-spam.
[2026-06-15 22:41:11] (Hilo: ACCIONES) [🎯 ALINEACIÓN] LINm | Tendencia H1: UP | RSI M1: 27.91 -> BUY
[2026-06-15 22:41:11] (Hilo: ACCIONES) [COOLDOWN MANUAL] LINm en cuarentena anti-spam.
[2026-06-15 22:41:11] (Hilo: ACCIONES) [🎯 ALINEACIÓN] MCDm | Tendencia H1: UP | RSI M1: 28.07 -> BUY
[2026-06-15 22:41:11] (Hilo: ACCIONES) [COOLDOWN MANUAL] MCDm en cuarentena anti-spam.
[2026-06-15 22:41:11] (Hilo: ACCIONES) [🎯 ALINEACIÓN] MMMm | Tendencia H1: UP | RSI M1: 8.89 -> BUY
[2026-06-15 22:41:11] (Hilo: ACCIONES) [COOLDOWN MANUAL] MMMm en cuarentena anti-spam.
[2026-06-15 22:41:11] (Hilo: ACCIONES) [🎯 ALINEACIÓN] MSFTm | Tendencia H1: DOWN | RSI M1: 95.51 -> SELL
[2026-06-15 22:41:11] (Hilo: ACCIONES) [COOLDOWN MANUAL] MSFTm en cuarentena anti-spam.
[2026-06-15 22:41:11] (Hilo: ACCIONES) [🎯 ALINEACIÓN] NFLXm | Tendencia H1: DOWN | RSI M1: 71.43 -> SELL
[2026-06-15 22:41:11] (Hilo: ACCIONES) [COOLDOWN MANUAL] NFLXm en cuarentena anti-spam.
[2026-06-15 22:41:11] (Hilo: ACCIONES) [🎯 ALINEACIÓN] PGm | Tendencia H1: UP | RSI M1: 24.32 -> BUY
[2026-06-15 22:41:11] (Hilo: ACCIONES) [COOLDOWN MANUAL] PGm en cuarentena anti-spam.
[2026-06-15 22:41:11] (Hilo: ACCIONES) [🎯 ALINEACIÓN] SBUXm | Tendencia H1: UP | RSI M1: 18.37 -> BUY
[2026-06-15 22:41:11] (Hilo: ACCIONES) [COOLDOWN MANUAL] SBUXm en cuarentena anti-spam.
[2026-06-15 22:41:11] (Hilo: ACCIONES) [🎯 ALINEACIÓN] VRTXm | Tendencia H1: UP | RSI M1: 26.01 -> BUY
[2026-06-15 22:41:11] (Hilo: ACCIONES) [COOLDOWN MANUAL] VRTXm en cuarentena anti-spam.
[2026-06-15 22:41:14] (Hilo: CRIPTO) Patrullando 2 activos...
[2026-06-15 22:41:14] (Hilo: ENERGIA) Patrullando 3 activos...
[2026-06-15 22:41:14] (Hilo: FOREX) Patrullando 7 activos...
[2026-06-15 22:41:15] (Hilo: INDICES) Patrullando 14 activos...
[2026-06-15 22:41:15] (Hilo: INDICES) [🎯 ALINEACIÓN] HK50m | Tendencia H1: DOWN | RSI M1: 76.81 -> SELL
[2026-06-15 22:41:15] (Hilo: INDICES) [COOLDOWN MANUAL] HK50m en cuarentena anti-spam.
[2026-06-15 22:41:15] (Hilo: METALES) Patrullando 15 activos...
[2026-06-15 22:41:15] (Hilo: METALES) [🎯 ALINEACIÓN] XPTUSDm | Tendencia H1: DOWN | RSI M1: 73.89 -> SELL
[2026-06-15 22:41:15] (Hilo: METALES) [COOLDOWN MANUAL] XPTUSDm en cuarentena anti-spam.
[2026-06-15 22:41:26] (Hilo: ACCIONES) Patrullando 91 activos...
[2026-06-15 22:41:26] (Hilo: ACCIONES) [🎯 ALINEACIÓN] ADBEm | Tendencia H1: DOWN | RSI M1: 70.75 -> SELL
[2026-06-15 22:41:26] (Hilo: ACCIONES) [COOLDOWN MANUAL] ADBEm en cuarentena anti-spam.
[2026-06-15 22:41:26] (Hilo: ACCIONES) [🎯 ALINEACIÓN] AMGNm | Tendencia H1: UP | RSI M1: 25.57 -> BUY
[2026-06-15 22:41:26] (Hilo: ACCIONES) [COOLDOWN MANUAL] AMGNm en cuarentena anti-spam.
[2026-06-15 22:41:26] (Hilo: ACCIONES) [🎯 ALINEACIÓN] CMCSAm | Tendencia H1: DOWN | RSI M1: 76.92 -> SELL
[2026-06-15 22:41:26] (Hilo: ACCIONES) [COOLDOWN MANUAL] CMCSAm en cuarentena anti-spam.
[2026-06-15 22:41:26] (Hilo: ACCIONES) [🎯 ALINEACIÓN] JNJm | Tendencia H1: UP | RSI M1: 10.64 -> BUY
[2026-06-15 22:41:26] (Hilo: ACCIONES) [COOLDOWN MANUAL] JNJm en cuarentena anti-spam.
[2026-06-15 22:41:26] (Hilo: ACCIONES) [🎯 ALINEACIÓN] JPMm | Tendencia H1: UP | RSI M1: 28.81 -> BUY
[2026-06-15 22:41:26] (Hilo: ACCIONES) [COOLDOWN MANUAL] JPMm en cuarentena anti-spam.
[2026-06-15 22:41:26] (Hilo: ACCIONES) [🎯 ALINEACIÓN] LINm | Tendencia H1: UP | RSI M1: 27.91 -> BUY
[2026-06-15 22:41:26] (Hilo: ACCIONES) [COOLDOWN MANUAL] LINm en cuarentena anti-spam.
[2026-06-15 22:41:26] (Hilo: ACCIONES) [🎯 ALINEACIÓN] MCDm | Tendencia H1: UP | RSI M1: 28.07 -> BUY
[2026-06-15 22:41:26] (Hilo: ACCIONES) [COOLDOWN MANUAL] MCDm en cuarentena anti-spam.
[2026-06-15 22:41:26] (Hilo: ACCIONES) [🎯 ALINEACIÓN] MMMm | Tendencia H1: UP | RSI M1: 8.89 -> BUY
[2026-06-15 22:41:26] (Hilo: ACCIONES) [COOLDOWN MANUAL] MMMm en cuarentena anti-spam.
[2026-06-15 22:41:26] (Hilo: ACCIONES) [🎯 ALINEACIÓN] MSFTm | Tendencia H1: DOWN | RSI M1: 95.51 -> SELL
[2026-06-15 22:41:26] (Hilo: ACCIONES) [COOLDOWN MANUAL] MSFTm en cuarentena anti-spam.
[2026-06-15 22:41:26] (Hilo: ACCIONES) [🎯 ALINEACIÓN] NFLXm | Tendencia H1: DOWN | RSI M1: 71.43 -> SELL
[2026-06-15 22:41:26] (Hilo: ACCIONES) [COOLDOWN MANUAL] NFLXm en cuarentena anti-spam.
[2026-06-15 22:41:26] (Hilo: ACCIONES) [🎯 ALINEACIÓN] PGm | Tendencia H1: UP | RSI M1: 24.32 -> BUY
[2026-06-15 22:41:26] (Hilo: ACCIONES) [COOLDOWN MANUAL] PGm en cuarentena anti-spam.
[2026-06-15 22:41:26] (Hilo: ACCIONES) [🎯 ALINEACIÓN] SBUXm | Tendencia H1: UP | RSI M1: 18.37 -> BUY
[2026-06-15 22:41:26] (Hilo: ACCIONES) [COOLDOWN MANUAL] SBUXm en cuarentena anti-spam.
[2026-06-15 22:41:26] (Hilo: ACCIONES) [🎯 ALINEACIÓN] VRTXm | Tendencia H1: UP | RSI M1: 26.01 -> BUY
[2026-06-15 22:41:26] (Hilo: ACCIONES) [COOLDOWN MANUAL] VRTXm en cuarentena anti-spam.
[2026-06-15 22:41:29] (Hilo: CRIPTO) Patrullando 2 activos...
[2026-06-15 22:41:29] (Hilo: ENERGIA) Patrullando 3 activos...
[2026-06-15 22:41:29] (Hilo: FOREX) Patrullando 7 activos...
[2026-06-15 22:41:30] (Hilo: INDICES) Patrullando 14 activos...
[2026-06-15 22:41:30] (Hilo: INDICES) [🎯 ALINEACIÓN] HK50m | Tendencia H1: DOWN | RSI M1: 77.24 -> SELL
[2026-06-15 22:41:30] (Hilo: INDICES) [COOLDOWN MANUAL] HK50m en cuarentena anti-spam.
[2026-06-15 22:41:30] (Hilo: METALES) Patrullando 15 activos...
[2026-06-15 22:41:30] (Hilo: METALES) [🎯 ALINEACIÓN] XPTUSDm | Tendencia H1: DOWN | RSI M1: 74.75 -> SELL
[2026-06-15 22:41:30] (Hilo: METALES) [COOLDOWN MANUAL] XPTUSDm en cuarentena anti-spam.
[2026-06-15 22:41:41] (Hilo: ACCIONES) Patrullando 91 activos...
[2026-06-15 22:41:41] (Hilo: ACCIONES) [🎯 ALINEACIÓN] ADBEm | Tendencia H1: DOWN | RSI M1: 70.75 -> SELL
[2026-06-15 22:41:41] (Hilo: ACCIONES) [COOLDOWN MANUAL] ADBEm en cuarentena anti-spam.
[2026-06-15 22:41:41] (Hilo: ACCIONES) [🎯 ALINEACIÓN] AMGNm | Tendencia H1: UP | RSI M1: 25.57 -> BUY
[2026-06-15 22:41:41] (Hilo: ACCIONES) [COOLDOWN MANUAL] AMGNm en cuarentena anti-spam.
[2026-06-15 22:41:41] (Hilo: ACCIONES) [🎯 ALINEACIÓN] CMCSAm | Tendencia H1: DOWN | RSI M1: 76.92 -> SELL
[2026-06-15 22:41:41] (Hilo: ACCIONES) [COOLDOWN MANUAL] CMCSAm en cuarentena anti-spam.
[2026-06-15 22:41:41] (Hilo: ACCIONES) [🎯 ALINEACIÓN] JNJm | Tendencia H1: UP | RSI M1: 10.64 -> BUY
[2026-06-15 22:41:41] (Hilo: ACCIONES) [COOLDOWN MANUAL] JNJm en cuarentena anti-spam.
[2026-06-15 22:41:41] (Hilo: ACCIONES) [🎯 ALINEACIÓN] JPMm | Tendencia H1: UP | RSI M1: 28.81 -> BUY
[2026-06-15 22:41:41] (Hilo: ACCIONES) [COOLDOWN MANUAL] JPMm en cuarentena anti-spam.
[2026-06-15 22:41:41] (Hilo: ACCIONES) [🎯 ALINEACIÓN] LINm | Tendencia H1: UP | RSI M1: 27.91 -> BUY
[2026-06-15 22:41:41] (Hilo: ACCIONES) [COOLDOWN MANUAL] LINm en cuarentena anti-spam.
[2026-06-15 22:41:41] (Hilo: ACCIONES) [🎯 ALINEACIÓN] MCDm | Tendencia H1: UP | RSI M1: 28.07 -> BUY
[2026-06-15 22:41:41] (Hilo: ACCIONES) [COOLDOWN MANUAL] MCDm en cuarentena anti-spam.
[2026-06-15 22:41:41] (Hilo: ACCIONES) [🎯 ALINEACIÓN] MMMm | Tendencia H1: UP | RSI M1: 8.89 -> BUY
[2026-06-15 22:41:41] (Hilo: ACCIONES) [COOLDOWN MANUAL] MMMm en cuarentena anti-spam.
[2026-06-15 22:41:41] (Hilo: ACCIONES) [🎯 ALINEACIÓN] MSFTm | Tendencia H1: DOWN | RSI M1: 95.51 -> SELL
[2026-06-15 22:41:41] (Hilo: ACCIONES) [COOLDOWN MANUAL] MSFTm en cuarentena anti-spam.
[2026-06-15 22:41:41] (Hilo: ACCIONES) [🎯 ALINEACIÓN] NFLXm | Tendencia H1: DOWN | RSI M1: 71.43 -> SELL
[2026-06-15 22:41:41] (Hilo: ACCIONES) [COOLDOWN MANUAL] NFLXm en cuarentena anti-spam.
[2026-06-15 22:41:41] (Hilo: ACCIONES) [🎯 ALINEACIÓN] PGm | Tendencia H1: UP | RSI M1: 24.32 -> BUY
[2026-06-15 22:41:41] (Hilo: ACCIONES) [COOLDOWN MANUAL] PGm en cuarentena anti-spam.
[2026-06-15 22:41:41] (Hilo: ACCIONES) [🎯 ALINEACIÓN] SBUXm | Tendencia H1: UP | RSI M1: 18.37 -> BUY
[2026-06-15 22:41:41] (Hilo: ACCIONES) [COOLDOWN MANUAL] SBUXm en cuarentena anti-spam.
[2026-06-15 22:41:41] (Hilo: ACCIONES) [🎯 ALINEACIÓN] VRTXm | Tendencia H1: UP | RSI M1: 26.01 -> BUY
[2026-06-15 22:41:41] (Hilo: ACCIONES) [COOLDOWN MANUAL] VRTXm en cuarentena anti-spam.
[2026-06-15 22:41:44] (Hilo: CRIPTO) Patrullando 2 activos...
[2026-06-15 22:41:44] (Hilo: ENERGIA) Patrullando 3 activos...
[2026-06-15 22:41:44] (Hilo: FOREX) Patrullando 7 activos...
[2026-06-15 22:41:45] (Hilo: INDICES) Patrullando 14 activos...
[2026-06-15 22:41:45] (Hilo: INDICES) [🎯 ALINEACIÓN] HK50m | Tendencia H1: DOWN | RSI M1: 76.81 -> SELL
[2026-06-15 22:41:45] (Hilo: INDICES) [COOLDOWN MANUAL] HK50m en cuarentena anti-spam.
[2026-06-15 22:41:45] (Hilo: METALES) Patrullando 15 activos...
[2026-06-15 22:41:46] (Hilo: METALES) [🎯 ALINEACIÓN] XPTUSDm | Tendencia H1: DOWN | RSI M1: 75.78 -> SELL
[2026-06-15 22:41:46] (Hilo: METALES) [COOLDOWN MANUAL] XPTUSDm en cuarentena anti-spam.
[2026-06-15 22:41:56] (Hilo: ACCIONES) Patrullando 91 activos...
[2026-06-15 22:41:56] (Hilo: ACCIONES) [🎯 ALINEACIÓN] ADBEm | Tendencia H1: DOWN | RSI M1: 70.75 -> SELL
[2026-06-15 22:41:56] (Hilo: ACCIONES) [COOLDOWN MANUAL] ADBEm en cuarentena anti-spam.
[2026-06-15 22:41:56] (Hilo: ACCIONES) [🎯 ALINEACIÓN] AMGNm | Tendencia H1: UP | RSI M1: 25.57 -> BUY
[2026-06-15 22:41:56] (Hilo: ACCIONES) [COOLDOWN MANUAL] AMGNm en cuarentena anti-spam.
[2026-06-15 22:41:56] (Hilo: ACCIONES) [🎯 ALINEACIÓN] CMCSAm | Tendencia H1: DOWN | RSI M1: 76.92 -> SELL
[2026-06-15 22:41:56] (Hilo: ACCIONES) [COOLDOWN MANUAL] CMCSAm en cuarentena anti-spam.
[2026-06-15 22:41:56] (Hilo: ACCIONES) [🎯 ALINEACIÓN] JNJm | Tendencia H1: UP | RSI M1: 10.64 -> BUY
[2026-06-15 22:41:56] (Hilo: ACCIONES) [COOLDOWN MANUAL] JNJm en cuarentena anti-spam.
[2026-06-15 22:41:56] (Hilo: ACCIONES) [🎯 ALINEACIÓN] JPMm | Tendencia H1: UP | RSI M1: 28.81 -> BUY
[2026-06-15 22:41:56] (Hilo: ACCIONES) [COOLDOWN MANUAL] JPMm en cuarentena anti-spam.
[2026-06-15 22:41:56] (Hilo: ACCIONES) [🎯 ALINEACIÓN] LINm | Tendencia H1: UP | RSI M1: 27.91 -> BUY
[2026-06-15 22:41:56] (Hilo: ACCIONES) [COOLDOWN MANUAL] LINm en cuarentena anti-spam.
[2026-06-15 22:41:56] (Hilo: ACCIONES) [🎯 ALINEACIÓN] MCDm | Tendencia H1: UP | RSI M1: 28.07 -> BUY
[2026-06-15 22:41:56] (Hilo: ACCIONES) [COOLDOWN MANUAL] MCDm en cuarentena anti-spam.
[2026-06-15 22:41:56] (Hilo: ACCIONES) [🎯 ALINEACIÓN] MMMm | Tendencia H1: UP | RSI M1: 8.89 -> BUY
[2026-06-15 22:41:56] (Hilo: ACCIONES) [COOLDOWN MANUAL] MMMm en cuarentena anti-spam.
[2026-06-15 22:41:56] (Hilo: ACCIONES) [🎯 ALINEACIÓN] MSFTm | Tendencia H1: DOWN | RSI M1: 95.51 -> SELL
[2026-06-15 22:41:56] (Hilo: ACCIONES) [COOLDOWN MANUAL] MSFTm en cuarentena anti-spam.
[2026-06-15 22:41:56] (Hilo: ACCIONES) [🎯 ALINEACIÓN] NFLXm | Tendencia H1: DOWN | RSI M1: 71.43 -> SELL
[2026-06-15 22:41:56] (Hilo: ACCIONES) [COOLDOWN MANUAL] NFLXm en cuarentena anti-spam.
[2026-06-15 22:41:56] (Hilo: ACCIONES) [🎯 ALINEACIÓN] PGm | Tendencia H1: UP | RSI M1: 24.32 -> BUY
[2026-06-15 22:41:56] (Hilo: ACCIONES) [COOLDOWN MANUAL] PGm en cuarentena anti-spam.
[2026-06-15 22:41:56] (Hilo: ACCIONES) [🎯 ALINEACIÓN] SBUXm | Tendencia H1: UP | RSI M1: 18.37 -> BUY
[2026-06-15 22:41:56] (Hilo: ACCIONES) [COOLDOWN MANUAL] SBUXm en cuarentena anti-spam.
[2026-06-15 22:41:57] (Hilo: ACCIONES) [🎯 ALINEACIÓN] VRTXm | Tendencia H1: UP | RSI M1: 26.01 -> BUY
[2026-06-15 22:41:57] (Hilo: ACCIONES) [COOLDOWN MANUAL] VRTXm en cuarentena anti-spam.
[2026-06-15 22:41:59] (Hilo: CRIPTO) Patrullando 2 activos...
[2026-06-15 22:41:59] (Hilo: ENERGIA) Patrullando 3 activos...
[2026-06-15 22:41:59] (Hilo: FOREX) Patrullando 7 activos...
[2026-06-15 22:42:00] (Hilo: INDICES) Patrullando 14 activos...
[2026-06-15 22:42:00] (Hilo: INDICES) [🎯 ALINEACIÓN] HK50m | Tendencia H1: DOWN | RSI M1: 78.77 -> SELL
[2026-06-15 22:42:00] (Hilo: INDICES) [COOLDOWN MANUAL] HK50m en cuarentena anti-spam.
[2026-06-15 22:42:01] (Hilo: METALES) Patrullando 15 activos...
[2026-06-15 22:42:01] (Hilo: METALES) [🎯 ALINEACIÓN] XPTUSDm | Tendencia H1: DOWN | RSI M1: 78.17 -> SELL
[2026-06-15 22:42:01] (Hilo: METALES) [COOLDOWN MANUAL] XPTUSDm en cuarentena anti-spam.
[2026-06-15 22:42:12] (Hilo: ACCIONES) Patrullando 91 activos...
[2026-06-15 22:42:12] (Hilo: ACCIONES) [🎯 ALINEACIÓN] ADBEm | Tendencia H1: DOWN | RSI M1: 70.75 -> SELL
[2026-06-15 22:42:12] (Hilo: ACCIONES) [COOLDOWN MANUAL] ADBEm en cuarentena anti-spam.
[2026-06-15 22:42:12] (Hilo: ACCIONES) [🎯 ALINEACIÓN] AMGNm | Tendencia H1: UP | RSI M1: 25.57 -> BUY
[2026-06-15 22:42:12] (Hilo: ACCIONES) [COOLDOWN MANUAL] AMGNm en cuarentena anti-spam.
[2026-06-15 22:42:12] (Hilo: ACCIONES) [🎯 ALINEACIÓN] CMCSAm | Tendencia H1: DOWN | RSI M1: 76.92 -> SELL
[2026-06-15 22:42:12] (Hilo: ACCIONES) [COOLDOWN MANUAL] CMCSAm en cuarentena anti-spam.
[2026-06-15 22:42:12] (Hilo: ACCIONES) [🎯 ALINEACIÓN] JNJm | Tendencia H1: UP | RSI M1: 10.64 -> BUY
[2026-06-15 22:42:12] (Hilo: ACCIONES) [COOLDOWN MANUAL] JNJm en cuarentena anti-spam.
[2026-06-15 22:42:12] (Hilo: ACCIONES) [🎯 ALINEACIÓN] JPMm | Tendencia H1: UP | RSI M1: 28.81 -> BUY
[2026-06-15 22:42:12] (Hilo: ACCIONES) [COOLDOWN MANUAL] JPMm en cuarentena anti-spam.
[2026-06-15 22:42:12] (Hilo: ACCIONES) [🎯 ALINEACIÓN] LINm | Tendencia H1: UP | RSI M1: 27.91 -> BUY
[2026-06-15 22:42:12] (Hilo: ACCIONES) [COOLDOWN MANUAL] LINm en cuarentena anti-spam.
[2026-06-15 22:42:12] (Hilo: ACCIONES) [🎯 ALINEACIÓN] MCDm | Tendencia H1: UP | RSI M1: 28.07 -> BUY
[2026-06-15 22:42:12] (Hilo: ACCIONES) [COOLDOWN MANUAL] MCDm en cuarentena anti-spam.
[2026-06-15 22:42:12] (Hilo: ACCIONES) [🎯 ALINEACIÓN] MMMm | Tendencia H1: UP | RSI M1: 8.89 -> BUY
[2026-06-15 22:42:12] (Hilo: ACCIONES) [COOLDOWN MANUAL] MMMm en cuarentena anti-spam.
[2026-06-15 22:42:12] (Hilo: ACCIONES) [🎯 ALINEACIÓN] MSFTm | Tendencia H1: DOWN | RSI M1: 95.51 -> SELL
[2026-06-15 22:42:12] (Hilo: ACCIONES) [COOLDOWN MANUAL] MSFTm en cuarentena anti-spam.
[2026-06-15 22:42:12] (Hilo: ACCIONES) [🎯 ALINEACIÓN] NFLXm | Tendencia H1: DOWN | RSI M1: 71.43 -> SELL
[2026-06-15 22:42:12] (Hilo: ACCIONES) [COOLDOWN MANUAL] NFLXm en cuarentena anti-spam.
[2026-06-15 22:42:12] (Hilo: ACCIONES) [🎯 ALINEACIÓN] PGm | Tendencia H1: UP | RSI M1: 24.32 -> BUY
[2026-06-15 22:42:12] (Hilo: ACCIONES) [COOLDOWN MANUAL] PGm en cuarentena anti-spam.
[2026-06-15 22:42:12] (Hilo: ACCIONES) [🎯 ALINEACIÓN] SBUXm | Tendencia H1: UP | RSI M1: 18.37 -> BUY
[2026-06-15 22:42:12] (Hilo: ACCIONES) [COOLDOWN MANUAL] SBUXm en cuarentena anti-spam.
[2026-06-15 22:42:12] (Hilo: ACCIONES) [🎯 ALINEACIÓN] VRTXm | Tendencia H1: UP | RSI M1: 26.01 -> BUY
[2026-06-15 22:42:12] (Hilo: ACCIONES) [COOLDOWN MANUAL] VRTXm en cuarentena anti-spam.
[2026-06-15 22:42:14] (Hilo: CRIPTO) Patrullando 2 activos...
[2026-06-15 22:42:14] (Hilo: ENERGIA) Patrullando 3 activos...
[2026-06-15 22:42:14] (Hilo: FOREX) Patrullando 7 activos...
[2026-06-15 22:42:15] (Hilo: INDICES) Patrullando 14 activos...
[2026-06-15 22:42:15] (Hilo: INDICES) [🎯 ALINEACIÓN] HK50m | Tendencia H1: DOWN | RSI M1: 85.08 -> SELL
[2026-06-15 22:42:15] (Hilo: INDICES) [HK50m] 🔥 Condiciones de disparo autorizadas. Ejecutando SELL...
[2026-06-15 22:42:15] (Hilo: INDICES) [HK50m] ⚠️ Orden rechazada por el bróker (Posible mercado cerrado o error). Activando cuarentena anti-spam de 5 minutos.
[2026-06-15 22:42:16] (Hilo: METALES) Patrullando 15 activos...
[2026-06-15 22:42:16] (Hilo: METALES) [🎯 ALINEACIÓN] XPTUSDm | Tendencia H1: DOWN | RSI M1: 85.35 -> SELL
[2026-06-15 22:42:16] (Hilo: METALES) [COOLDOWN MANUAL] XPTUSDm en cuarentena anti-spam.
[2026-06-15 22:42:27] (Hilo: ACCIONES) Patrullando 91 activos...
[2026-06-15 22:42:27] (Hilo: ACCIONES) [🎯 ALINEACIÓN] ADBEm | Tendencia H1: DOWN | RSI M1: 70.75 -> SELL
[2026-06-15 22:42:27] (Hilo: ACCIONES) [COOLDOWN MANUAL] ADBEm en cuarentena anti-spam.
[2026-06-15 22:42:27] (Hilo: ACCIONES) [🎯 ALINEACIÓN] AMGNm | Tendencia H1: UP | RSI M1: 25.57 -> BUY
[2026-06-15 22:42:27] (Hilo: ACCIONES) [COOLDOWN MANUAL] AMGNm en cuarentena anti-spam.
[2026-06-15 22:42:27] (Hilo: ACCIONES) [🎯 ALINEACIÓN] CMCSAm | Tendencia H1: DOWN | RSI M1: 76.92 -> SELL
[2026-06-15 22:42:27] (Hilo: ACCIONES) [COOLDOWN MANUAL] CMCSAm en cuarentena anti-spam.
[2026-06-15 22:42:27] (Hilo: ACCIONES) [🎯 ALINEACIÓN] JNJm | Tendencia H1: UP | RSI M1: 10.64 -> BUY
[2026-06-15 22:42:27] (Hilo: ACCIONES) [COOLDOWN MANUAL] JNJm en cuarentena anti-spam.
[2026-06-15 22:42:27] (Hilo: ACCIONES) [🎯 ALINEACIÓN] JPMm | Tendencia H1: UP | RSI M1: 28.81 -> BUY
[2026-06-15 22:42:27] (Hilo: ACCIONES) [COOLDOWN MANUAL] JPMm en cuarentena anti-spam.
[2026-06-15 22:42:27] (Hilo: ACCIONES) [🎯 ALINEACIÓN] LINm | Tendencia H1: UP | RSI M1: 27.91 -> BUY
[2026-06-15 22:42:27] (Hilo: ACCIONES) [COOLDOWN MANUAL] LINm en cuarentena anti-spam.
[2026-06-15 22:42:27] (Hilo: ACCIONES) [🎯 ALINEACIÓN] MCDm | Tendencia H1: UP | RSI M1: 28.07 -> BUY
[2026-06-15 22:42:27] (Hilo: ACCIONES) [COOLDOWN MANUAL] MCDm en cuarentena anti-spam.
[2026-06-15 22:42:27] (Hilo: ACCIONES) [🎯 ALINEACIÓN] MMMm | Tendencia H1: UP | RSI M1: 8.89 -> BUY
[2026-06-15 22:42:27] (Hilo: ACCIONES) [COOLDOWN MANUAL] MMMm en cuarentena anti-spam.
[2026-06-15 22:42:27] (Hilo: ACCIONES) [🎯 ALINEACIÓN] MSFTm | Tendencia H1: DOWN | RSI M1: 95.51 -> SELL
[2026-06-15 22:42:27] (Hilo: ACCIONES) [COOLDOWN MANUAL] MSFTm en cuarentena anti-spam.
[2026-06-15 22:42:27] (Hilo: ACCIONES) [🎯 ALINEACIÓN] NFLXm | Tendencia H1: DOWN | RSI M1: 71.43 -> SELL
[2026-06-15 22:42:27] (Hilo: ACCIONES) [COOLDOWN MANUAL] NFLXm en cuarentena anti-spam.
[2026-06-15 22:42:27] (Hilo: ACCIONES) [🎯 ALINEACIÓN] PGm | Tendencia H1: UP | RSI M1: 24.32 -> BUY
[2026-06-15 22:42:27] (Hilo: ACCIONES) [COOLDOWN MANUAL] PGm en cuarentena anti-spam.
[2026-06-15 22:42:27] (Hilo: ACCIONES) [🎯 ALINEACIÓN] SBUXm | Tendencia H1: UP | RSI M1: 18.37 -> BUY
[2026-06-15 22:42:27] (Hilo: ACCIONES) [COOLDOWN MANUAL] SBUXm en cuarentena anti-spam.
[2026-06-15 22:42:27] (Hilo: ACCIONES) [🎯 ALINEACIÓN] VRTXm | Tendencia H1: UP | RSI M1: 26.01 -> BUY
[2026-06-15 22:42:27] (Hilo: ACCIONES) [COOLDOWN MANUAL] VRTXm en cuarentena anti-spam.
[2026-06-15 22:42:29] (Hilo: CRIPTO) Patrullando 2 activos...
[2026-06-15 22:42:29] (Hilo: ENERGIA) Patrullando 3 activos...
[2026-06-15 22:42:29] (Hilo: FOREX) Patrullando 7 activos...
[2026-06-15 22:42:30] (Hilo: INDICES) Patrullando 14 activos...
[2026-06-15 22:42:30] (Hilo: INDICES) [🎯 ALINEACIÓN] HK50m | Tendencia H1: DOWN | RSI M1: 85.19 -> SELL
[2026-06-15 22:42:30] (Hilo: INDICES) [COOLDOWN MANUAL] HK50m en cuarentena anti-spam.
[2026-06-15 22:42:31] (Hilo: METALES) Patrullando 15 activos...
[2026-06-15 22:42:31] (Hilo: METALES) [🎯 ALINEACIÓN] XPTUSDm | Tendencia H1: DOWN | RSI M1: 86.86 -> SELL
[2026-06-15 22:42:31] (Hilo: METALES) [COOLDOWN MANUAL] XPTUSDm en cuarentena anti-spam.
[2026-06-15 22:42:42] (Hilo: ACCIONES) Patrullando 91 activos...
[2026-06-15 22:42:42] (Hilo: ACCIONES) [🎯 ALINEACIÓN] ADBEm | Tendencia H1: DOWN | RSI M1: 70.75 -> SELL
[2026-06-15 22:42:42] (Hilo: ACCIONES) [COOLDOWN MANUAL] ADBEm en cuarentena anti-spam.
[2026-06-15 22:42:42] (Hilo: ACCIONES) [🎯 ALINEACIÓN] AMGNm | Tendencia H1: UP | RSI M1: 25.57 -> BUY
[2026-06-15 22:42:42] (Hilo: ACCIONES) [COOLDOWN MANUAL] AMGNm en cuarentena anti-spam.
[2026-06-15 22:42:42] (Hilo: ACCIONES) [🎯 ALINEACIÓN] CMCSAm | Tendencia H1: DOWN | RSI M1: 76.92 -> SELL
[2026-06-15 22:42:42] (Hilo: ACCIONES) [COOLDOWN MANUAL] CMCSAm en cuarentena anti-spam.
[2026-06-15 22:42:42] (Hilo: ACCIONES) [🎯 ALINEACIÓN] JNJm | Tendencia H1: UP | RSI M1: 10.64 -> BUY
[2026-06-15 22:42:42] (Hilo: ACCIONES) [COOLDOWN MANUAL] JNJm en cuarentena anti-spam.
[2026-06-15 22:42:42] (Hilo: ACCIONES) [🎯 ALINEACIÓN] JPMm | Tendencia H1: UP | RSI M1: 28.81 -> BUY
[2026-06-15 22:42:42] (Hilo: ACCIONES) [COOLDOWN MANUAL] JPMm en cuarentena anti-spam.
[2026-06-15 22:42:42] (Hilo: ACCIONES) [🎯 ALINEACIÓN] LINm | Tendencia H1: UP | RSI M1: 27.91 -> BUY
[2026-06-15 22:42:42] (Hilo: ACCIONES) [COOLDOWN MANUAL] LINm en cuarentena anti-spam.
[2026-06-15 22:42:42] (Hilo: ACCIONES) [🎯 ALINEACIÓN] MCDm | Tendencia H1: UP | RSI M1: 28.07 -> BUY
[2026-06-15 22:42:42] (Hilo: ACCIONES) [COOLDOWN MANUAL] MCDm en cuarentena anti-spam.
[2026-06-15 22:42:42] (Hilo: ACCIONES) [🎯 ALINEACIÓN] MMMm | Tendencia H1: UP | RSI M1: 8.89 -> BUY
[2026-06-15 22:42:42] (Hilo: ACCIONES) [COOLDOWN MANUAL] MMMm en cuarentena anti-spam.
[2026-06-15 22:42:42] (Hilo: ACCIONES) [🎯 ALINEACIÓN] MSFTm | Tendencia H1: DOWN | RSI M1: 95.51 -> SELL
[2026-06-15 22:42:42] (Hilo: ACCIONES) [COOLDOWN MANUAL] MSFTm en cuarentena anti-spam.
[2026-06-15 22:42:42] (Hilo: ACCIONES) [🎯 ALINEACIÓN] NFLXm | Tendencia H1: DOWN | RSI M1: 71.43 -> SELL
[2026-06-15 22:42:42] (Hilo: ACCIONES) [COOLDOWN MANUAL] NFLXm en cuarentena anti-spam.
[2026-06-15 22:42:42] (Hilo: ACCIONES) [🎯 ALINEACIÓN] PGm | Tendencia H1: UP | RSI M1: 24.32 -> BUY
[2026-06-15 22:42:42] (Hilo: ACCIONES) [COOLDOWN MANUAL] PGm en cuarentena anti-spam.
[2026-06-15 22:42:42] (Hilo: ACCIONES) [🎯 ALINEACIÓN] SBUXm | Tendencia H1: UP | RSI M1: 18.37 -> BUY
[2026-06-15 22:42:42] (Hilo: ACCIONES) [COOLDOWN MANUAL] SBUXm en cuarentena anti-spam.
[2026-06-15 22:42:42] (Hilo: ACCIONES) [🎯 ALINEACIÓN] VRTXm | Tendencia H1: UP | RSI M1: 26.01 -> BUY
[2026-06-15 22:42:42] (Hilo: ACCIONES) [COOLDOWN MANUAL] VRTXm en cuarentena anti-spam.
[2026-06-15 22:42:44] (Hilo: CRIPTO) Patrullando 2 activos...
[2026-06-15 22:42:44] (Hilo: ENERGIA) Patrullando 3 activos...
[2026-06-15 22:42:45] (Hilo: FOREX) Patrullando 7 activos...
[2026-06-15 22:42:45] (Hilo: INDICES) Patrullando 14 activos...
[2026-06-15 22:42:45] (Hilo: INDICES) [🎯 ALINEACIÓN] HK50m | Tendencia H1: DOWN | RSI M1: 81.89 -> SELL
[2026-06-15 22:42:45] (Hilo: INDICES) [COOLDOWN MANUAL] HK50m en cuarentena anti-spam.
[2026-06-15 22:42:46] (Hilo: METALES) Patrullando 15 activos...
[2026-06-15 22:42:46] (Hilo: METALES) [🎯 ALINEACIÓN] XPTUSDm | Tendencia H1: DOWN | RSI M1: 87.52 -> SELL
[2026-06-15 22:42:46] (Hilo: METALES) [COOLDOWN MANUAL] XPTUSDm en cuarentena anti-spam.
[2026-06-15 22:42:57] (Hilo: ACCIONES) Patrullando 91 activos...
[2026-06-15 22:42:57] (Hilo: ACCIONES) [🎯 ALINEACIÓN] ADBEm | Tendencia H1: DOWN | RSI M1: 70.75 -> SELL
[2026-06-15 22:42:57] (Hilo: ACCIONES) [COOLDOWN MANUAL] ADBEm en cuarentena anti-spam.
[2026-06-15 22:42:57] (Hilo: ACCIONES) [🎯 ALINEACIÓN] AMGNm | Tendencia H1: UP | RSI M1: 25.57 -> BUY
[2026-06-15 22:42:57] (Hilo: ACCIONES) [COOLDOWN MANUAL] AMGNm en cuarentena anti-spam.
[2026-06-15 22:42:57] (Hilo: ACCIONES) [🎯 ALINEACIÓN] CMCSAm | Tendencia H1: DOWN | RSI M1: 76.92 -> SELL
[2026-06-15 22:42:57] (Hilo: ACCIONES) [COOLDOWN MANUAL] CMCSAm en cuarentena anti-spam.
[2026-06-15 22:42:57] (Hilo: ACCIONES) [🎯 ALINEACIÓN] JNJm | Tendencia H1: UP | RSI M1: 10.64 -> BUY
[2026-06-15 22:42:57] (Hilo: ACCIONES) [COOLDOWN MANUAL] JNJm en cuarentena anti-spam.
[2026-06-15 22:42:57] (Hilo: ACCIONES) [🎯 ALINEACIÓN] JPMm | Tendencia H1: UP | RSI M1: 28.81 -> BUY
[2026-06-15 22:42:57] (Hilo: ACCIONES) [COOLDOWN MANUAL] JPMm en cuarentena anti-spam.
[2026-06-15 22:42:57] (Hilo: ACCIONES) [🎯 ALINEACIÓN] LINm | Tendencia H1: UP | RSI M1: 27.91 -> BUY
[2026-06-15 22:42:57] (Hilo: ACCIONES) [COOLDOWN MANUAL] LINm en cuarentena anti-spam.
[2026-06-15 22:42:57] (Hilo: ACCIONES) [🎯 ALINEACIÓN] MCDm | Tendencia H1: UP | RSI M1: 28.07 -> BUY
[2026-06-15 22:42:57] (Hilo: ACCIONES) [COOLDOWN MANUAL] MCDm en cuarentena anti-spam.
[2026-06-15 22:42:57] (Hilo: ACCIONES) [🎯 ALINEACIÓN] MMMm | Tendencia H1: UP | RSI M1: 8.89 -> BUY
[2026-06-15 22:42:57] (Hilo: ACCIONES) [COOLDOWN MANUAL] MMMm en cuarentena anti-spam.
[2026-06-15 22:42:57] (Hilo: ACCIONES) [🎯 ALINEACIÓN] MSFTm | Tendencia H1: DOWN | RSI M1: 95.51 -> SELL
[2026-06-15 22:42:57] (Hilo: ACCIONES) [COOLDOWN MANUAL] MSFTm en cuarentena anti-spam.
[2026-06-15 22:42:57] (Hilo: ACCIONES) [🎯 ALINEACIÓN] NFLXm | Tendencia H1: DOWN | RSI M1: 71.43 -> SELL
[2026-06-15 22:42:57] (Hilo: ACCIONES) [COOLDOWN MANUAL] NFLXm en cuarentena anti-spam.
[2026-06-15 22:42:57] (Hilo: ACCIONES) [🎯 ALINEACIÓN] PGm | Tendencia H1: UP | RSI M1: 24.32 -> BUY
[2026-06-15 22:42:57] (Hilo: ACCIONES) [COOLDOWN MANUAL] PGm en cuarentena anti-spam.
[2026-06-15 22:42:57] (Hilo: ACCIONES) [🎯 ALINEACIÓN] SBUXm | Tendencia H1: UP | RSI M1: 18.37 -> BUY
[2026-06-15 22:42:57] (Hilo: ACCIONES) [COOLDOWN MANUAL] SBUXm en cuarentena anti-spam.
[2026-06-15 22:42:57] (Hilo: ACCIONES) [🎯 ALINEACIÓN] VRTXm | Tendencia H1: UP | RSI M1: 26.01 -> BUY
[2026-06-15 22:42:57] (Hilo: ACCIONES) [COOLDOWN MANUAL] VRTXm en cuarentena anti-spam.
[2026-06-15 22:42:59] (Hilo: CRIPTO) Patrullando 2 activos...
[2026-06-15 22:42:59] (Hilo: ENERGIA) Patrullando 3 activos...
[2026-06-15 22:43:00] (Hilo: FOREX) Patrullando 7 activos...
[2026-06-15 22:43:00] (Hilo: INDICES) Patrullando 14 activos...
[2026-06-15 22:43:00] (Hilo: INDICES) [🎯 ALINEACIÓN] HK50m | Tendencia H1: DOWN | RSI M1: 83.37 -> SELL
[2026-06-15 22:43:00] (Hilo: INDICES) [COOLDOWN MANUAL] HK50m en cuarentena anti-spam.
[2026-06-15 22:43:01] (Hilo: METALES) Patrullando 15 activos...
[2026-06-15 22:43:01] (Hilo: METALES) [🎯 ALINEACIÓN] XPTUSDm | Tendencia H1: DOWN | RSI M1: 87.36 -> SELL
[2026-06-15 22:43:01] (Hilo: METALES) [COOLDOWN MANUAL] XPTUSDm en cuarentena anti-spam.
[2026-06-15 22:43:12] (Hilo: ACCIONES) Patrullando 91 activos...
[2026-06-15 22:43:12] (Hilo: ACCIONES) [🎯 ALINEACIÓN] ADBEm | Tendencia H1: DOWN | RSI M1: 70.75 -> SELL
[2026-06-15 22:43:12] (Hilo: ACCIONES) [COOLDOWN MANUAL] ADBEm en cuarentena anti-spam.
[2026-06-15 22:43:13] (Hilo: ACCIONES) [🎯 ALINEACIÓN] AMGNm | Tendencia H1: UP | RSI M1: 25.57 -> BUY
[2026-06-15 22:43:13] (Hilo: ACCIONES) [COOLDOWN MANUAL] AMGNm en cuarentena anti-spam.
[2026-06-15 22:43:13] (Hilo: ACCIONES) [🎯 ALINEACIÓN] CMCSAm | Tendencia H1: DOWN | RSI M1: 76.92 -> SELL
[2026-06-15 22:43:13] (Hilo: ACCIONES) [COOLDOWN MANUAL] CMCSAm en cuarentena anti-spam.
[2026-06-15 22:43:13] (Hilo: ACCIONES) [🎯 ALINEACIÓN] JNJm | Tendencia H1: UP | RSI M1: 10.64 -> BUY
[2026-06-15 22:43:13] (Hilo: ACCIONES) [COOLDOWN MANUAL] JNJm en cuarentena anti-spam.
[2026-06-15 22:43:13] (Hilo: ACCIONES) [🎯 ALINEACIÓN] JPMm | Tendencia H1: UP | RSI M1: 28.81 -> BUY
[2026-06-15 22:43:13] (Hilo: ACCIONES) [COOLDOWN MANUAL] JPMm en cuarentena anti-spam.
[2026-06-15 22:43:13] (Hilo: ACCIONES) [🎯 ALINEACIÓN] LINm | Tendencia H1: UP | RSI M1: 27.91 -> BUY
[2026-06-15 22:43:13] (Hilo: ACCIONES) [COOLDOWN MANUAL] LINm en cuarentena anti-spam.
[2026-06-15 22:43:13] (Hilo: ACCIONES) [🎯 ALINEACIÓN] MCDm | Tendencia H1: UP | RSI M1: 28.07 -> BUY
[2026-06-15 22:43:13] (Hilo: ACCIONES) [COOLDOWN MANUAL] MCDm en cuarentena anti-spam.
[2026-06-15 22:43:13] (Hilo: ACCIONES) [🎯 ALINEACIÓN] MMMm | Tendencia H1: UP | RSI M1: 8.89 -> BUY
[2026-06-15 22:43:13] (Hilo: ACCIONES) [COOLDOWN MANUAL] MMMm en cuarentena anti-spam.
[2026-06-15 22:43:13] (Hilo: ACCIONES) [🎯 ALINEACIÓN] MSFTm | Tendencia H1: DOWN | RSI M1: 95.51 -> SELL
[2026-06-15 22:43:13] (Hilo: ACCIONES) [COOLDOWN MANUAL] MSFTm en cuarentena anti-spam.
[2026-06-15 22:43:13] (Hilo: ACCIONES) [🎯 ALINEACIÓN] NFLXm | Tendencia H1: DOWN | RSI M1: 71.43 -> SELL
[2026-06-15 22:43:13] (Hilo: ACCIONES) [COOLDOWN MANUAL] NFLXm en cuarentena anti-spam.
[2026-06-15 22:43:13] (Hilo: ACCIONES) [🎯 ALINEACIÓN] PGm | Tendencia H1: UP | RSI M1: 24.32 -> BUY
[2026-06-15 22:43:13] (Hilo: ACCIONES) [COOLDOWN MANUAL] PGm en cuarentena anti-spam.
[2026-06-15 22:43:13] (Hilo: ACCIONES) [🎯 ALINEACIÓN] SBUXm | Tendencia H1: UP | RSI M1: 18.37 -> BUY
[2026-06-15 22:43:13] (Hilo: ACCIONES) [COOLDOWN MANUAL] SBUXm en cuarentena anti-spam.
[2026-06-15 22:43:13] (Hilo: ACCIONES) [🎯 ALINEACIÓN] VRTXm | Tendencia H1: UP | RSI M1: 26.01 -> BUY
[2026-06-15 22:43:13] (Hilo: ACCIONES) [COOLDOWN MANUAL] VRTXm en cuarentena anti-spam.
[2026-06-15 22:43:14] (Hilo: CRIPTO) Patrullando 2 activos...
[2026-06-15 22:43:14] (Hilo: ENERGIA) Patrullando 3 activos...
[2026-06-15 22:43:15] (Hilo: FOREX) Patrullando 7 activos...
[2026-06-15 22:43:15] (Hilo: INDICES) Patrullando 14 activos...
[2026-06-15 22:43:15] (Hilo: INDICES) [🎯 ALINEACIÓN] HK50m | Tendencia H1: DOWN | RSI M1: 73.06 -> SELL
[2026-06-15 22:43:15] (Hilo: INDICES) [COOLDOWN MANUAL] HK50m en cuarentena anti-spam.
[2026-06-15 22:43:16] (Hilo: METALES) Patrullando 15 activos...
[2026-06-15 22:43:16] (Hilo: METALES) [🎯 ALINEACIÓN] XPTUSDm | Tendencia H1: DOWN | RSI M1: 84.60 -> SELL
[2026-06-15 22:43:16] (Hilo: METALES) [COOLDOWN MANUAL] XPTUSDm en cuarentena anti-spam.
[2026-06-15 22:43:28] (Hilo: ACCIONES) Patrullando 91 activos...
[2026-06-15 22:43:28] (Hilo: ACCIONES) [🎯 ALINEACIÓN] ADBEm | Tendencia H1: DOWN | RSI M1: 70.75 -> SELL
[2026-06-15 22:43:28] (Hilo: ACCIONES) [COOLDOWN MANUAL] ADBEm en cuarentena anti-spam.
[2026-06-15 22:43:28] (Hilo: ACCIONES) [🎯 ALINEACIÓN] AMGNm | Tendencia H1: UP | RSI M1: 25.57 -> BUY
[2026-06-15 22:43:28] (Hilo: ACCIONES) [COOLDOWN MANUAL] AMGNm en cuarentena anti-spam.
[2026-06-15 22:43:28] (Hilo: ACCIONES) [🎯 ALINEACIÓN] CMCSAm | Tendencia H1: DOWN | RSI M1: 76.92 -> SELL
[2026-06-15 22:43:28] (Hilo: ACCIONES) [COOLDOWN MANUAL] CMCSAm en cuarentena anti-spam.
[2026-06-15 22:43:28] (Hilo: ACCIONES) [🎯 ALINEACIÓN] JNJm | Tendencia H1: UP | RSI M1: 10.64 -> BUY
[2026-06-15 22:43:28] (Hilo: ACCIONES) [COOLDOWN MANUAL] JNJm en cuarentena anti-spam.
[2026-06-15 22:43:28] (Hilo: ACCIONES) [🎯 ALINEACIÓN] JPMm | Tendencia H1: UP | RSI M1: 28.81 -> BUY
[2026-06-15 22:43:28] (Hilo: ACCIONES) [COOLDOWN MANUAL] JPMm en cuarentena anti-spam.
[2026-06-15 22:43:28] (Hilo: ACCIONES) [🎯 ALINEACIÓN] LINm | Tendencia H1: UP | RSI M1: 27.91 -> BUY
[2026-06-15 22:43:28] (Hilo: ACCIONES) [COOLDOWN MANUAL] LINm en cuarentena anti-spam.
[2026-06-15 22:43:28] (Hilo: ACCIONES) [🎯 ALINEACIÓN] MCDm | Tendencia H1: UP | RSI M1: 28.07 -> BUY
[2026-06-15 22:43:28] (Hilo: ACCIONES) [COOLDOWN MANUAL] MCDm en cuarentena anti-spam.
[2026-06-15 22:43:28] (Hilo: ACCIONES) [🎯 ALINEACIÓN] MMMm | Tendencia H1: UP | RSI M1: 8.89 -> BUY
[2026-06-15 22:43:28] (Hilo: ACCIONES) [COOLDOWN MANUAL] MMMm en cuarentena anti-spam.
[2026-06-15 22:43:28] (Hilo: ACCIONES) [🎯 ALINEACIÓN] MSFTm | Tendencia H1: DOWN | RSI M1: 95.51 -> SELL
[2026-06-15 22:43:28] (Hilo: ACCIONES) [COOLDOWN MANUAL] MSFTm en cuarentena anti-spam.
[2026-06-15 22:43:28] (Hilo: ACCIONES) [🎯 ALINEACIÓN] NFLXm | Tendencia H1: DOWN | RSI M1: 71.43 -> SELL
[2026-06-15 22:43:28] (Hilo: ACCIONES) [COOLDOWN MANUAL] NFLXm en cuarentena anti-spam.
[2026-06-15 22:43:28] (Hilo: ACCIONES) [🎯 ALINEACIÓN] PGm | Tendencia H1: UP | RSI M1: 24.32 -> BUY
[2026-06-15 22:43:28] (Hilo: ACCIONES) [COOLDOWN MANUAL] PGm en cuarentena anti-spam.
[2026-06-15 22:43:28] (Hilo: ACCIONES) [🎯 ALINEACIÓN] SBUXm | Tendencia H1: UP | RSI M1: 18.37 -> BUY
[2026-06-15 22:43:28] (Hilo: ACCIONES) [COOLDOWN MANUAL] SBUXm en cuarentena anti-spam.
[2026-06-15 22:43:28] (Hilo: ACCIONES) [🎯 ALINEACIÓN] VRTXm | Tendencia H1: UP | RSI M1: 26.01 -> BUY
[2026-06-15 22:43:28] (Hilo: ACCIONES) [COOLDOWN MANUAL] VRTXm en cuarentena anti-spam.
[2026-06-15 22:43:29] (Hilo: CRIPTO) Patrullando 2 activos...
[2026-06-15 22:43:29] (Hilo: ENERGIA) Patrullando 3 activos...
[2026-06-15 22:43:30] (Hilo: FOREX) Patrullando 7 activos...
[2026-06-15 22:43:30] (Hilo: INDICES) Patrullando 14 activos...
[2026-06-15 22:43:31] (Hilo: METALES) Patrullando 15 activos...
[2026-06-15 22:43:31] (Hilo: METALES) [🎯 ALINEACIÓN] XPBUSDm | Tendencia H1: DOWN | RSI M1: 72.08 -> SELL
[2026-06-15 22:43:31] (Hilo: METALES) [XPBUSDm] 🔥 Condiciones de disparo autorizadas. Ejecutando SELL...
[2026-06-15 22:43:31] (Hilo: METALES) [XPBUSDm] ⚠️ Orden rechazada por el bróker (Posible mercado cerrado o error). Activando cuarentena anti-spam de 5 minutos.
[2026-06-15 22:43:31] (Hilo: METALES) [🎯 ALINEACIÓN] XPTUSDm | Tendencia H1: DOWN | RSI M1: 87.54 -> SELL
[2026-06-15 22:43:31] (Hilo: METALES) [COOLDOWN MANUAL] XPTUSDm en cuarentena anti-spam.
[2026-06-15 22:43:43] (Hilo: ACCIONES) Patrullando 91 activos...
[2026-06-15 22:43:43] (Hilo: ACCIONES) [🎯 ALINEACIÓN] ADBEm | Tendencia H1: DOWN | RSI M1: 70.75 -> SELL
[2026-06-15 22:43:43] (Hilo: ACCIONES) [COOLDOWN MANUAL] ADBEm en cuarentena anti-spam.
[2026-06-15 22:43:43] (Hilo: ACCIONES) [🎯 ALINEACIÓN] AMGNm | Tendencia H1: UP | RSI M1: 25.57 -> BUY
[2026-06-15 22:43:43] (Hilo: ACCIONES) [COOLDOWN MANUAL] AMGNm en cuarentena anti-spam.
[2026-06-15 22:43:43] (Hilo: ACCIONES) [🎯 ALINEACIÓN] CMCSAm | Tendencia H1: DOWN | RSI M1: 76.92 -> SELL
[2026-06-15 22:43:43] (Hilo: ACCIONES) [COOLDOWN MANUAL] CMCSAm en cuarentena anti-spam.
[2026-06-15 22:43:43] (Hilo: ACCIONES) [🎯 ALINEACIÓN] JNJm | Tendencia H1: UP | RSI M1: 10.64 -> BUY
[2026-06-15 22:43:43] (Hilo: ACCIONES) [COOLDOWN MANUAL] JNJm en cuarentena anti-spam.
[2026-06-15 22:43:43] (Hilo: ACCIONES) [🎯 ALINEACIÓN] JPMm | Tendencia H1: UP | RSI M1: 28.81 -> BUY
[2026-06-15 22:43:43] (Hilo: ACCIONES) [COOLDOWN MANUAL] JPMm en cuarentena anti-spam.
[2026-06-15 22:43:43] (Hilo: ACCIONES) [🎯 ALINEACIÓN] LINm | Tendencia H1: UP | RSI M1: 27.91 -> BUY
[2026-06-15 22:43:43] (Hilo: ACCIONES) [COOLDOWN MANUAL] LINm en cuarentena anti-spam.
[2026-06-15 22:43:43] (Hilo: ACCIONES) [🎯 ALINEACIÓN] MCDm | Tendencia H1: UP | RSI M1: 28.07 -> BUY
[2026-06-15 22:43:43] (Hilo: ACCIONES) [COOLDOWN MANUAL] MCDm en cuarentena anti-spam.
[2026-06-15 22:43:43] (Hilo: ACCIONES) [🎯 ALINEACIÓN] MMMm | Tendencia H1: UP | RSI M1: 8.89 -> BUY
[2026-06-15 22:43:43] (Hilo: ACCIONES) [COOLDOWN MANUAL] MMMm en cuarentena anti-spam.
[2026-06-15 22:43:43] (Hilo: ACCIONES) [🎯 ALINEACIÓN] MSFTm | Tendencia H1: DOWN | RSI M1: 95.51 -> SELL
[2026-06-15 22:43:43] (Hilo: ACCIONES) [COOLDOWN MANUAL] MSFTm en cuarentena anti-spam.
[2026-06-15 22:43:43] (Hilo: ACCIONES) [🎯 ALINEACIÓN] NFLXm | Tendencia H1: DOWN | RSI M1: 71.43 -> SELL
[2026-06-15 22:43:43] (Hilo: ACCIONES) [COOLDOWN MANUAL] NFLXm en cuarentena anti-spam.
[2026-06-15 22:43:43] (Hilo: ACCIONES) [🎯 ALINEACIÓN] PGm | Tendencia H1: UP | RSI M1: 24.32 -> BUY
[2026-06-15 22:43:43] (Hilo: ACCIONES) [COOLDOWN MANUAL] PGm en cuarentena anti-spam.
[2026-06-15 22:43:43] (Hilo: ACCIONES) [🎯 ALINEACIÓN] SBUXm | Tendencia H1: UP | RSI M1: 18.37 -> BUY
[2026-06-15 22:43:43] (Hilo: ACCIONES) [COOLDOWN MANUAL] SBUXm en cuarentena anti-spam.
[2026-06-15 22:43:43] (Hilo: ACCIONES) [🎯 ALINEACIÓN] VRTXm | Tendencia H1: UP | RSI M1: 26.01 -> BUY
[2026-06-15 22:43:43] (Hilo: ACCIONES) [COOLDOWN MANUAL] VRTXm en cuarentena anti-spam.
[2026-06-15 22:43:44] (Hilo: CRIPTO) Patrullando 2 activos...
[2026-06-15 22:43:44] (Hilo: ENERGIA) Patrullando 3 activos...
[2026-06-15 22:43:45] (Hilo: FOREX) Patrullando 7 activos...
[2026-06-15 22:43:45] (Hilo: INDICES) Patrullando 14 activos...
[2026-06-15 22:43:46] (Hilo: METALES) Patrullando 15 activos...
[2026-06-15 22:43:46] (Hilo: METALES) [🎯 ALINEACIÓN] XPBUSDm | Tendencia H1: DOWN | RSI M1: 72.08 -> SELL
[2026-06-15 22:43:46] (Hilo: METALES) [COOLDOWN MANUAL] XPBUSDm en cuarentena anti-spam.
[2026-06-15 22:43:46] (Hilo: METALES) [🎯 ALINEACIÓN] XPTUSDm | Tendencia H1: DOWN | RSI M1: 82.18 -> SELL
[2026-06-15 22:43:46] (Hilo: METALES) [COOLDOWN MANUAL] XPTUSDm en cuarentena anti-spam.
[2026-06-15 22:43:58] (Hilo: ACCIONES) Patrullando 91 activos...
[2026-06-15 22:43:58] (Hilo: ACCIONES) [🎯 ALINEACIÓN] ADBEm | Tendencia H1: DOWN | RSI M1: 70.75 -> SELL
[2026-06-15 22:43:58] (Hilo: ACCIONES) [COOLDOWN MANUAL] ADBEm en cuarentena anti-spam.
[2026-06-15 22:43:58] (Hilo: ACCIONES) [🎯 ALINEACIÓN] AMGNm | Tendencia H1: UP | RSI M1: 25.57 -> BUY
[2026-06-15 22:43:58] (Hilo: ACCIONES) [COOLDOWN MANUAL] AMGNm en cuarentena anti-spam.
[2026-06-15 22:43:58] (Hilo: ACCIONES) [🎯 ALINEACIÓN] CMCSAm | Tendencia H1: DOWN | RSI M1: 76.92 -> SELL
[2026-06-15 22:43:58] (Hilo: ACCIONES) [COOLDOWN MANUAL] CMCSAm en cuarentena anti-spam.
[2026-06-15 22:43:58] (Hilo: ACCIONES) [🎯 ALINEACIÓN] JNJm | Tendencia H1: UP | RSI M1: 10.64 -> BUY
[2026-06-15 22:43:58] (Hilo: ACCIONES) [COOLDOWN MANUAL] JNJm en cuarentena anti-spam.
[2026-06-15 22:43:58] (Hilo: ACCIONES) [🎯 ALINEACIÓN] JPMm | Tendencia H1: UP | RSI M1: 28.81 -> BUY
[2026-06-15 22:43:58] (Hilo: ACCIONES) [COOLDOWN MANUAL] JPMm en cuarentena anti-spam.
[2026-06-15 22:43:58] (Hilo: ACCIONES) [🎯 ALINEACIÓN] LINm | Tendencia H1: UP | RSI M1: 27.91 -> BUY
[2026-06-15 22:43:58] (Hilo: ACCIONES) [COOLDOWN MANUAL] LINm en cuarentena anti-spam.
[2026-06-15 22:43:58] (Hilo: ACCIONES) [🎯 ALINEACIÓN] MCDm | Tendencia H1: UP | RSI M1: 28.07 -> BUY
[2026-06-15 22:43:58] (Hilo: ACCIONES) [COOLDOWN MANUAL] MCDm en cuarentena anti-spam.
[2026-06-15 22:43:58] (Hilo: ACCIONES) [🎯 ALINEACIÓN] MMMm | Tendencia H1: UP | RSI M1: 8.89 -> BUY
[2026-06-15 22:43:58] (Hilo: ACCIONES) [COOLDOWN MANUAL] MMMm en cuarentena anti-spam.
[2026-06-15 22:43:58] (Hilo: ACCIONES) [🎯 ALINEACIÓN] MSFTm | Tendencia H1: DOWN | RSI M1: 95.51 -> SELL
[2026-06-15 22:43:58] (Hilo: ACCIONES) [COOLDOWN MANUAL] MSFTm en cuarentena anti-spam.
[2026-06-15 22:43:58] (Hilo: ACCIONES) [🎯 ALINEACIÓN] NFLXm | Tendencia H1: DOWN | RSI M1: 71.43 -> SELL
[2026-06-15 22:43:58] (Hilo: ACCIONES) [COOLDOWN MANUAL] NFLXm en cuarentena anti-spam.
[2026-06-15 22:43:58] (Hilo: ACCIONES) [🎯 ALINEACIÓN] PGm | Tendencia H1: UP | RSI M1: 24.32 -> BUY
[2026-06-15 22:43:58] (Hilo: ACCIONES) [COOLDOWN MANUAL] PGm en cuarentena anti-spam.
[2026-06-15 22:43:58] (Hilo: ACCIONES) [🎯 ALINEACIÓN] SBUXm | Tendencia H1: UP | RSI M1: 18.37 -> BUY
[2026-06-15 22:43:58] (Hilo: ACCIONES) [COOLDOWN MANUAL] SBUXm en cuarentena anti-spam.
[2026-06-15 22:43:58] (Hilo: ACCIONES) [🎯 ALINEACIÓN] VRTXm | Tendencia H1: UP | RSI M1: 26.01 -> BUY
[2026-06-15 22:43:58] (Hilo: ACCIONES) [COOLDOWN MANUAL] VRTXm en cuarentena anti-spam.
[2026-06-15 22:43:59] (Hilo: CRIPTO) Patrullando 2 activos...
[2026-06-15 22:43:59] (Hilo: ENERGIA) Patrullando 3 activos...
[2026-06-15 22:44:00] (Hilo: FOREX) Patrullando 7 activos...
[2026-06-15 22:44:00] (Hilo: INDICES) Patrullando 14 activos...
[2026-06-15 22:44:01] (Hilo: METALES) Patrullando 15 activos...
[2026-06-15 22:44:01] (Hilo: METALES) [🎯 ALINEACIÓN] XPBUSDm | Tendencia H1: DOWN | RSI M1: 72.08 -> SELL
[2026-06-15 22:44:01] (Hilo: METALES) [COOLDOWN MANUAL] XPBUSDm en cuarentena anti-spam.
[2026-06-15 22:44:01] (Hilo: METALES) [🎯 ALINEACIÓN] XPTUSDm | Tendencia H1: DOWN | RSI M1: 78.19 -> SELL
[2026-06-15 22:44:01] (Hilo: METALES) [COOLDOWN MANUAL] XPTUSDm en cuarentena anti-spam.
[2026-06-15 22:44:13] (Hilo: ACCIONES) Patrullando 91 activos...
[2026-06-15 22:44:13] (Hilo: ACCIONES) [🎯 ALINEACIÓN] ADBEm | Tendencia H1: DOWN | RSI M1: 70.75 -> SELL
[2026-06-15 22:44:13] (Hilo: ACCIONES) [COOLDOWN MANUAL] ADBEm en cuarentena anti-spam.
[2026-06-15 22:44:13] (Hilo: ACCIONES) [🎯 ALINEACIÓN] AMGNm | Tendencia H1: UP | RSI M1: 25.57 -> BUY
[2026-06-15 22:44:13] (Hilo: ACCIONES) [COOLDOWN MANUAL] AMGNm en cuarentena anti-spam.
[2026-06-15 22:44:14] (Hilo: ACCIONES) [🎯 ALINEACIÓN] CMCSAm | Tendencia H1: DOWN | RSI M1: 76.92 -> SELL
[2026-06-15 22:44:14] (Hilo: ACCIONES) [COOLDOWN MANUAL] CMCSAm en cuarentena anti-spam.
[2026-06-15 22:44:14] (Hilo: ACCIONES) [🎯 ALINEACIÓN] JNJm | Tendencia H1: UP | RSI M1: 10.64 -> BUY
[2026-06-15 22:44:14] (Hilo: ACCIONES) [COOLDOWN MANUAL] JNJm en cuarentena anti-spam.
[2026-06-15 22:44:14] (Hilo: ACCIONES) [🎯 ALINEACIÓN] JPMm | Tendencia H1: UP | RSI M1: 28.81 -> BUY
[2026-06-15 22:44:14] (Hilo: ACCIONES) [COOLDOWN MANUAL] JPMm en cuarentena anti-spam.
[2026-06-15 22:44:14] (Hilo: ACCIONES) [🎯 ALINEACIÓN] LINm | Tendencia H1: UP | RSI M1: 27.91 -> BUY
[2026-06-15 22:44:14] (Hilo: ACCIONES) [COOLDOWN MANUAL] LINm en cuarentena anti-spam.
[2026-06-15 22:44:14] (Hilo: ACCIONES) [🎯 ALINEACIÓN] MCDm | Tendencia H1: UP | RSI M1: 28.07 -> BUY
[2026-06-15 22:44:14] (Hilo: ACCIONES) [COOLDOWN MANUAL] MCDm en cuarentena anti-spam.
[2026-06-15 22:44:14] (Hilo: ACCIONES) [🎯 ALINEACIÓN] MMMm | Tendencia H1: UP | RSI M1: 8.89 -> BUY
[2026-06-15 22:44:14] (Hilo: ACCIONES) [COOLDOWN MANUAL] MMMm en cuarentena anti-spam.
[2026-06-15 22:44:14] (Hilo: ACCIONES) [🎯 ALINEACIÓN] MSFTm | Tendencia H1: DOWN | RSI M1: 95.51 -> SELL
[2026-06-15 22:44:14] (Hilo: ACCIONES) [COOLDOWN MANUAL] MSFTm en cuarentena anti-spam.
[2026-06-15 22:44:14] (Hilo: ACCIONES) [🎯 ALINEACIÓN] NFLXm | Tendencia H1: DOWN | RSI M1: 71.43 -> SELL
[2026-06-15 22:44:14] (Hilo: ACCIONES) [COOLDOWN MANUAL] NFLXm en cuarentena anti-spam.
[2026-06-15 22:44:14] (Hilo: ACCIONES) [🎯 ALINEACIÓN] PGm | Tendencia H1: UP | RSI M1: 24.32 -> BUY
[2026-06-15 22:44:14] (Hilo: ACCIONES) [COOLDOWN MANUAL] PGm en cuarentena anti-spam.
[2026-06-15 22:44:14] (Hilo: ACCIONES) [🎯 ALINEACIÓN] SBUXm | Tendencia H1: UP | RSI M1: 18.37 -> BUY
[2026-06-15 22:44:14] (Hilo: ACCIONES) [COOLDOWN MANUAL] SBUXm en cuarentena anti-spam.
[2026-06-15 22:44:14] (Hilo: ACCIONES) [🎯 ALINEACIÓN] VRTXm | Tendencia H1: UP | RSI M1: 26.01 -> BUY
[2026-06-15 22:44:14] (Hilo: ACCIONES) [COOLDOWN MANUAL] VRTXm en cuarentena anti-spam.
[2026-06-15 22:44:14] (Hilo: CRIPTO) Patrullando 2 activos...
[2026-06-15 22:44:14] (Hilo: ENERGIA) Patrullando 3 activos...
[2026-06-15 22:44:15] (Hilo: FOREX) Patrullando 7 activos...
[2026-06-15 22:44:15] (Hilo: INDICES) Patrullando 14 activos...
[2026-06-15 22:44:16] (Hilo: METALES) Patrullando 15 activos...
[2026-06-15 22:44:16] (Hilo: METALES) [🎯 ALINEACIÓN] XPBUSDm | Tendencia H1: DOWN | RSI M1: 72.08 -> SELL
[2026-06-15 22:44:16] (Hilo: METALES) [COOLDOWN MANUAL] XPBUSDm en cuarentena anti-spam.
[2026-06-15 22:44:16] (Hilo: METALES) [🎯 ALINEACIÓN] XPTUSDm | Tendencia H1: DOWN | RSI M1: 78.44 -> SELL
[2026-06-15 22:44:16] (Hilo: METALES) [COOLDOWN MANUAL] XPTUSDm en cuarentena anti-spam.
[2026-06-15 22:44:29] (Hilo: ACCIONES) Patrullando 91 activos...
[2026-06-15 22:44:29] (Hilo: ACCIONES) [🎯 ALINEACIÓN] ADBEm | Tendencia H1: DOWN | RSI M1: 70.75 -> SELL
[2026-06-15 22:44:29] (Hilo: ACCIONES) [COOLDOWN MANUAL] ADBEm en cuarentena anti-spam.
[2026-06-15 22:44:29] (Hilo: ACCIONES) [🎯 ALINEACIÓN] AMGNm | Tendencia H1: UP | RSI M1: 25.57 -> BUY
[2026-06-15 22:44:29] (Hilo: ACCIONES) [COOLDOWN MANUAL] AMGNm en cuarentena anti-spam.
[2026-06-15 22:44:29] (Hilo: ACCIONES) [🎯 ALINEACIÓN] CMCSAm | Tendencia H1: DOWN | RSI M1: 76.92 -> SELL
[2026-06-15 22:44:29] (Hilo: ACCIONES) [COOLDOWN MANUAL] CMCSAm en cuarentena anti-spam.
[2026-06-15 22:44:29] (Hilo: CRIPTO) Patrullando 2 activos...
[2026-06-15 22:44:29] (Hilo: ACCIONES) [🎯 ALINEACIÓN] JNJm | Tendencia H1: UP | RSI M1: 10.64 -> BUY
[2026-06-15 22:44:29] (Hilo: ACCIONES) [COOLDOWN MANUAL] JNJm en cuarentena anti-spam.
[2026-06-15 22:44:29] (Hilo: ACCIONES) [🎯 ALINEACIÓN] JPMm | Tendencia H1: UP | RSI M1: 28.81 -> BUY
[2026-06-15 22:44:29] (Hilo: ACCIONES) [COOLDOWN MANUAL] JPMm en cuarentena anti-spam.
[2026-06-15 22:44:29] (Hilo: ACCIONES) [🎯 ALINEACIÓN] LINm | Tendencia H1: UP | RSI M1: 27.91 -> BUY
[2026-06-15 22:44:29] (Hilo: ACCIONES) [COOLDOWN MANUAL] LINm en cuarentena anti-spam.
[2026-06-15 22:44:29] (Hilo: ACCIONES) [🎯 ALINEACIÓN] MCDm | Tendencia H1: UP | RSI M1: 28.07 -> BUY
[2026-06-15 22:44:29] (Hilo: ACCIONES) [COOLDOWN MANUAL] MCDm en cuarentena anti-spam.
[2026-06-15 22:44:29] (Hilo: ACCIONES) [🎯 ALINEACIÓN] MMMm | Tendencia H1: UP | RSI M1: 8.89 -> BUY
[2026-06-15 22:44:29] (Hilo: ACCIONES) [COOLDOWN MANUAL] MMMm en cuarentena anti-spam.
[2026-06-15 22:44:29] (Hilo: ACCIONES) [🎯 ALINEACIÓN] MSFTm | Tendencia H1: DOWN | RSI M1: 95.51 -> SELL
[2026-06-15 22:44:29] (Hilo: ACCIONES) [COOLDOWN MANUAL] MSFTm en cuarentena anti-spam.
[2026-06-15 22:44:29] (Hilo: ACCIONES) [🎯 ALINEACIÓN] NFLXm | Tendencia H1: DOWN | RSI M1: 71.43 -> SELL
[2026-06-15 22:44:29] (Hilo: ACCIONES) [COOLDOWN MANUAL] NFLXm en cuarentena anti-spam.
[2026-06-15 22:44:29] (Hilo: ACCIONES) [🎯 ALINEACIÓN] PGm | Tendencia H1: UP | RSI M1: 24.32 -> BUY
[2026-06-15 22:44:29] (Hilo: ACCIONES) [COOLDOWN MANUAL] PGm en cuarentena anti-spam.
[2026-06-15 22:44:29] (Hilo: ACCIONES) [🎯 ALINEACIÓN] SBUXm | Tendencia H1: UP | RSI M1: 18.37 -> BUY
[2026-06-15 22:44:29] (Hilo: ACCIONES) [COOLDOWN MANUAL] SBUXm en cuarentena anti-spam.
[2026-06-15 22:44:29] (Hilo: ACCIONES) [🎯 ALINEACIÓN] VRTXm | Tendencia H1: UP | RSI M1: 26.01 -> BUY
[2026-06-15 22:44:29] (Hilo: ACCIONES) [COOLDOWN MANUAL] VRTXm en cuarentena anti-spam.
[2026-06-15 22:44:29] (Hilo: ENERGIA) Patrullando 3 activos...
[2026-06-15 22:44:30] (Hilo: FOREX) Patrullando 7 activos...
[2026-06-15 22:44:30] (Hilo: INDICES) Patrullando 14 activos...
[2026-06-15 22:44:31] (Hilo: METALES) Patrullando 15 activos...
[2026-06-15 22:44:31] (Hilo: METALES) [🎯 ALINEACIÓN] XPBUSDm | Tendencia H1: DOWN | RSI M1: 72.08 -> SELL
[2026-06-15 22:44:31] (Hilo: METALES) [COOLDOWN MANUAL] XPBUSDm en cuarentena anti-spam.
[2026-06-15 22:44:31] (Hilo: METALES) [🎯 ALINEACIÓN] XPTUSDm | Tendencia H1: DOWN | RSI M1: 81.49 -> SELL
[2026-06-15 22:44:31] (Hilo: METALES) [COOLDOWN MANUAL] XPTUSDm en cuarentena anti-spam.
[2026-06-15 22:44:44] (Hilo: CRIPTO) Patrullando 2 activos...
[2026-06-15 22:44:44] (Hilo: ACCIONES) Patrullando 91 activos...
[2026-06-15 22:44:44] (Hilo: ACCIONES) [🎯 ALINEACIÓN] ADBEm | Tendencia H1: DOWN | RSI M1: 70.75 -> SELL
[2026-06-15 22:44:44] (Hilo: ACCIONES) [COOLDOWN MANUAL] ADBEm en cuarentena anti-spam.
[2026-06-15 22:44:44] (Hilo: ACCIONES) [🎯 ALINEACIÓN] AMGNm | Tendencia H1: UP | RSI M1: 25.57 -> BUY
[2026-06-15 22:44:44] (Hilo: ACCIONES) [COOLDOWN MANUAL] AMGNm en cuarentena anti-spam.
[2026-06-15 22:44:44] (Hilo: ACCIONES) [🎯 ALINEACIÓN] CMCSAm | Tendencia H1: DOWN | RSI M1: 76.92 -> SELL
[2026-06-15 22:44:44] (Hilo: ACCIONES) [COOLDOWN MANUAL] CMCSAm en cuarentena anti-spam.
[2026-06-15 22:44:44] (Hilo: ENERGIA) Patrullando 3 activos...
[2026-06-15 22:44:44] (Hilo: ACCIONES) [🎯 ALINEACIÓN] JNJm | Tendencia H1: UP | RSI M1: 10.64 -> BUY
[2026-06-15 22:44:44] (Hilo: ACCIONES) [COOLDOWN MANUAL] JNJm en cuarentena anti-spam.
[2026-06-15 22:44:44] (Hilo: ACCIONES) [🎯 ALINEACIÓN] JPMm | Tendencia H1: UP | RSI M1: 28.81 -> BUY
[2026-06-15 22:44:44] (Hilo: ACCIONES) [COOLDOWN MANUAL] JPMm en cuarentena anti-spam.
[2026-06-15 22:44:44] (Hilo: ACCIONES) [🎯 ALINEACIÓN] LINm | Tendencia H1: UP | RSI M1: 27.91 -> BUY
[2026-06-15 22:44:44] (Hilo: ACCIONES) [COOLDOWN MANUAL] LINm en cuarentena anti-spam.
[2026-06-15 22:44:44] (Hilo: ACCIONES) [🎯 ALINEACIÓN] MCDm | Tendencia H1: UP | RSI M1: 28.07 -> BUY
[2026-06-15 22:44:44] (Hilo: ACCIONES) [COOLDOWN MANUAL] MCDm en cuarentena anti-spam.
[2026-06-15 22:44:44] (Hilo: ACCIONES) [🎯 ALINEACIÓN] MMMm | Tendencia H1: UP | RSI M1: 8.89 -> BUY
[2026-06-15 22:44:44] (Hilo: ACCIONES) [COOLDOWN MANUAL] MMMm en cuarentena anti-spam.
[2026-06-15 22:44:44] (Hilo: ACCIONES) [🎯 ALINEACIÓN] MSFTm | Tendencia H1: DOWN | RSI M1: 95.51 -> SELL
[2026-06-15 22:44:44] (Hilo: ACCIONES) [COOLDOWN MANUAL] MSFTm en cuarentena anti-spam.
[2026-06-15 22:44:44] (Hilo: ACCIONES) [🎯 ALINEACIÓN] NFLXm | Tendencia H1: DOWN | RSI M1: 71.43 -> SELL
[2026-06-15 22:44:44] (Hilo: ACCIONES) [COOLDOWN MANUAL] NFLXm en cuarentena anti-spam.
[2026-06-15 22:44:44] (Hilo: ACCIONES) [🎯 ALINEACIÓN] PGm | Tendencia H1: UP | RSI M1: 24.32 -> BUY
[2026-06-15 22:44:44] (Hilo: ACCIONES) [COOLDOWN MANUAL] PGm en cuarentena anti-spam.
[2026-06-15 22:44:44] (Hilo: ACCIONES) [🎯 ALINEACIÓN] SBUXm | Tendencia H1: UP | RSI M1: 18.37 -> BUY
[2026-06-15 22:44:44] (Hilo: ACCIONES) [COOLDOWN MANUAL] SBUXm en cuarentena anti-spam.
[2026-06-15 22:44:44] (Hilo: ACCIONES) [🎯 ALINEACIÓN] VRTXm | Tendencia H1: UP | RSI M1: 26.01 -> BUY
[2026-06-15 22:44:44] (Hilo: ACCIONES) [COOLDOWN MANUAL] VRTXm en cuarentena anti-spam.
[2026-06-15 22:44:45] (Hilo: FOREX) Patrullando 7 activos...
[2026-06-15 22:44:45] (Hilo: INDICES) Patrullando 14 activos...
[2026-06-15 22:44:46] (Hilo: METALES) Patrullando 15 activos...
[2026-06-15 22:44:46] (Hilo: METALES) [🎯 ALINEACIÓN] XPBUSDm | Tendencia H1: DOWN | RSI M1: 72.08 -> SELL
[2026-06-15 22:44:46] (Hilo: METALES) [COOLDOWN MANUAL] XPBUSDm en cuarentena anti-spam.
[2026-06-15 22:44:46] (Hilo: METALES) [🎯 ALINEACIÓN] XPTUSDm | Tendencia H1: DOWN | RSI M1: 82.15 -> SELL
[2026-06-15 22:44:46] (Hilo: METALES) [COOLDOWN MANUAL] XPTUSDm en cuarentena anti-spam.
[2026-06-15 22:44:59] (Hilo: CRIPTO) Patrullando 2 activos...
[2026-06-15 22:44:59] (Hilo: ENERGIA) Patrullando 3 activos...
[2026-06-15 22:44:59] (Hilo: ACCIONES) Patrullando 91 activos...
[2026-06-15 22:44:59] (Hilo: ACCIONES) [🎯 ALINEACIÓN] ADBEm | Tendencia H1: DOWN | RSI M1: 70.75 -> SELL
[2026-06-15 22:44:59] (Hilo: ACCIONES) [COOLDOWN MANUAL] ADBEm en cuarentena anti-spam.
[2026-06-15 22:44:59] (Hilo: ACCIONES) [🎯 ALINEACIÓN] AMGNm | Tendencia H1: UP | RSI M1: 25.57 -> BUY
[2026-06-15 22:44:59] (Hilo: ACCIONES) [COOLDOWN MANUAL] AMGNm en cuarentena anti-spam.
[2026-06-15 22:44:59] (Hilo: ACCIONES) [🎯 ALINEACIÓN] CMCSAm | Tendencia H1: DOWN | RSI M1: 76.92 -> SELL
[2026-06-15 22:44:59] (Hilo: ACCIONES) [COOLDOWN MANUAL] CMCSAm en cuarentena anti-spam.
[2026-06-15 22:44:59] (Hilo: ACCIONES) [🎯 ALINEACIÓN] JNJm | Tendencia H1: UP | RSI M1: 10.64 -> BUY
[2026-06-15 22:44:59] (Hilo: ACCIONES) [COOLDOWN MANUAL] JNJm en cuarentena anti-spam.
[2026-06-15 22:44:59] (Hilo: ACCIONES) [🎯 ALINEACIÓN] JPMm | Tendencia H1: UP | RSI M1: 28.81 -> BUY
[2026-06-15 22:44:59] (Hilo: ACCIONES) [COOLDOWN MANUAL] JPMm en cuarentena anti-spam.
[2026-06-15 22:44:59] (Hilo: ACCIONES) [🎯 ALINEACIÓN] LINm | Tendencia H1: UP | RSI M1: 27.91 -> BUY
[2026-06-15 22:44:59] (Hilo: ACCIONES) [COOLDOWN MANUAL] LINm en cuarentena anti-spam.
[2026-06-15 22:44:59] (Hilo: ACCIONES) [🎯 ALINEACIÓN] MCDm | Tendencia H1: UP | RSI M1: 28.07 -> BUY
[2026-06-15 22:44:59] (Hilo: ACCIONES) [COOLDOWN MANUAL] MCDm en cuarentena anti-spam.
[2026-06-15 22:44:59] (Hilo: ACCIONES) [🎯 ALINEACIÓN] MMMm | Tendencia H1: UP | RSI M1: 8.89 -> BUY
[2026-06-15 22:44:59] (Hilo: ACCIONES) [COOLDOWN MANUAL] MMMm en cuarentena anti-spam.
[2026-06-15 22:44:59] (Hilo: ACCIONES) [🎯 ALINEACIÓN] MSFTm | Tendencia H1: DOWN | RSI M1: 95.51 -> SELL
[2026-06-15 22:44:59] (Hilo: ACCIONES) [COOLDOWN MANUAL] MSFTm en cuarentena anti-spam.
[2026-06-15 22:44:59] (Hilo: ACCIONES) [🎯 ALINEACIÓN] NFLXm | Tendencia H1: DOWN | RSI M1: 71.43 -> SELL
[2026-06-15 22:44:59] (Hilo: ACCIONES) [COOLDOWN MANUAL] NFLXm en cuarentena anti-spam.
[2026-06-15 22:44:59] (Hilo: ACCIONES) [🎯 ALINEACIÓN] PGm | Tendencia H1: UP | RSI M1: 24.32 -> BUY
[2026-06-15 22:44:59] (Hilo: ACCIONES) [COOLDOWN MANUAL] PGm en cuarentena anti-spam.
[2026-06-15 22:44:59] (Hilo: ACCIONES) [🎯 ALINEACIÓN] SBUXm | Tendencia H1: UP | RSI M1: 18.37 -> BUY
[2026-06-15 22:44:59] (Hilo: ACCIONES) [COOLDOWN MANUAL] SBUXm en cuarentena anti-spam.
[2026-06-15 22:44:59] (Hilo: ACCIONES) [🎯 ALINEACIÓN] VRTXm | Tendencia H1: UP | RSI M1: 26.01 -> BUY
[2026-06-15 22:44:59] (Hilo: ACCIONES) [COOLDOWN MANUAL] VRTXm en cuarentena anti-spam.
[2026-06-15 22:45:00] (Hilo: FOREX) Patrullando 7 activos...
[2026-06-15 22:45:01] (Hilo: INDICES) Patrullando 14 activos...
[2026-06-15 22:45:01] (Hilo: METALES) Patrullando 15 activos...
[2026-06-15 22:45:01] (Hilo: METALES) [🎯 ALINEACIÓN] XALUSDm | Tendencia H1: DOWN | RSI M1: 72.72 -> SELL
[2026-06-15 22:45:01] (Hilo: METALES) [XALUSDm] 🔥 Condiciones de disparo autorizadas. Ejecutando SELL...
[2026-06-15 22:45:01] (Hilo: METALES) [XALUSDm] ⚠️ Orden rechazada por el bróker (Posible mercado cerrado o error). Activando cuarentena anti-spam de 5 minutos.
[2026-06-15 22:45:01] (Hilo: METALES) [🎯 ALINEACIÓN] XPBUSDm | Tendencia H1: DOWN | RSI M1: 72.08 -> SELL
[2026-06-15 22:45:01] (Hilo: METALES) [COOLDOWN MANUAL] XPBUSDm en cuarentena anti-spam.
[2026-06-15 22:45:01] (Hilo: METALES) [🎯 ALINEACIÓN] XPTUSDm | Tendencia H1: DOWN | RSI M1: 83.62 -> SELL
[2026-06-15 22:45:01] (Hilo: METALES) [COOLDOWN MANUAL] XPTUSDm en cuarentena anti-spam.
[2026-06-15 22:45:14] (Hilo: CRIPTO) Patrullando 2 activos...
[2026-06-15 22:45:14] (Hilo: ENERGIA) Patrullando 3 activos...
[2026-06-15 22:45:14] (Hilo: ACCIONES) Patrullando 91 activos...
[2026-06-15 22:45:14] (Hilo: ACCIONES) [🎯 ALINEACIÓN] ADBEm | Tendencia H1: DOWN | RSI M1: 70.75 -> SELL
[2026-06-15 22:45:14] (Hilo: ACCIONES) [ADBEm] 🔥 Condiciones de disparo autorizadas. Ejecutando SELL...
[2026-06-15 22:45:14] (Hilo: ACCIONES) [ADBEm] ⚠️ Orden rechazada por el bróker (Posible mercado cerrado o error). Activando cuarentena anti-spam de 5 minutos.
[2026-06-15 22:45:14] (Hilo: ACCIONES) [🎯 ALINEACIÓN] AMGNm | Tendencia H1: UP | RSI M1: 25.57 -> BUY
[2026-06-15 22:45:14] (Hilo: ACCIONES) [AMGNm] 🔥 Condiciones de disparo autorizadas. Ejecutando BUY...
[2026-06-15 22:45:14] (Hilo: ACCIONES) [AMGNm] ⚠️ Orden rechazada por el bróker (Posible mercado cerrado o error). Activando cuarentena anti-spam de 5 minutos.
[2026-06-15 22:45:15] (Hilo: ACCIONES) [🎯 ALINEACIÓN] CMCSAm | Tendencia H1: DOWN | RSI M1: 76.92 -> SELL
[2026-06-15 22:45:15] (Hilo: ACCIONES) [CMCSAm] 🔥 Condiciones de disparo autorizadas. Ejecutando SELL...
[2026-06-15 22:45:15] (Hilo: ACCIONES) [CMCSAm] ⚠️ Orden rechazada por el bróker (Posible mercado cerrado o error). Activando cuarentena anti-spam de 5 minutos.
[2026-06-15 22:45:15] (Hilo: ACCIONES) [🎯 ALINEACIÓN] JNJm | Tendencia H1: UP | RSI M1: 10.64 -> BUY
[2026-06-15 22:45:15] (Hilo: ACCIONES) [JNJm] 🔥 Condiciones de disparo autorizadas. Ejecutando BUY...
[2026-06-15 22:45:15] (Hilo: ACCIONES) [JNJm] ⚠️ Orden rechazada por el bróker (Posible mercado cerrado o error). Activando cuarentena anti-spam de 5 minutos.
[2026-06-15 22:45:15] (Hilo: ACCIONES) [🎯 ALINEACIÓN] JPMm | Tendencia H1: UP | RSI M1: 28.81 -> BUY
[2026-06-15 22:45:15] (Hilo: ACCIONES) [JPMm] 🔥 Condiciones de disparo autorizadas. Ejecutando BUY...
[2026-06-15 22:45:15] (Hilo: ACCIONES) [JPMm] ⚠️ Orden rechazada por el bróker (Posible mercado cerrado o error). Activando cuarentena anti-spam de 5 minutos.
[2026-06-15 22:45:15] (Hilo: ACCIONES) [🎯 ALINEACIÓN] LINm | Tendencia H1: UP | RSI M1: 27.91 -> BUY
[2026-06-15 22:45:15] (Hilo: ACCIONES) [LINm] 🔥 Condiciones de disparo autorizadas. Ejecutando BUY...
[2026-06-15 22:45:15] (Hilo: ACCIONES) [LINm] ⚠️ Orden rechazada por el bróker (Posible mercado cerrado o error). Activando cuarentena anti-spam de 5 minutos.
[2026-06-15 22:45:15] (Hilo: ACCIONES) [🎯 ALINEACIÓN] MCDm | Tendencia H1: UP | RSI M1: 28.07 -> BUY
[2026-06-15 22:45:15] (Hilo: ACCIONES) [MCDm] 🔥 Condiciones de disparo autorizadas. Ejecutando BUY...
[2026-06-15 22:45:15] (Hilo: ACCIONES) [MCDm] ⚠️ Orden rechazada por el bróker (Posible mercado cerrado o error). Activando cuarentena anti-spam de 5 minutos.
[2026-06-15 22:45:15] (Hilo: ACCIONES) [🎯 ALINEACIÓN] MMMm | Tendencia H1: UP | RSI M1: 8.89 -> BUY
[2026-06-15 22:45:15] (Hilo: ACCIONES) [MMMm] 🔥 Condiciones de disparo autorizadas. Ejecutando BUY...
[2026-06-15 22:45:15] (Hilo: ACCIONES) [MMMm] ⚠️ Orden rechazada por el bróker (Posible mercado cerrado o error). Activando cuarentena anti-spam de 5 minutos.
[2026-06-15 22:45:15] (Hilo: ACCIONES) [🎯 ALINEACIÓN] MSFTm | Tendencia H1: DOWN | RSI M1: 95.51 -> SELL
[2026-06-15 22:45:15] (Hilo: ACCIONES) [MSFTm] 🔥 Condiciones de disparo autorizadas. Ejecutando SELL...
[2026-06-15 22:45:15] (Hilo: ACCIONES) [MSFTm] ⚠️ Orden rechazada por el bróker (Posible mercado cerrado o error). Activando cuarentena anti-spam de 5 minutos.
[2026-06-15 22:45:15] (Hilo: ACCIONES) [🎯 ALINEACIÓN] NFLXm | Tendencia H1: DOWN | RSI M1: 71.43 -> SELL
[2026-06-15 22:45:15] (Hilo: ACCIONES) [NFLXm] 🔥 Condiciones de disparo autorizadas. Ejecutando SELL...
[2026-06-15 22:45:15] (Hilo: ACCIONES) [NFLXm] ⚠️ Orden rechazada por el bróker (Posible mercado cerrado o error). Activando cuarentena anti-spam de 5 minutos.
[2026-06-15 22:45:15] (Hilo: ACCIONES) [🎯 ALINEACIÓN] PGm | Tendencia H1: UP | RSI M1: 24.32 -> BUY
[2026-06-15 22:45:15] (Hilo: ACCIONES) [PGm] 🔥 Condiciones de disparo autorizadas. Ejecutando BUY...
[2026-06-15 22:45:15] (Hilo: ACCIONES) [PGm] ⚠️ Orden rechazada por el bróker (Posible mercado cerrado o error). Activando cuarentena anti-spam de 5 minutos.
[2026-06-15 22:45:15] (Hilo: ACCIONES) [🎯 ALINEACIÓN] SBUXm | Tendencia H1: UP | RSI M1: 18.37 -> BUY
[2026-06-15 22:45:15] (Hilo: ACCIONES) [SBUXm] 🔥 Condiciones de disparo autorizadas. Ejecutando BUY...
[2026-06-15 22:45:15] (Hilo: ACCIONES) [SBUXm] ⚠️ Orden rechazada por el bróker (Posible mercado cerrado o error). Activando cuarentena anti-spam de 5 minutos.
[2026-06-15 22:45:15] (Hilo: ACCIONES) [🎯 ALINEACIÓN] VRTXm | Tendencia H1: UP | RSI M1: 26.01 -> BUY
[2026-06-15 22:45:15] (Hilo: ACCIONES) [VRTXm] 🔥 Condiciones de disparo autorizadas. Ejecutando BUY...
[2026-06-15 22:45:15] (Hilo: ACCIONES) [VRTXm] ⚠️ Orden rechazada por el bróker (Posible mercado cerrado o error). Activando cuarentena anti-spam de 5 minutos.
[2026-06-15 22:45:15] (Hilo: FOREX) Patrullando 7 activos...
[2026-06-15 22:45:16] (Hilo: INDICES) Patrullando 14 activos...
[2026-06-15 22:45:16] (Hilo: METALES) Patrullando 15 activos...
[2026-06-15 22:45:16] (Hilo: METALES) [🎯 ALINEACIÓN] XALUSDm | Tendencia H1: DOWN | RSI M1: 72.12 -> SELL
[2026-06-15 22:45:16] (Hilo: METALES) [COOLDOWN MANUAL] XALUSDm en cuarentena anti-spam.
[2026-06-15 22:45:16] (Hilo: METALES) [🎯 ALINEACIÓN] XPBUSDm | Tendencia H1: DOWN | RSI M1: 72.08 -> SELL
[2026-06-15 22:45:16] (Hilo: METALES) [COOLDOWN MANUAL] XPBUSDm en cuarentena anti-spam.
[2026-06-15 22:45:16] (Hilo: METALES) [🎯 ALINEACIÓN] XPTUSDm | Tendencia H1: DOWN | RSI M1: 81.48 -> SELL
[2026-06-15 22:45:16] (Hilo: METALES) [XPTUSDm] 🔥 Condiciones de disparo autorizadas. Ejecutando SELL...
[2026-06-15 22:45:16] (Hilo: METALES) [XPTUSDm] ⚠️ Orden rechazada por el bróker (Posible mercado cerrado o error). Activando cuarentena anti-spam de 5 minutos.
[2026-06-15 22:45:29] (Hilo: CRIPTO) Patrullando 2 activos...
[2026-06-15 22:45:29] (Hilo: ENERGIA) Patrullando 3 activos...
[2026-06-15 22:45:30] (Hilo: ACCIONES) Patrullando 91 activos...
[2026-06-15 22:45:30] (Hilo: ACCIONES) [🎯 ALINEACIÓN] ADBEm | Tendencia H1: DOWN | RSI M1: 70.75 -> SELL
[2026-06-15 22:45:30] (Hilo: ACCIONES) [COOLDOWN MANUAL] ADBEm en cuarentena anti-spam.
[2026-06-15 22:45:30] (Hilo: ACCIONES) [🎯 ALINEACIÓN] AMGNm | Tendencia H1: UP | RSI M1: 25.57 -> BUY
[2026-06-15 22:45:30] (Hilo: ACCIONES) [COOLDOWN MANUAL] AMGNm en cuarentena anti-spam.
[2026-06-15 22:45:30] (Hilo: ACCIONES) [🎯 ALINEACIÓN] CMCSAm | Tendencia H1: DOWN | RSI M1: 76.92 -> SELL
[2026-06-15 22:45:30] (Hilo: ACCIONES) [COOLDOWN MANUAL] CMCSAm en cuarentena anti-spam.
[2026-06-15 22:45:30] (Hilo: FOREX) Patrullando 7 activos...
[2026-06-15 22:45:30] (Hilo: ACCIONES) [🎯 ALINEACIÓN] JNJm | Tendencia H1: UP | RSI M1: 10.64 -> BUY
[2026-06-15 22:45:30] (Hilo: ACCIONES) [COOLDOWN MANUAL] JNJm en cuarentena anti-spam.
[2026-06-15 22:45:30] (Hilo: ACCIONES) [🎯 ALINEACIÓN] JPMm | Tendencia H1: UP | RSI M1: 28.81 -> BUY
[2026-06-15 22:45:30] (Hilo: ACCIONES) [COOLDOWN MANUAL] JPMm en cuarentena anti-spam.
[2026-06-15 22:45:30] (Hilo: ACCIONES) [🎯 ALINEACIÓN] LINm | Tendencia H1: UP | RSI M1: 27.91 -> BUY
[2026-06-15 22:45:30] (Hilo: ACCIONES) [COOLDOWN MANUAL] LINm en cuarentena anti-spam.
[2026-06-15 22:45:30] (Hilo: ACCIONES) [🎯 ALINEACIÓN] MCDm | Tendencia H1: UP | RSI M1: 28.07 -> BUY
[2026-06-15 22:45:30] (Hilo: ACCIONES) [COOLDOWN MANUAL] MCDm en cuarentena anti-spam.
[2026-06-15 22:45:30] (Hilo: ACCIONES) [🎯 ALINEACIÓN] MMMm | Tendencia H1: UP | RSI M1: 8.89 -> BUY
[2026-06-15 22:45:30] (Hilo: ACCIONES) [COOLDOWN MANUAL] MMMm en cuarentena anti-spam.
[2026-06-15 22:45:30] (Hilo: ACCIONES) [🎯 ALINEACIÓN] MSFTm | Tendencia H1: DOWN | RSI M1: 95.51 -> SELL
[2026-06-15 22:45:30] (Hilo: ACCIONES) [COOLDOWN MANUAL] MSFTm en cuarentena anti-spam.
[2026-06-15 22:45:30] (Hilo: ACCIONES) [🎯 ALINEACIÓN] NFLXm | Tendencia H1: DOWN | RSI M1: 71.43 -> SELL
[2026-06-15 22:45:30] (Hilo: ACCIONES) [COOLDOWN MANUAL] NFLXm en cuarentena anti-spam.
[2026-06-15 22:45:30] (Hilo: ACCIONES) [🎯 ALINEACIÓN] PGm | Tendencia H1: UP | RSI M1: 24.32 -> BUY
[2026-06-15 22:45:30] (Hilo: ACCIONES) [COOLDOWN MANUAL] PGm en cuarentena anti-spam.
[2026-06-15 22:45:30] (Hilo: ACCIONES) [🎯 ALINEACIÓN] SBUXm | Tendencia H1: UP | RSI M1: 18.37 -> BUY
[2026-06-15 22:45:30] (Hilo: ACCIONES) [COOLDOWN MANUAL] SBUXm en cuarentena anti-spam.
[2026-06-15 22:45:30] (Hilo: ACCIONES) [🎯 ALINEACIÓN] VRTXm | Tendencia H1: UP | RSI M1: 26.01 -> BUY
[2026-06-15 22:45:30] (Hilo: ACCIONES) [COOLDOWN MANUAL] VRTXm en cuarentena anti-spam.
[2026-06-15 22:45:31] (Hilo: INDICES) Patrullando 14 activos...
[2026-06-15 22:45:31] (Hilo: METALES) Patrullando 15 activos...
[2026-06-15 22:45:31] (Hilo: METALES) [🎯 ALINEACIÓN] XALUSDm | Tendencia H1: DOWN | RSI M1: 72.06 -> SELL
[2026-06-15 22:45:31] (Hilo: METALES) [COOLDOWN MANUAL] XALUSDm en cuarentena anti-spam.
[2026-06-15 22:45:31] (Hilo: METALES) [🎯 ALINEACIÓN] XPBUSDm | Tendencia H1: DOWN | RSI M1: 72.08 -> SELL
[2026-06-15 22:45:31] (Hilo: METALES) [COOLDOWN MANUAL] XPBUSDm en cuarentena anti-spam.
[2026-06-15 22:45:31] (Hilo: METALES) [🎯 ALINEACIÓN] XPTUSDm | Tendencia H1: DOWN | RSI M1: 75.77 -> SELL
[2026-06-15 22:45:31] (Hilo: METALES) [COOLDOWN MANUAL] XPTUSDm en cuarentena anti-spam.
[2026-06-15 22:45:44] (Hilo: CRIPTO) Patrullando 2 activos...
[2026-06-15 22:45:44] (Hilo: ENERGIA) Patrullando 3 activos...
[2026-06-15 22:45:45] (Hilo: FOREX) Patrullando 7 activos...
[2026-06-15 22:45:45] (Hilo: ACCIONES) Patrullando 91 activos...
[2026-06-15 22:45:45] (Hilo: ACCIONES) [🎯 ALINEACIÓN] ADBEm | Tendencia H1: DOWN | RSI M1: 70.75 -> SELL
[2026-06-15 22:45:45] (Hilo: ACCIONES) [COOLDOWN MANUAL] ADBEm en cuarentena anti-spam.
[2026-06-15 22:45:45] (Hilo: ACCIONES) [🎯 ALINEACIÓN] AMGNm | Tendencia H1: UP | RSI M1: 25.57 -> BUY
[2026-06-15 22:45:45] (Hilo: ACCIONES) [COOLDOWN MANUAL] AMGNm en cuarentena anti-spam.
[2026-06-15 22:45:45] (Hilo: ACCIONES) [🎯 ALINEACIÓN] CMCSAm | Tendencia H1: DOWN | RSI M1: 76.92 -> SELL
[2026-06-15 22:45:45] (Hilo: ACCIONES) [COOLDOWN MANUAL] CMCSAm en cuarentena anti-spam.
[2026-06-15 22:45:45] (Hilo: ACCIONES) [🎯 ALINEACIÓN] JNJm | Tendencia H1: UP | RSI M1: 10.64 -> BUY
[2026-06-15 22:45:45] (Hilo: ACCIONES) [COOLDOWN MANUAL] JNJm en cuarentena anti-spam.
[2026-06-15 22:45:45] (Hilo: ACCIONES) [🎯 ALINEACIÓN] JPMm | Tendencia H1: UP | RSI M1: 28.81 -> BUY
[2026-06-15 22:45:45] (Hilo: ACCIONES) [COOLDOWN MANUAL] JPMm en cuarentena anti-spam.
[2026-06-15 22:45:45] (Hilo: ACCIONES) [🎯 ALINEACIÓN] LINm | Tendencia H1: UP | RSI M1: 27.91 -> BUY
[2026-06-15 22:45:45] (Hilo: ACCIONES) [COOLDOWN MANUAL] LINm en cuarentena anti-spam.
[2026-06-15 22:45:45] (Hilo: ACCIONES) [🎯 ALINEACIÓN] MCDm | Tendencia H1: UP | RSI M1: 28.07 -> BUY
[2026-06-15 22:45:45] (Hilo: ACCIONES) [COOLDOWN MANUAL] MCDm en cuarentena anti-spam.
[2026-06-15 22:45:45] (Hilo: ACCIONES) [🎯 ALINEACIÓN] MMMm | Tendencia H1: UP | RSI M1: 8.89 -> BUY
[2026-06-15 22:45:45] (Hilo: ACCIONES) [COOLDOWN MANUAL] MMMm en cuarentena anti-spam.
[2026-06-15 22:45:45] (Hilo: ACCIONES) [🎯 ALINEACIÓN] MSFTm | Tendencia H1: DOWN | RSI M1: 95.51 -> SELL
[2026-06-15 22:45:45] (Hilo: ACCIONES) [COOLDOWN MANUAL] MSFTm en cuarentena anti-spam.
[2026-06-15 22:45:45] (Hilo: ACCIONES) [🎯 ALINEACIÓN] NFLXm | Tendencia H1: DOWN | RSI M1: 71.43 -> SELL
[2026-06-15 22:45:45] (Hilo: ACCIONES) [COOLDOWN MANUAL] NFLXm en cuarentena anti-spam.
[2026-06-15 22:45:45] (Hilo: ACCIONES) [🎯 ALINEACIÓN] PGm | Tendencia H1: UP | RSI M1: 24.32 -> BUY
[2026-06-15 22:45:45] (Hilo: ACCIONES) [COOLDOWN MANUAL] PGm en cuarentena anti-spam.
[2026-06-15 22:45:45] (Hilo: ACCIONES) [🎯 ALINEACIÓN] SBUXm | Tendencia H1: UP | RSI M1: 18.37 -> BUY
[2026-06-15 22:45:45] (Hilo: ACCIONES) [COOLDOWN MANUAL] SBUXm en cuarentena anti-spam.
[2026-06-15 22:45:45] (Hilo: ACCIONES) [🎯 ALINEACIÓN] VRTXm | Tendencia H1: UP | RSI M1: 26.01 -> BUY
[2026-06-15 22:45:45] (Hilo: ACCIONES) [COOLDOWN MANUAL] VRTXm en cuarentena anti-spam.
[2026-06-15 22:45:46] (Hilo: INDICES) Patrullando 14 activos...
[2026-06-15 22:45:46] (Hilo: METALES) Patrullando 15 activos...
[2026-06-15 22:45:46] (Hilo: METALES) [🎯 ALINEACIÓN] XALUSDm | Tendencia H1: DOWN | RSI M1: 72.06 -> SELL
[2026-06-15 22:45:46] (Hilo: METALES) [COOLDOWN MANUAL] XALUSDm en cuarentena anti-spam.
[2026-06-15 22:45:46] (Hilo: METALES) [🎯 ALINEACIÓN] XPBUSDm | Tendencia H1: DOWN | RSI M1: 72.08 -> SELL
[2026-06-15 22:45:46] (Hilo: METALES) [COOLDOWN MANUAL] XPBUSDm en cuarentena anti-spam.
[2026-06-15 22:45:46] (Hilo: METALES) [🎯 ALINEACIÓN] XPTUSDm | Tendencia H1: DOWN | RSI M1: 75.98 -> SELL
[2026-06-15 22:45:46] (Hilo: METALES) [COOLDOWN MANUAL] XPTUSDm en cuarentena anti-spam.
[2026-06-15 22:45:59] (Hilo: CRIPTO) Patrullando 2 activos...
[2026-06-15 22:45:59] (Hilo: ENERGIA) Patrullando 3 activos...
[2026-06-15 22:46:00] (Hilo: FOREX) Patrullando 7 activos...
[2026-06-15 22:46:00] (Hilo: ACCIONES) Patrullando 91 activos...
[2026-06-15 22:46:00] (Hilo: ACCIONES) [🎯 ALINEACIÓN] ADBEm | Tendencia H1: DOWN | RSI M1: 70.75 -> SELL
[2026-06-15 22:46:00] (Hilo: ACCIONES) [COOLDOWN MANUAL] ADBEm en cuarentena anti-spam.
[2026-06-15 22:46:00] (Hilo: ACCIONES) [🎯 ALINEACIÓN] AMGNm | Tendencia H1: UP | RSI M1: 25.57 -> BUY
[2026-06-15 22:46:00] (Hilo: ACCIONES) [COOLDOWN MANUAL] AMGNm en cuarentena anti-spam.
[2026-06-15 22:46:00] (Hilo: ACCIONES) [🎯 ALINEACIÓN] CMCSAm | Tendencia H1: DOWN | RSI M1: 76.92 -> SELL
[2026-06-15 22:46:00] (Hilo: ACCIONES) [COOLDOWN MANUAL] CMCSAm en cuarentena anti-spam.
[2026-06-15 22:46:00] (Hilo: ACCIONES) [🎯 ALINEACIÓN] JNJm | Tendencia H1: UP | RSI M1: 10.64 -> BUY
[2026-06-15 22:46:00] (Hilo: ACCIONES) [COOLDOWN MANUAL] JNJm en cuarentena anti-spam.
[2026-06-15 22:46:00] (Hilo: ACCIONES) [🎯 ALINEACIÓN] JPMm | Tendencia H1: UP | RSI M1: 28.81 -> BUY
[2026-06-15 22:46:00] (Hilo: ACCIONES) [COOLDOWN MANUAL] JPMm en cuarentena anti-spam.
[2026-06-15 22:46:00] (Hilo: ACCIONES) [🎯 ALINEACIÓN] LINm | Tendencia H1: UP | RSI M1: 27.91 -> BUY
[2026-06-15 22:46:00] (Hilo: ACCIONES) [COOLDOWN MANUAL] LINm en cuarentena anti-spam.
[2026-06-15 22:46:00] (Hilo: ACCIONES) [🎯 ALINEACIÓN] MCDm | Tendencia H1: UP | RSI M1: 28.07 -> BUY
[2026-06-15 22:46:00] (Hilo: ACCIONES) [COOLDOWN MANUAL] MCDm en cuarentena anti-spam.
[2026-06-15 22:46:00] (Hilo: ACCIONES) [🎯 ALINEACIÓN] MMMm | Tendencia H1: UP | RSI M1: 8.89 -> BUY
[2026-06-15 22:46:00] (Hilo: ACCIONES) [COOLDOWN MANUAL] MMMm en cuarentena anti-spam.
[2026-06-15 22:46:00] (Hilo: ACCIONES) [🎯 ALINEACIÓN] MSFTm | Tendencia H1: DOWN | RSI M1: 95.51 -> SELL
[2026-06-15 22:46:00] (Hilo: ACCIONES) [COOLDOWN MANUAL] MSFTm en cuarentena anti-spam.
[2026-06-15 22:46:00] (Hilo: ACCIONES) [🎯 ALINEACIÓN] NFLXm | Tendencia H1: DOWN | RSI M1: 71.43 -> SELL
[2026-06-15 22:46:00] (Hilo: ACCIONES) [COOLDOWN MANUAL] NFLXm en cuarentena anti-spam.
[2026-06-15 22:46:00] (Hilo: ACCIONES) [🎯 ALINEACIÓN] PGm | Tendencia H1: UP | RSI M1: 24.32 -> BUY
[2026-06-15 22:46:00] (Hilo: ACCIONES) [COOLDOWN MANUAL] PGm en cuarentena anti-spam.
[2026-06-15 22:46:00] (Hilo: ACCIONES) [🎯 ALINEACIÓN] SBUXm | Tendencia H1: UP | RSI M1: 18.37 -> BUY
[2026-06-15 22:46:00] (Hilo: ACCIONES) [COOLDOWN MANUAL] SBUXm en cuarentena anti-spam.
[2026-06-15 22:46:00] (Hilo: ACCIONES) [🎯 ALINEACIÓN] VRTXm | Tendencia H1: UP | RSI M1: 26.01 -> BUY
[2026-06-15 22:46:00] (Hilo: ACCIONES) [COOLDOWN MANUAL] VRTXm en cuarentena anti-spam.
[2026-06-15 22:46:01] (Hilo: INDICES) Patrullando 14 activos...
[2026-06-15 22:46:01] (Hilo: INDICES) [🎯 ALINEACIÓN] HK50m | Tendencia H1: DOWN | RSI M1: 71.15 -> SELL
[2026-06-15 22:46:01] (Hilo: INDICES) [COOLDOWN MANUAL] HK50m en cuarentena anti-spam.
[2026-06-15 22:46:01] (Hilo: METALES) Patrullando 15 activos...
[2026-06-15 22:46:01] (Hilo: METALES) [🎯 ALINEACIÓN] XPBUSDm | Tendencia H1: DOWN | RSI M1: 72.08 -> SELL
[2026-06-15 22:46:01] (Hilo: METALES) [COOLDOWN MANUAL] XPBUSDm en cuarentena anti-spam.
[2026-06-15 22:46:01] (Hilo: METALES) [🎯 ALINEACIÓN] XPTUSDm | Tendencia H1: DOWN | RSI M1: 80.10 -> SELL
[2026-06-15 22:46:01] (Hilo: METALES) [COOLDOWN MANUAL] XPTUSDm en cuarentena anti-spam.
[2026-06-15 22:46:14] (Hilo: CRIPTO) Patrullando 2 activos...
[2026-06-15 22:46:14] (Hilo: ENERGIA) Patrullando 3 activos...
[2026-06-15 22:46:15] (Hilo: FOREX) Patrullando 7 activos...
[2026-06-15 22:46:15] (Hilo: ACCIONES) Patrullando 91 activos...
[2026-06-15 22:46:15] (Hilo: ACCIONES) [🎯 ALINEACIÓN] ADBEm | Tendencia H1: DOWN | RSI M1: 70.75 -> SELL
[2026-06-15 22:46:15] (Hilo: ACCIONES) [COOLDOWN MANUAL] ADBEm en cuarentena anti-spam.
[2026-06-15 22:46:15] (Hilo: ACCIONES) [🎯 ALINEACIÓN] AMGNm | Tendencia H1: UP | RSI M1: 25.57 -> BUY
[2026-06-15 22:46:15] (Hilo: ACCIONES) [COOLDOWN MANUAL] AMGNm en cuarentena anti-spam.
[2026-06-15 22:46:16] (Hilo: ACCIONES) [🎯 ALINEACIÓN] CMCSAm | Tendencia H1: DOWN | RSI M1: 76.92 -> SELL
[2026-06-15 22:46:16] (Hilo: ACCIONES) [COOLDOWN MANUAL] CMCSAm en cuarentena anti-spam.
[2026-06-15 22:46:16] (Hilo: ACCIONES) [🎯 ALINEACIÓN] JNJm | Tendencia H1: UP | RSI M1: 10.64 -> BUY
[2026-06-15 22:46:16] (Hilo: ACCIONES) [COOLDOWN MANUAL] JNJm en cuarentena anti-spam.
[2026-06-15 22:46:16] (Hilo: ACCIONES) [🎯 ALINEACIÓN] JPMm | Tendencia H1: UP | RSI M1: 28.81 -> BUY
[2026-06-15 22:46:16] (Hilo: ACCIONES) [COOLDOWN MANUAL] JPMm en cuarentena anti-spam.
[2026-06-15 22:46:16] (Hilo: ACCIONES) [🎯 ALINEACIÓN] LINm | Tendencia H1: UP | RSI M1: 27.91 -> BUY
[2026-06-15 22:46:16] (Hilo: ACCIONES) [COOLDOWN MANUAL] LINm en cuarentena anti-spam.
[2026-06-15 22:46:16] (Hilo: ACCIONES) [🎯 ALINEACIÓN] MCDm | Tendencia H1: UP | RSI M1: 28.07 -> BUY
[2026-06-15 22:46:16] (Hilo: ACCIONES) [COOLDOWN MANUAL] MCDm en cuarentena anti-spam.
[2026-06-15 22:46:16] (Hilo: ACCIONES) [🎯 ALINEACIÓN] MMMm | Tendencia H1: UP | RSI M1: 8.89 -> BUY
[2026-06-15 22:46:16] (Hilo: ACCIONES) [COOLDOWN MANUAL] MMMm en cuarentena anti-spam.
[2026-06-15 22:46:16] (Hilo: ACCIONES) [🎯 ALINEACIÓN] MSFTm | Tendencia H1: DOWN | RSI M1: 95.51 -> SELL
[2026-06-15 22:46:16] (Hilo: ACCIONES) [COOLDOWN MANUAL] MSFTm en cuarentena anti-spam.
[2026-06-15 22:46:16] (Hilo: ACCIONES) [🎯 ALINEACIÓN] NFLXm | Tendencia H1: DOWN | RSI M1: 71.43 -> SELL
[2026-06-15 22:46:16] (Hilo: ACCIONES) [COOLDOWN MANUAL] NFLXm en cuarentena anti-spam.
[2026-06-15 22:46:16] (Hilo: ACCIONES) [🎯 ALINEACIÓN] PGm | Tendencia H1: UP | RSI M1: 24.32 -> BUY
[2026-06-15 22:46:16] (Hilo: ACCIONES) [COOLDOWN MANUAL] PGm en cuarentena anti-spam.
[2026-06-15 22:46:16] (Hilo: ACCIONES) [🎯 ALINEACIÓN] SBUXm | Tendencia H1: UP | RSI M1: 18.37 -> BUY
[2026-06-15 22:46:16] (Hilo: ACCIONES) [COOLDOWN MANUAL] SBUXm en cuarentena anti-spam.
[2026-06-15 22:46:16] (Hilo: INDICES) Patrullando 14 activos...
[2026-06-15 22:46:16] (Hilo: ACCIONES) [🎯 ALINEACIÓN] VRTXm | Tendencia H1: UP | RSI M1: 26.01 -> BUY
[2026-06-15 22:46:16] (Hilo: ACCIONES) [COOLDOWN MANUAL] VRTXm en cuarentena anti-spam.
[2026-06-15 22:46:16] (Hilo: METALES) Patrullando 15 activos...
[2026-06-15 22:46:16] (Hilo: METALES) [🎯 ALINEACIÓN] XPBUSDm | Tendencia H1: DOWN | RSI M1: 72.08 -> SELL
[2026-06-15 22:46:16] (Hilo: METALES) [COOLDOWN MANUAL] XPBUSDm en cuarentena anti-spam.
[2026-06-15 22:46:16] (Hilo: METALES) [🎯 ALINEACIÓN] XPTUSDm | Tendencia H1: DOWN | RSI M1: 80.10 -> SELL
[2026-06-15 22:46:16] (Hilo: METALES) [COOLDOWN MANUAL] XPTUSDm en cuarentena anti-spam.
[2026-06-15 22:46:29] (Hilo: CRIPTO) Patrullando 2 activos...
[2026-06-15 22:46:29] (Hilo: ENERGIA) Patrullando 3 activos...
[2026-06-15 22:46:30] (Hilo: FOREX) Patrullando 7 activos...
[2026-06-15 22:46:31] (Hilo: INDICES) Patrullando 14 activos...
[2026-06-15 22:46:31] (Hilo: ACCIONES) Patrullando 91 activos...
[2026-06-15 22:46:31] (Hilo: ACCIONES) [🎯 ALINEACIÓN] ADBEm | Tendencia H1: DOWN | RSI M1: 70.75 -> SELL
[2026-06-15 22:46:31] (Hilo: ACCIONES) [COOLDOWN MANUAL] ADBEm en cuarentena anti-spam.
[2026-06-15 22:46:31] (Hilo: ACCIONES) [🎯 ALINEACIÓN] AMGNm | Tendencia H1: UP | RSI M1: 25.57 -> BUY
[2026-06-15 22:46:31] (Hilo: ACCIONES) [COOLDOWN MANUAL] AMGNm en cuarentena anti-spam.
[2026-06-15 22:46:31] (Hilo: ACCIONES) [🎯 ALINEACIÓN] CMCSAm | Tendencia H1: DOWN | RSI M1: 76.92 -> SELL
[2026-06-15 22:46:31] (Hilo: ACCIONES) [COOLDOWN MANUAL] CMCSAm en cuarentena anti-spam.
[2026-06-15 22:46:31] (Hilo: ACCIONES) [🎯 ALINEACIÓN] JNJm | Tendencia H1: UP | RSI M1: 10.64 -> BUY
[2026-06-15 22:46:31] (Hilo: ACCIONES) [COOLDOWN MANUAL] JNJm en cuarentena anti-spam.
[2026-06-15 22:46:31] (Hilo: ACCIONES) [🎯 ALINEACIÓN] JPMm | Tendencia H1: UP | RSI M1: 28.81 -> BUY
[2026-06-15 22:46:31] (Hilo: ACCIONES) [COOLDOWN MANUAL] JPMm en cuarentena anti-spam.
[2026-06-15 22:46:31] (Hilo: ACCIONES) [🎯 ALINEACIÓN] LINm | Tendencia H1: UP | RSI M1: 27.91 -> BUY
[2026-06-15 22:46:31] (Hilo: ACCIONES) [COOLDOWN MANUAL] LINm en cuarentena anti-spam.
[2026-06-15 22:46:31] (Hilo: ACCIONES) [🎯 ALINEACIÓN] MCDm | Tendencia H1: UP | RSI M1: 28.07 -> BUY
[2026-06-15 22:46:31] (Hilo: ACCIONES) [COOLDOWN MANUAL] MCDm en cuarentena anti-spam.
[2026-06-15 22:46:31] (Hilo: ACCIONES) [🎯 ALINEACIÓN] MMMm | Tendencia H1: UP | RSI M1: 8.89 -> BUY
[2026-06-15 22:46:31] (Hilo: ACCIONES) [COOLDOWN MANUAL] MMMm en cuarentena anti-spam.
[2026-06-15 22:46:31] (Hilo: ACCIONES) [🎯 ALINEACIÓN] MSFTm | Tendencia H1: DOWN | RSI M1: 95.51 -> SELL
[2026-06-15 22:46:31] (Hilo: ACCIONES) [COOLDOWN MANUAL] MSFTm en cuarentena anti-spam.
[2026-06-15 22:46:31] (Hilo: ACCIONES) [🎯 ALINEACIÓN] NFLXm | Tendencia H1: DOWN | RSI M1: 71.43 -> SELL
[2026-06-15 22:46:31] (Hilo: ACCIONES) [COOLDOWN MANUAL] NFLXm en cuarentena anti-spam.
[2026-06-15 22:46:31] (Hilo: ACCIONES) [🎯 ALINEACIÓN] PGm | Tendencia H1: UP | RSI M1: 24.32 -> BUY
[2026-06-15 22:46:31] (Hilo: ACCIONES) [COOLDOWN MANUAL] PGm en cuarentena anti-spam.
[2026-06-15 22:46:31] (Hilo: ACCIONES) [🎯 ALINEACIÓN] SBUXm | Tendencia H1: UP | RSI M1: 18.37 -> BUY
[2026-06-15 22:46:31] (Hilo: ACCIONES) [COOLDOWN MANUAL] SBUXm en cuarentena anti-spam.
[2026-06-15 22:46:31] (Hilo: ACCIONES) [🎯 ALINEACIÓN] VRTXm | Tendencia H1: UP | RSI M1: 26.01 -> BUY
[2026-06-15 22:46:31] (Hilo: ACCIONES) [COOLDOWN MANUAL] VRTXm en cuarentena anti-spam.
[2026-06-15 22:46:31] (Hilo: METALES) Patrullando 15 activos...
[2026-06-15 22:46:31] (Hilo: METALES) [🎯 ALINEACIÓN] XPBUSDm | Tendencia H1: DOWN | RSI M1: 72.08 -> SELL
[2026-06-15 22:46:31] (Hilo: METALES) [COOLDOWN MANUAL] XPBUSDm en cuarentena anti-spam.
[2026-06-15 22:46:31] (Hilo: METALES) [🎯 ALINEACIÓN] XPTUSDm | Tendencia H1: DOWN | RSI M1: 76.97 -> SELL
[2026-06-15 22:46:31] (Hilo: METALES) [COOLDOWN MANUAL] XPTUSDm en cuarentena anti-spam.
[2026-06-15 22:46:44] (Hilo: CRIPTO) Patrullando 2 activos...
[2026-06-15 22:46:44] (Hilo: ENERGIA) Patrullando 3 activos...
[2026-06-15 22:46:45] (Hilo: FOREX) Patrullando 7 activos...
[2026-06-15 22:46:46] (Hilo: INDICES) Patrullando 14 activos...
[2026-06-15 22:46:46] (Hilo: ACCIONES) Patrullando 91 activos...
[2026-06-15 22:46:46] (Hilo: ACCIONES) [🎯 ALINEACIÓN] ADBEm | Tendencia H1: DOWN | RSI M1: 70.75 -> SELL
[2026-06-15 22:46:46] (Hilo: ACCIONES) [COOLDOWN MANUAL] ADBEm en cuarentena anti-spam.
[2026-06-15 22:46:46] (Hilo: ACCIONES) [🎯 ALINEACIÓN] AMGNm | Tendencia H1: UP | RSI M1: 25.57 -> BUY
[2026-06-15 22:46:46] (Hilo: ACCIONES) [COOLDOWN MANUAL] AMGNm en cuarentena anti-spam.
[2026-06-15 22:46:46] (Hilo: ACCIONES) [🎯 ALINEACIÓN] CMCSAm | Tendencia H1: DOWN | RSI M1: 76.92 -> SELL
[2026-06-15 22:46:46] (Hilo: ACCIONES) [COOLDOWN MANUAL] CMCSAm en cuarentena anti-spam.
[2026-06-15 22:46:46] (Hilo: ACCIONES) [🎯 ALINEACIÓN] JNJm | Tendencia H1: UP | RSI M1: 10.64 -> BUY
[2026-06-15 22:46:46] (Hilo: ACCIONES) [COOLDOWN MANUAL] JNJm en cuarentena anti-spam.
[2026-06-15 22:46:46] (Hilo: ACCIONES) [🎯 ALINEACIÓN] JPMm | Tendencia H1: UP | RSI M1: 28.81 -> BUY
[2026-06-15 22:46:46] (Hilo: ACCIONES) [COOLDOWN MANUAL] JPMm en cuarentena anti-spam.
[2026-06-15 22:46:46] (Hilo: ACCIONES) [🎯 ALINEACIÓN] LINm | Tendencia H1: UP | RSI M1: 27.91 -> BUY
[2026-06-15 22:46:46] (Hilo: ACCIONES) [COOLDOWN MANUAL] LINm en cuarentena anti-spam.
[2026-06-15 22:46:46] (Hilo: ACCIONES) [🎯 ALINEACIÓN] MCDm | Tendencia H1: UP | RSI M1: 28.07 -> BUY
[2026-06-15 22:46:46] (Hilo: ACCIONES) [COOLDOWN MANUAL] MCDm en cuarentena anti-spam.
[2026-06-15 22:46:46] (Hilo: ACCIONES) [🎯 ALINEACIÓN] MMMm | Tendencia H1: UP | RSI M1: 8.89 -> BUY
[2026-06-15 22:46:46] (Hilo: ACCIONES) [COOLDOWN MANUAL] MMMm en cuarentena anti-spam.
[2026-06-15 22:46:46] (Hilo: ACCIONES) [🎯 ALINEACIÓN] MSFTm | Tendencia H1: DOWN | RSI M1: 95.51 -> SELL
[2026-06-15 22:46:46] (Hilo: ACCIONES) [COOLDOWN MANUAL] MSFTm en cuarentena anti-spam.
[2026-06-15 22:46:46] (Hilo: ACCIONES) [🎯 ALINEACIÓN] NFLXm | Tendencia H1: DOWN | RSI M1: 71.43 -> SELL
[2026-06-15 22:46:46] (Hilo: ACCIONES) [COOLDOWN MANUAL] NFLXm en cuarentena anti-spam.
[2026-06-15 22:46:46] (Hilo: ACCIONES) [🎯 ALINEACIÓN] PGm | Tendencia H1: UP | RSI M1: 24.32 -> BUY
[2026-06-15 22:46:46] (Hilo: ACCIONES) [COOLDOWN MANUAL] PGm en cuarentena anti-spam.
[2026-06-15 22:46:46] (Hilo: ACCIONES) [🎯 ALINEACIÓN] SBUXm | Tendencia H1: UP | RSI M1: 18.37 -> BUY
[2026-06-15 22:46:46] (Hilo: ACCIONES) [COOLDOWN MANUAL] SBUXm en cuarentena anti-spam.
[2026-06-15 22:46:46] (Hilo: ACCIONES) [🎯 ALINEACIÓN] VRTXm | Tendencia H1: UP | RSI M1: 26.01 -> BUY
[2026-06-15 22:46:46] (Hilo: ACCIONES) [COOLDOWN MANUAL] VRTXm en cuarentena anti-spam.
[2026-06-15 22:46:46] (Hilo: METALES) Patrullando 15 activos...
[2026-06-15 22:46:46] (Hilo: METALES) [🎯 ALINEACIÓN] XPBUSDm | Tendencia H1: DOWN | RSI M1: 72.08 -> SELL
[2026-06-15 22:46:46] (Hilo: METALES) [COOLDOWN MANUAL] XPBUSDm en cuarentena anti-spam.
[2026-06-15 22:46:46] (Hilo: METALES) [🎯 ALINEACIÓN] XPTUSDm | Tendencia H1: DOWN | RSI M1: 75.97 -> SELL
[2026-06-15 22:46:46] (Hilo: METALES) [COOLDOWN MANUAL] XPTUSDm en cuarentena anti-spam.
[2026-06-15 22:46:59] (Hilo: CRIPTO) Patrullando 2 activos...
[2026-06-15 22:46:59] (Hilo: ENERGIA) Patrullando 3 activos...
[2026-06-15 22:47:00] (Hilo: FOREX) Patrullando 7 activos...
[2026-06-15 22:47:01] (Hilo: INDICES) Patrullando 14 activos...
[2026-06-15 22:47:01] (Hilo: ACCIONES) Patrullando 91 activos...
[2026-06-15 22:47:01] (Hilo: ACCIONES) [🎯 ALINEACIÓN] ADBEm | Tendencia H1: DOWN | RSI M1: 70.75 -> SELL
[2026-06-15 22:47:01] (Hilo: ACCIONES) [COOLDOWN MANUAL] ADBEm en cuarentena anti-spam.
[2026-06-15 22:47:01] (Hilo: ACCIONES) [🎯 ALINEACIÓN] AMGNm | Tendencia H1: UP | RSI M1: 25.57 -> BUY
[2026-06-15 22:47:01] (Hilo: ACCIONES) [COOLDOWN MANUAL] AMGNm en cuarentena anti-spam.
[2026-06-15 22:47:01] (Hilo: ACCIONES) [🎯 ALINEACIÓN] CMCSAm | Tendencia H1: DOWN | RSI M1: 76.92 -> SELL
[2026-06-15 22:47:01] (Hilo: ACCIONES) [COOLDOWN MANUAL] CMCSAm en cuarentena anti-spam.
[2026-06-15 22:47:01] (Hilo: METALES) Patrullando 15 activos...
[2026-06-15 22:47:01] (Hilo: ACCIONES) [🎯 ALINEACIÓN] JNJm | Tendencia H1: UP | RSI M1: 10.64 -> BUY
[2026-06-15 22:47:01] (Hilo: ACCIONES) [COOLDOWN MANUAL] JNJm en cuarentena anti-spam.
[2026-06-15 22:47:01] (Hilo: ACCIONES) [🎯 ALINEACIÓN] JPMm | Tendencia H1: UP | RSI M1: 28.81 -> BUY
[2026-06-15 22:47:01] (Hilo: ACCIONES) [COOLDOWN MANUAL] JPMm en cuarentena anti-spam.
[2026-06-15 22:47:01] (Hilo: METALES) [🎯 ALINEACIÓN] XPBUSDm | Tendencia H1: DOWN | RSI M1: 72.08 -> SELL
[2026-06-15 22:47:01] (Hilo: ACCIONES) [🎯 ALINEACIÓN] LINm | Tendencia H1: UP | RSI M1: 27.91 -> BUY
[2026-06-15 22:47:01] (Hilo: METALES) [COOLDOWN MANUAL] XPBUSDm en cuarentena anti-spam.
[2026-06-15 22:47:01] (Hilo: ACCIONES) [COOLDOWN MANUAL] LINm en cuarentena anti-spam.
[2026-06-15 22:47:01] (Hilo: METALES) [🎯 ALINEACIÓN] XPTUSDm | Tendencia H1: DOWN | RSI M1: 75.85 -> SELL
[2026-06-15 22:47:01] (Hilo: METALES) [COOLDOWN MANUAL] XPTUSDm en cuarentena anti-spam.
[2026-06-15 22:47:01] (Hilo: ACCIONES) [🎯 ALINEACIÓN] MCDm | Tendencia H1: UP | RSI M1: 28.07 -> BUY
[2026-06-15 22:47:01] (Hilo: ACCIONES) [COOLDOWN MANUAL] MCDm en cuarentena anti-spam.
[2026-06-15 22:47:01] (Hilo: ACCIONES) [🎯 ALINEACIÓN] MMMm | Tendencia H1: UP | RSI M1: 8.89 -> BUY
[2026-06-15 22:47:01] (Hilo: ACCIONES) [COOLDOWN MANUAL] MMMm en cuarentena anti-spam.
[2026-06-15 22:47:01] (Hilo: ACCIONES) [🎯 ALINEACIÓN] MSFTm | Tendencia H1: DOWN | RSI M1: 95.51 -> SELL
[2026-06-15 22:47:01] (Hilo: ACCIONES) [COOLDOWN MANUAL] MSFTm en cuarentena anti-spam.
[2026-06-15 22:47:01] (Hilo: ACCIONES) [🎯 ALINEACIÓN] NFLXm | Tendencia H1: DOWN | RSI M1: 71.43 -> SELL
[2026-06-15 22:47:01] (Hilo: ACCIONES) [COOLDOWN MANUAL] NFLXm en cuarentena anti-spam.
[2026-06-15 22:47:02] (Hilo: ACCIONES) [🎯 ALINEACIÓN] PGm | Tendencia H1: UP | RSI M1: 24.32 -> BUY
[2026-06-15 22:47:02] (Hilo: ACCIONES) [COOLDOWN MANUAL] PGm en cuarentena anti-spam.
[2026-06-15 22:47:02] (Hilo: ACCIONES) [🎯 ALINEACIÓN] SBUXm | Tendencia H1: UP | RSI M1: 18.37 -> BUY
[2026-06-15 22:47:02] (Hilo: ACCIONES) [COOLDOWN MANUAL] SBUXm en cuarentena anti-spam.
[2026-06-15 22:47:02] (Hilo: ACCIONES) [🎯 ALINEACIÓN] VRTXm | Tendencia H1: UP | RSI M1: 26.01 -> BUY
[2026-06-15 22:47:02] (Hilo: ACCIONES) [COOLDOWN MANUAL] VRTXm en cuarentena anti-spam.
[2026-06-15 22:47:14] (Hilo: CRIPTO) Patrullando 2 activos...
[2026-06-15 22:47:14] (Hilo: ENERGIA) Patrullando 3 activos...
[2026-06-15 22:47:15] (Hilo: FOREX) Patrullando 7 activos...
[2026-06-15 22:47:16] (Hilo: INDICES) Patrullando 14 activos...
[2026-06-15 22:47:16] (Hilo: METALES) Patrullando 15 activos...
[2026-06-15 22:47:17] (Hilo: METALES) [🎯 ALINEACIÓN] XPBUSDm | Tendencia H1: DOWN | RSI M1: 72.08 -> SELL
[2026-06-15 22:47:17] (Hilo: METALES) [COOLDOWN MANUAL] XPBUSDm en cuarentena anti-spam.
[2026-06-15 22:47:17] (Hilo: METALES) [🎯 ALINEACIÓN] XPTUSDm | Tendencia H1: DOWN | RSI M1: 73.33 -> SELL
[2026-06-15 22:47:17] (Hilo: METALES) [COOLDOWN MANUAL] XPTUSDm en cuarentena anti-spam.
[2026-06-15 22:47:17] (Hilo: ACCIONES) Patrullando 91 activos...
[2026-06-15 22:47:17] (Hilo: ACCIONES) [🎯 ALINEACIÓN] ADBEm | Tendencia H1: DOWN | RSI M1: 70.75 -> SELL
[2026-06-15 22:47:17] (Hilo: ACCIONES) [COOLDOWN MANUAL] ADBEm en cuarentena anti-spam.
[2026-06-15 22:47:17] (Hilo: ACCIONES) [🎯 ALINEACIÓN] AMGNm | Tendencia H1: UP | RSI M1: 25.57 -> BUY
[2026-06-15 22:47:17] (Hilo: ACCIONES) [COOLDOWN MANUAL] AMGNm en cuarentena anti-spam.
[2026-06-15 22:47:17] (Hilo: ACCIONES) [🎯 ALINEACIÓN] CMCSAm | Tendencia H1: DOWN | RSI M1: 76.92 -> SELL
[2026-06-15 22:47:17] (Hilo: ACCIONES) [COOLDOWN MANUAL] CMCSAm en cuarentena anti-spam.
[2026-06-15 22:47:17] (Hilo: ACCIONES) [🎯 ALINEACIÓN] JNJm | Tendencia H1: UP | RSI M1: 10.64 -> BUY
[2026-06-15 22:47:17] (Hilo: ACCIONES) [COOLDOWN MANUAL] JNJm en cuarentena anti-spam.
[2026-06-15 22:47:17] (Hilo: ACCIONES) [🎯 ALINEACIÓN] JPMm | Tendencia H1: UP | RSI M1: 28.81 -> BUY
[2026-06-15 22:47:17] (Hilo: ACCIONES) [COOLDOWN MANUAL] JPMm en cuarentena anti-spam.
[2026-06-15 22:47:17] (Hilo: ACCIONES) [🎯 ALINEACIÓN] LINm | Tendencia H1: UP | RSI M1: 27.91 -> BUY
[2026-06-15 22:47:17] (Hilo: ACCIONES) [COOLDOWN MANUAL] LINm en cuarentena anti-spam.
[2026-06-15 22:47:17] (Hilo: ACCIONES) [🎯 ALINEACIÓN] MCDm | Tendencia H1: UP | RSI M1: 28.07 -> BUY
[2026-06-15 22:47:17] (Hilo: ACCIONES) [COOLDOWN MANUAL] MCDm en cuarentena anti-spam.
[2026-06-15 22:47:17] (Hilo: ACCIONES) [🎯 ALINEACIÓN] MMMm | Tendencia H1: UP | RSI M1: 8.89 -> BUY
[2026-06-15 22:47:17] (Hilo: ACCIONES) [COOLDOWN MANUAL] MMMm en cuarentena anti-spam.
[2026-06-15 22:47:17] (Hilo: ACCIONES) [🎯 ALINEACIÓN] MSFTm | Tendencia H1: DOWN | RSI M1: 95.51 -> SELL
[2026-06-15 22:47:17] (Hilo: ACCIONES) [COOLDOWN MANUAL] MSFTm en cuarentena anti-spam.
[2026-06-15 22:47:17] (Hilo: ACCIONES) [🎯 ALINEACIÓN] NFLXm | Tendencia H1: DOWN | RSI M1: 71.43 -> SELL
[2026-06-15 22:47:17] (Hilo: ACCIONES) [COOLDOWN MANUAL] NFLXm en cuarentena anti-spam.
[2026-06-15 22:47:17] (Hilo: ACCIONES) [🎯 ALINEACIÓN] PGm | Tendencia H1: UP | RSI M1: 24.32 -> BUY
[2026-06-15 22:47:17] (Hilo: ACCIONES) [COOLDOWN MANUAL] PGm en cuarentena anti-spam.
[2026-06-15 22:47:17] (Hilo: ACCIONES) [🎯 ALINEACIÓN] SBUXm | Tendencia H1: UP | RSI M1: 18.37 -> BUY
[2026-06-15 22:47:17] (Hilo: ACCIONES) [COOLDOWN MANUAL] SBUXm en cuarentena anti-spam.
[2026-06-15 22:47:17] (Hilo: ACCIONES) [🎯 ALINEACIÓN] VRTXm | Tendencia H1: UP | RSI M1: 26.01 -> BUY
[2026-06-15 22:47:17] (Hilo: ACCIONES) [COOLDOWN MANUAL] VRTXm en cuarentena anti-spam.
[2026-06-15 22:47:29] (Hilo: CRIPTO) Patrullando 2 activos...
[2026-06-15 22:47:29] (Hilo: ENERGIA) Patrullando 3 activos...
[2026-06-15 22:47:30] (Hilo: FOREX) Patrullando 7 activos...
[2026-06-15 22:47:31] (Hilo: INDICES) Patrullando 14 activos...
[2026-06-15 22:47:32] (Hilo: METALES) Patrullando 15 activos...
[2026-06-15 22:47:32] (Hilo: METALES) [🎯 ALINEACIÓN] XPBUSDm | Tendencia H1: DOWN | RSI M1: 72.08 -> SELL
[2026-06-15 22:47:32] (Hilo: METALES) [COOLDOWN MANUAL] XPBUSDm en cuarentena anti-spam.
[2026-06-15 22:47:32] (Hilo: METALES) [🎯 ALINEACIÓN] XPTUSDm | Tendencia H1: DOWN | RSI M1: 74.44 -> SELL
[2026-06-15 22:47:32] (Hilo: METALES) [COOLDOWN MANUAL] XPTUSDm en cuarentena anti-spam.
[2026-06-15 22:47:32] (Hilo: ACCIONES) Patrullando 91 activos...
[2026-06-15 22:47:32] (Hilo: ACCIONES) [🎯 ALINEACIÓN] ADBEm | Tendencia H1: DOWN | RSI M1: 70.75 -> SELL
[2026-06-15 22:47:32] (Hilo: ACCIONES) [COOLDOWN MANUAL] ADBEm en cuarentena anti-spam.
[2026-06-15 22:47:32] (Hilo: ACCIONES) [🎯 ALINEACIÓN] AMGNm | Tendencia H1: UP | RSI M1: 25.57 -> BUY
[2026-06-15 22:47:32] (Hilo: ACCIONES) [COOLDOWN MANUAL] AMGNm en cuarentena anti-spam.
[2026-06-15 22:47:32] (Hilo: ACCIONES) [🎯 ALINEACIÓN] CMCSAm | Tendencia H1: DOWN | RSI M1: 76.92 -> SELL
[2026-06-15 22:47:32] (Hilo: ACCIONES) [COOLDOWN MANUAL] CMCSAm en cuarentena anti-spam.
[2026-06-15 22:47:32] (Hilo: ACCIONES) [🎯 ALINEACIÓN] JNJm | Tendencia H1: UP | RSI M1: 10.64 -> BUY
[2026-06-15 22:47:32] (Hilo: ACCIONES) [COOLDOWN MANUAL] JNJm en cuarentena anti-spam.
[2026-06-15 22:47:32] (Hilo: ACCIONES) [🎯 ALINEACIÓN] JPMm | Tendencia H1: UP | RSI M1: 28.81 -> BUY
[2026-06-15 22:47:32] (Hilo: ACCIONES) [COOLDOWN MANUAL] JPMm en cuarentena anti-spam.
[2026-06-15 22:47:32] (Hilo: ACCIONES) [🎯 ALINEACIÓN] LINm | Tendencia H1: UP | RSI M1: 27.91 -> BUY
[2026-06-15 22:47:32] (Hilo: ACCIONES) [COOLDOWN MANUAL] LINm en cuarentena anti-spam.
[2026-06-15 22:47:32] (Hilo: ACCIONES) [🎯 ALINEACIÓN] MCDm | Tendencia H1: UP | RSI M1: 28.07 -> BUY
[2026-06-15 22:47:32] (Hilo: ACCIONES) [COOLDOWN MANUAL] MCDm en cuarentena anti-spam.
[2026-06-15 22:47:32] (Hilo: ACCIONES) [🎯 ALINEACIÓN] MMMm | Tendencia H1: UP | RSI M1: 8.89 -> BUY
[2026-06-15 22:47:32] (Hilo: ACCIONES) [COOLDOWN MANUAL] MMMm en cuarentena anti-spam.
[2026-06-15 22:47:32] (Hilo: ACCIONES) [🎯 ALINEACIÓN] MSFTm | Tendencia H1: DOWN | RSI M1: 95.51 -> SELL
[2026-06-15 22:47:32] (Hilo: ACCIONES) [COOLDOWN MANUAL] MSFTm en cuarentena anti-spam.
[2026-06-15 22:47:32] (Hilo: ACCIONES) [🎯 ALINEACIÓN] NFLXm | Tendencia H1: DOWN | RSI M1: 71.43 -> SELL
[2026-06-15 22:47:32] (Hilo: ACCIONES) [COOLDOWN MANUAL] NFLXm en cuarentena anti-spam.
[2026-06-15 22:47:32] (Hilo: ACCIONES) [🎯 ALINEACIÓN] PGm | Tendencia H1: UP | RSI M1: 24.32 -> BUY
[2026-06-15 22:47:32] (Hilo: ACCIONES) [COOLDOWN MANUAL] PGm en cuarentena anti-spam.
[2026-06-15 22:47:32] (Hilo: ACCIONES) [🎯 ALINEACIÓN] SBUXm | Tendencia H1: UP | RSI M1: 18.37 -> BUY
[2026-06-15 22:47:32] (Hilo: ACCIONES) [COOLDOWN MANUAL] SBUXm en cuarentena anti-spam.
[2026-06-15 22:47:32] (Hilo: ACCIONES) [🎯 ALINEACIÓN] VRTXm | Tendencia H1: UP | RSI M1: 26.01 -> BUY
[2026-06-15 22:47:32] (Hilo: ACCIONES) [COOLDOWN MANUAL] VRTXm en cuarentena anti-spam.
[2026-06-15 22:47:44] (Hilo: CRIPTO) Patrullando 2 activos...
[2026-06-15 22:47:44] (Hilo: ENERGIA) Patrullando 3 activos...
[2026-06-15 22:47:45] (Hilo: FOREX) Patrullando 7 activos...
[2026-06-15 22:47:46] (Hilo: INDICES) Patrullando 14 activos...
[2026-06-15 22:47:47] (Hilo: METALES) Patrullando 15 activos...
[2026-06-15 22:47:47] (Hilo: METALES) [🎯 ALINEACIÓN] XPBUSDm | Tendencia H1: DOWN | RSI M1: 72.08 -> SELL
[2026-06-15 22:47:47] (Hilo: METALES) [COOLDOWN MANUAL] XPBUSDm en cuarentena anti-spam.
[2026-06-15 22:47:47] (Hilo: METALES) [🎯 ALINEACIÓN] XPTUSDm | Tendencia H1: DOWN | RSI M1: 74.44 -> SELL
[2026-06-15 22:47:47] (Hilo: METALES) [COOLDOWN MANUAL] XPTUSDm en cuarentena anti-spam.
[2026-06-15 22:47:47] (Hilo: ACCIONES) Patrullando 91 activos...
[2026-06-15 22:47:47] (Hilo: ACCIONES) [🎯 ALINEACIÓN] ADBEm | Tendencia H1: DOWN | RSI M1: 70.75 -> SELL
[2026-06-15 22:47:47] (Hilo: ACCIONES) [COOLDOWN MANUAL] ADBEm en cuarentena anti-spam.
[2026-06-15 22:47:47] (Hilo: ACCIONES) [🎯 ALINEACIÓN] AMGNm | Tendencia H1: UP | RSI M1: 25.57 -> BUY
[2026-06-15 22:47:47] (Hilo: ACCIONES) [COOLDOWN MANUAL] AMGNm en cuarentena anti-spam.
[2026-06-15 22:47:47] (Hilo: ACCIONES) [🎯 ALINEACIÓN] CMCSAm | Tendencia H1: DOWN | RSI M1: 76.92 -> SELL
[2026-06-15 22:47:47] (Hilo: ACCIONES) [COOLDOWN MANUAL] CMCSAm en cuarentena anti-spam.
[2026-06-15 22:47:47] (Hilo: ACCIONES) [🎯 ALINEACIÓN] JNJm | Tendencia H1: UP | RSI M1: 10.64 -> BUY
[2026-06-15 22:47:47] (Hilo: ACCIONES) [COOLDOWN MANUAL] JNJm en cuarentena anti-spam.
[2026-06-15 22:47:47] (Hilo: ACCIONES) [🎯 ALINEACIÓN] JPMm | Tendencia H1: UP | RSI M1: 28.81 -> BUY
[2026-06-15 22:47:47] (Hilo: ACCIONES) [COOLDOWN MANUAL] JPMm en cuarentena anti-spam.
[2026-06-15 22:47:47] (Hilo: ACCIONES) [🎯 ALINEACIÓN] LINm | Tendencia H1: UP | RSI M1: 27.91 -> BUY
[2026-06-15 22:47:47] (Hilo: ACCIONES) [COOLDOWN MANUAL] LINm en cuarentena anti-spam.
[2026-06-15 22:47:47] (Hilo: ACCIONES) [🎯 ALINEACIÓN] MCDm | Tendencia H1: UP | RSI M1: 28.07 -> BUY
[2026-06-15 22:47:47] (Hilo: ACCIONES) [COOLDOWN MANUAL] MCDm en cuarentena anti-spam.
[2026-06-15 22:47:47] (Hilo: ACCIONES) [🎯 ALINEACIÓN] MMMm | Tendencia H1: UP | RSI M1: 8.89 -> BUY
[2026-06-15 22:47:47] (Hilo: ACCIONES) [COOLDOWN MANUAL] MMMm en cuarentena anti-spam.
[2026-06-15 22:47:47] (Hilo: ACCIONES) [🎯 ALINEACIÓN] MSFTm | Tendencia H1: DOWN | RSI M1: 95.51 -> SELL
[2026-06-15 22:47:47] (Hilo: ACCIONES) [COOLDOWN MANUAL] MSFTm en cuarentena anti-spam.
[2026-06-15 22:47:47] (Hilo: ACCIONES) [🎯 ALINEACIÓN] NFLXm | Tendencia H1: DOWN | RSI M1: 71.43 -> SELL
[2026-06-15 22:47:47] (Hilo: ACCIONES) [COOLDOWN MANUAL] NFLXm en cuarentena anti-spam.
[2026-06-15 22:47:47] (Hilo: ACCIONES) [🎯 ALINEACIÓN] PGm | Tendencia H1: UP | RSI M1: 24.32 -> BUY
[2026-06-15 22:47:47] (Hilo: ACCIONES) [COOLDOWN MANUAL] PGm en cuarentena anti-spam.
[2026-06-15 22:47:47] (Hilo: ACCIONES) [🎯 ALINEACIÓN] SBUXm | Tendencia H1: UP | RSI M1: 18.37 -> BUY
[2026-06-15 22:47:47] (Hilo: ACCIONES) [COOLDOWN MANUAL] SBUXm en cuarentena anti-spam.
[2026-06-15 22:47:47] (Hilo: ACCIONES) [🎯 ALINEACIÓN] VRTXm | Tendencia H1: UP | RSI M1: 26.01 -> BUY
[2026-06-15 22:47:47] (Hilo: ACCIONES) [COOLDOWN MANUAL] VRTXm en cuarentena anti-spam.
[2026-06-15 22:47:59] (Hilo: CRIPTO) Patrullando 2 activos...
[2026-06-15 22:47:59] (Hilo: ENERGIA) Patrullando 3 activos...
[2026-06-15 22:48:00] (Hilo: FOREX) Patrullando 7 activos...
[2026-06-15 22:48:01] (Hilo: INDICES) Patrullando 14 activos...
[2026-06-15 22:48:02] (Hilo: METALES) Patrullando 15 activos...
[2026-06-15 22:48:02] (Hilo: METALES) [🎯 ALINEACIÓN] XPBUSDm | Tendencia H1: DOWN | RSI M1: 72.08 -> SELL
[2026-06-15 22:48:02] (Hilo: METALES) [COOLDOWN MANUAL] XPBUSDm en cuarentena anti-spam.
[2026-06-15 22:48:02] (Hilo: METALES) [🎯 ALINEACIÓN] XPTUSDm | Tendencia H1: DOWN | RSI M1: 74.40 -> SELL
[2026-06-15 22:48:02] (Hilo: METALES) [COOLDOWN MANUAL] XPTUSDm en cuarentena anti-spam.
[2026-06-15 22:48:02] (Hilo: ACCIONES) Patrullando 91 activos...
[2026-06-15 22:48:02] (Hilo: ACCIONES) [🎯 ALINEACIÓN] ADBEm | Tendencia H1: DOWN | RSI M1: 70.75 -> SELL
[2026-06-15 22:48:02] (Hilo: ACCIONES) [COOLDOWN MANUAL] ADBEm en cuarentena anti-spam.
[2026-06-15 22:48:02] (Hilo: ACCIONES) [🎯 ALINEACIÓN] AMGNm | Tendencia H1: UP | RSI M1: 25.57 -> BUY
[2026-06-15 22:48:02] (Hilo: ACCIONES) [COOLDOWN MANUAL] AMGNm en cuarentena anti-spam.
[2026-06-15 22:48:02] (Hilo: ACCIONES) [🎯 ALINEACIÓN] CMCSAm | Tendencia H1: DOWN | RSI M1: 76.92 -> SELL
[2026-06-15 22:48:02] (Hilo: ACCIONES) [COOLDOWN MANUAL] CMCSAm en cuarentena anti-spam.
[2026-06-15 22:48:03] (Hilo: ACCIONES) [🎯 ALINEACIÓN] JNJm | Tendencia H1: UP | RSI M1: 10.64 -> BUY
[2026-06-15 22:48:03] (Hilo: ACCIONES) [COOLDOWN MANUAL] JNJm en cuarentena anti-spam.
[2026-06-15 22:48:03] (Hilo: ACCIONES) [🎯 ALINEACIÓN] JPMm | Tendencia H1: UP | RSI M1: 28.81 -> BUY
[2026-06-15 22:48:03] (Hilo: ACCIONES) [COOLDOWN MANUAL] JPMm en cuarentena anti-spam.
[2026-06-15 22:48:03] (Hilo: ACCIONES) [🎯 ALINEACIÓN] LINm | Tendencia H1: UP | RSI M1: 27.91 -> BUY
[2026-06-15 22:48:03] (Hilo: ACCIONES) [COOLDOWN MANUAL] LINm en cuarentena anti-spam.
[2026-06-15 22:48:03] (Hilo: ACCIONES) [🎯 ALINEACIÓN] MCDm | Tendencia H1: UP | RSI M1: 28.07 -> BUY
[2026-06-15 22:48:03] (Hilo: ACCIONES) [COOLDOWN MANUAL] MCDm en cuarentena anti-spam.
[2026-06-15 22:48:03] (Hilo: ACCIONES) [🎯 ALINEACIÓN] MMMm | Tendencia H1: UP | RSI M1: 8.89 -> BUY
[2026-06-15 22:48:03] (Hilo: ACCIONES) [COOLDOWN MANUAL] MMMm en cuarentena anti-spam.
[2026-06-15 22:48:03] (Hilo: ACCIONES) [🎯 ALINEACIÓN] MSFTm | Tendencia H1: DOWN | RSI M1: 95.51 -> SELL
[2026-06-15 22:48:03] (Hilo: ACCIONES) [COOLDOWN MANUAL] MSFTm en cuarentena anti-spam.
[2026-06-15 22:48:03] (Hilo: ACCIONES) [🎯 ALINEACIÓN] NFLXm | Tendencia H1: DOWN | RSI M1: 71.43 -> SELL
[2026-06-15 22:48:03] (Hilo: ACCIONES) [COOLDOWN MANUAL] NFLXm en cuarentena anti-spam.
[2026-06-15 22:48:03] (Hilo: ACCIONES) [🎯 ALINEACIÓN] PGm | Tendencia H1: UP | RSI M1: 24.32 -> BUY
[2026-06-15 22:48:03] (Hilo: ACCIONES) [COOLDOWN MANUAL] PGm en cuarentena anti-spam.
[2026-06-15 22:48:03] (Hilo: ACCIONES) [🎯 ALINEACIÓN] SBUXm | Tendencia H1: UP | RSI M1: 18.37 -> BUY
[2026-06-15 22:48:03] (Hilo: ACCIONES) [COOLDOWN MANUAL] SBUXm en cuarentena anti-spam.
[2026-06-15 22:48:03] (Hilo: ACCIONES) [🎯 ALINEACIÓN] VRTXm | Tendencia H1: UP | RSI M1: 26.01 -> BUY
[2026-06-15 22:48:03] (Hilo: ACCIONES) [COOLDOWN MANUAL] VRTXm en cuarentena anti-spam.
[2026-06-15 22:48:14] (Hilo: CRIPTO) Patrullando 2 activos...
[2026-06-15 22:48:14] (Hilo: ENERGIA) Patrullando 3 activos...
[2026-06-15 22:48:15] (Hilo: FOREX) Patrullando 7 activos...
[2026-06-15 22:48:16] (Hilo: INDICES) Patrullando 14 activos...
[2026-06-15 22:48:17] (Hilo: METALES) Patrullando 15 activos...
[2026-06-15 22:48:17] (Hilo: METALES) [🎯 ALINEACIÓN] XPBUSDm | Tendencia H1: DOWN | RSI M1: 72.08 -> SELL
[2026-06-15 22:48:17] (Hilo: METALES) [COOLDOWN MANUAL] XPBUSDm en cuarentena anti-spam.
[2026-06-15 22:48:17] (Hilo: METALES) [🎯 ALINEACIÓN] XPTUSDm | Tendencia H1: DOWN | RSI M1: 74.40 -> SELL
[2026-06-15 22:48:17] (Hilo: METALES) [COOLDOWN MANUAL] XPTUSDm en cuarentena anti-spam.
[2026-06-15 22:48:18] (Hilo: ACCIONES) Patrullando 91 activos...
[2026-06-15 22:48:18] (Hilo: ACCIONES) [🎯 ALINEACIÓN] ADBEm | Tendencia H1: DOWN | RSI M1: 70.75 -> SELL
[2026-06-15 22:48:18] (Hilo: ACCIONES) [COOLDOWN MANUAL] ADBEm en cuarentena anti-spam.
[2026-06-15 22:48:18] (Hilo: ACCIONES) [🎯 ALINEACIÓN] AMGNm | Tendencia H1: UP | RSI M1: 25.57 -> BUY
[2026-06-15 22:48:18] (Hilo: ACCIONES) [COOLDOWN MANUAL] AMGNm en cuarentena anti-spam.
[2026-06-15 22:48:18] (Hilo: ACCIONES) [🎯 ALINEACIÓN] CMCSAm | Tendencia H1: DOWN | RSI M1: 76.92 -> SELL
[2026-06-15 22:48:18] (Hilo: ACCIONES) [COOLDOWN MANUAL] CMCSAm en cuarentena anti-spam.
[2026-06-15 22:48:18] (Hilo: ACCIONES) [🎯 ALINEACIÓN] JNJm | Tendencia H1: UP | RSI M1: 10.64 -> BUY
[2026-06-15 22:48:18] (Hilo: ACCIONES) [COOLDOWN MANUAL] JNJm en cuarentena anti-spam.
[2026-06-15 22:48:18] (Hilo: ACCIONES) [🎯 ALINEACIÓN] JPMm | Tendencia H1: UP | RSI M1: 28.81 -> BUY
[2026-06-15 22:48:18] (Hilo: ACCIONES) [COOLDOWN MANUAL] JPMm en cuarentena anti-spam.
[2026-06-15 22:48:18] (Hilo: ACCIONES) [🎯 ALINEACIÓN] LINm | Tendencia H1: UP | RSI M1: 27.91 -> BUY
[2026-06-15 22:48:18] (Hilo: ACCIONES) [COOLDOWN MANUAL] LINm en cuarentena anti-spam.
[2026-06-15 22:48:18] (Hilo: ACCIONES) [🎯 ALINEACIÓN] MCDm | Tendencia H1: UP | RSI M1: 28.07 -> BUY
[2026-06-15 22:48:18] (Hilo: ACCIONES) [COOLDOWN MANUAL] MCDm en cuarentena anti-spam.
[2026-06-15 22:48:18] (Hilo: ACCIONES) [🎯 ALINEACIÓN] MMMm | Tendencia H1: UP | RSI M1: 8.89 -> BUY
[2026-06-15 22:48:18] (Hilo: ACCIONES) [COOLDOWN MANUAL] MMMm en cuarentena anti-spam.
[2026-06-15 22:48:18] (Hilo: ACCIONES) [🎯 ALINEACIÓN] MSFTm | Tendencia H1: DOWN | RSI M1: 95.51 -> SELL
[2026-06-15 22:48:18] (Hilo: ACCIONES) [COOLDOWN MANUAL] MSFTm en cuarentena anti-spam.
[2026-06-15 22:48:18] (Hilo: ACCIONES) [🎯 ALINEACIÓN] NFLXm | Tendencia H1: DOWN | RSI M1: 71.43 -> SELL
[2026-06-15 22:48:18] (Hilo: ACCIONES) [COOLDOWN MANUAL] NFLXm en cuarentena anti-spam.
[2026-06-15 22:48:18] (Hilo: ACCIONES) [🎯 ALINEACIÓN] PGm | Tendencia H1: UP | RSI M1: 24.32 -> BUY
[2026-06-15 22:48:18] (Hilo: ACCIONES) [COOLDOWN MANUAL] PGm en cuarentena anti-spam.
[2026-06-15 22:48:18] (Hilo: ACCIONES) [🎯 ALINEACIÓN] SBUXm | Tendencia H1: UP | RSI M1: 18.37 -> BUY
[2026-06-15 22:48:18] (Hilo: ACCIONES) [COOLDOWN MANUAL] SBUXm en cuarentena anti-spam.
[2026-06-15 22:48:18] (Hilo: ACCIONES) [🎯 ALINEACIÓN] VRTXm | Tendencia H1: UP | RSI M1: 26.01 -> BUY
[2026-06-15 22:48:18] (Hilo: ACCIONES) [COOLDOWN MANUAL] VRTXm en cuarentena anti-spam.
[2026-06-15 22:48:29] (Hilo: CRIPTO) Patrullando 2 activos...
[2026-06-15 22:48:29] (Hilo: ENERGIA) Patrullando 3 activos...
[2026-06-15 22:48:30] (Hilo: FOREX) Patrullando 7 activos...
[2026-06-15 22:48:31] (Hilo: INDICES) Patrullando 14 activos...
[2026-06-15 22:48:32] (Hilo: METALES) Patrullando 15 activos...
[2026-06-15 22:48:32] (Hilo: METALES) [🎯 ALINEACIÓN] XNIUSDm | Tendencia H1: DOWN | RSI M1: 71.55 -> SELL
[2026-06-15 22:48:32] (Hilo: METALES) [XNIUSDm] 🔥 Condiciones de disparo autorizadas. Ejecutando SELL...
[2026-06-15 22:48:32] (Hilo: METALES) [XNIUSDm] ⚠️ Orden rechazada por el bróker (Posible mercado cerrado o error). Activando cuarentena anti-spam de 5 minutos.
[2026-06-15 22:48:32] (Hilo: METALES) [🎯 ALINEACIÓN] XPBUSDm | Tendencia H1: DOWN | RSI M1: 72.08 -> SELL
[2026-06-15 22:48:32] (Hilo: METALES) [XPBUSDm] 🔥 Condiciones de disparo autorizadas. Ejecutando SELL...
[2026-06-15 22:48:32] (Hilo: METALES) [XPBUSDm] ⚠️ Orden rechazada por el bróker (Posible mercado cerrado o error). Activando cuarentena anti-spam de 5 minutos.
[2026-06-15 22:48:32] (Hilo: METALES) [🎯 ALINEACIÓN] XPTUSDm | Tendencia H1: DOWN | RSI M1: 75.04 -> SELL
[2026-06-15 22:48:32] (Hilo: METALES) [COOLDOWN MANUAL] XPTUSDm en cuarentena anti-spam.
[2026-06-15 22:48:33] (Hilo: ACCIONES) Patrullando 91 activos...
[2026-06-15 22:48:33] (Hilo: ACCIONES) [🎯 ALINEACIÓN] ADBEm | Tendencia H1: DOWN | RSI M1: 70.75 -> SELL
[2026-06-15 22:48:33] (Hilo: ACCIONES) [COOLDOWN MANUAL] ADBEm en cuarentena anti-spam.
[2026-06-15 22:48:33] (Hilo: ACCIONES) [🎯 ALINEACIÓN] AMGNm | Tendencia H1: UP | RSI M1: 25.57 -> BUY
[2026-06-15 22:48:33] (Hilo: ACCIONES) [COOLDOWN MANUAL] AMGNm en cuarentena anti-spam.
[2026-06-15 22:48:33] (Hilo: ACCIONES) [🎯 ALINEACIÓN] CMCSAm | Tendencia H1: DOWN | RSI M1: 76.92 -> SELL
[2026-06-15 22:48:33] (Hilo: ACCIONES) [COOLDOWN MANUAL] CMCSAm en cuarentena anti-spam.
[2026-06-15 22:48:33] (Hilo: ACCIONES) [🎯 ALINEACIÓN] JNJm | Tendencia H1: UP | RSI M1: 10.64 -> BUY
[2026-06-15 22:48:33] (Hilo: ACCIONES) [COOLDOWN MANUAL] JNJm en cuarentena anti-spam.
[2026-06-15 22:48:33] (Hilo: ACCIONES) [🎯 ALINEACIÓN] JPMm | Tendencia H1: UP | RSI M1: 28.81 -> BUY
[2026-06-15 22:48:33] (Hilo: ACCIONES) [COOLDOWN MANUAL] JPMm en cuarentena anti-spam.
[2026-06-15 22:48:33] (Hilo: ACCIONES) [🎯 ALINEACIÓN] LINm | Tendencia H1: UP | RSI M1: 27.91 -> BUY
[2026-06-15 22:48:33] (Hilo: ACCIONES) [COOLDOWN MANUAL] LINm en cuarentena anti-spam.
[2026-06-15 22:48:33] (Hilo: ACCIONES) [🎯 ALINEACIÓN] MCDm | Tendencia H1: UP | RSI M1: 28.07 -> BUY
[2026-06-15 22:48:33] (Hilo: ACCIONES) [COOLDOWN MANUAL] MCDm en cuarentena anti-spam.
[2026-06-15 22:48:33] (Hilo: ACCIONES) [🎯 ALINEACIÓN] MMMm | Tendencia H1: UP | RSI M1: 8.89 -> BUY
[2026-06-15 22:48:33] (Hilo: ACCIONES) [COOLDOWN MANUAL] MMMm en cuarentena anti-spam.
[2026-06-15 22:48:33] (Hilo: ACCIONES) [🎯 ALINEACIÓN] MSFTm | Tendencia H1: DOWN | RSI M1: 95.51 -> SELL
[2026-06-15 22:48:33] (Hilo: ACCIONES) [COOLDOWN MANUAL] MSFTm en cuarentena anti-spam.
[2026-06-15 22:48:33] (Hilo: ACCIONES) [🎯 ALINEACIÓN] NFLXm | Tendencia H1: DOWN | RSI M1: 71.43 -> SELL
[2026-06-15 22:48:33] (Hilo: ACCIONES) [COOLDOWN MANUAL] NFLXm en cuarentena anti-spam.
[2026-06-15 22:48:33] (Hilo: ACCIONES) [🎯 ALINEACIÓN] PGm | Tendencia H1: UP | RSI M1: 24.32 -> BUY
[2026-06-15 22:48:33] (Hilo: ACCIONES) [COOLDOWN MANUAL] PGm en cuarentena anti-spam.
[2026-06-15 22:48:33] (Hilo: ACCIONES) [🎯 ALINEACIÓN] SBUXm | Tendencia H1: UP | RSI M1: 18.37 -> BUY
[2026-06-15 22:48:33] (Hilo: ACCIONES) [COOLDOWN MANUAL] SBUXm en cuarentena anti-spam.
[2026-06-15 22:48:33] (Hilo: ACCIONES) [🎯 ALINEACIÓN] VRTXm | Tendencia H1: UP | RSI M1: 26.01 -> BUY
[2026-06-15 22:48:33] (Hilo: ACCIONES) [COOLDOWN MANUAL] VRTXm en cuarentena anti-spam.
[2026-06-15 22:48:44] (Hilo: CRIPTO) Patrullando 2 activos...
[2026-06-15 22:48:44] (Hilo: ENERGIA) Patrullando 3 activos...
[2026-06-15 22:48:45] (Hilo: FOREX) Patrullando 7 activos...
[2026-06-15 22:48:46] (Hilo: INDICES) Patrullando 14 activos...
[2026-06-15 22:48:47] (Hilo: METALES) Patrullando 15 activos...
[2026-06-15 22:48:47] (Hilo: METALES) [🎯 ALINEACIÓN] XNIUSDm | Tendencia H1: DOWN | RSI M1: 71.65 -> SELL
[2026-06-15 22:48:47] (Hilo: METALES) [COOLDOWN MANUAL] XNIUSDm en cuarentena anti-spam.
[2026-06-15 22:48:47] (Hilo: METALES) [🎯 ALINEACIÓN] XPBUSDm | Tendencia H1: DOWN | RSI M1: 72.08 -> SELL
[2026-06-15 22:48:47] (Hilo: METALES) [COOLDOWN MANUAL] XPBUSDm en cuarentena anti-spam.
[2026-06-15 22:48:47] (Hilo: METALES) [🎯 ALINEACIÓN] XPTUSDm | Tendencia H1: DOWN | RSI M1: 76.35 -> SELL
[2026-06-15 22:48:47] (Hilo: METALES) [COOLDOWN MANUAL] XPTUSDm en cuarentena anti-spam.
[2026-06-15 22:48:48] (Hilo: ACCIONES) Patrullando 91 activos...
[2026-06-15 22:48:48] (Hilo: ACCIONES) [🎯 ALINEACIÓN] ADBEm | Tendencia H1: DOWN | RSI M1: 70.75 -> SELL
[2026-06-15 22:48:48] (Hilo: ACCIONES) [COOLDOWN MANUAL] ADBEm en cuarentena anti-spam.
[2026-06-15 22:48:48] (Hilo: ACCIONES) [🎯 ALINEACIÓN] AMGNm | Tendencia H1: UP | RSI M1: 25.57 -> BUY
[2026-06-15 22:48:48] (Hilo: ACCIONES) [COOLDOWN MANUAL] AMGNm en cuarentena anti-spam.
[2026-06-15 22:48:48] (Hilo: ACCIONES) [🎯 ALINEACIÓN] CMCSAm | Tendencia H1: DOWN | RSI M1: 76.92 -> SELL
[2026-06-15 22:48:48] (Hilo: ACCIONES) [COOLDOWN MANUAL] CMCSAm en cuarentena anti-spam.
[2026-06-15 22:48:48] (Hilo: ACCIONES) [🎯 ALINEACIÓN] JNJm | Tendencia H1: UP | RSI M1: 10.64 -> BUY
[2026-06-15 22:48:48] (Hilo: ACCIONES) [COOLDOWN MANUAL] JNJm en cuarentena anti-spam.
[2026-06-15 22:48:48] (Hilo: ACCIONES) [🎯 ALINEACIÓN] JPMm | Tendencia H1: UP | RSI M1: 28.81 -> BUY
[2026-06-15 22:48:48] (Hilo: ACCIONES) [COOLDOWN MANUAL] JPMm en cuarentena anti-spam.
[2026-06-15 22:48:48] (Hilo: ACCIONES) [🎯 ALINEACIÓN] LINm | Tendencia H1: UP | RSI M1: 27.91 -> BUY
[2026-06-15 22:48:48] (Hilo: ACCIONES) [COOLDOWN MANUAL] LINm en cuarentena anti-spam.
[2026-06-15 22:48:48] (Hilo: ACCIONES) [🎯 ALINEACIÓN] MCDm | Tendencia H1: UP | RSI M1: 28.07 -> BUY
[2026-06-15 22:48:48] (Hilo: ACCIONES) [COOLDOWN MANUAL] MCDm en cuarentena anti-spam.
[2026-06-15 22:48:48] (Hilo: ACCIONES) [🎯 ALINEACIÓN] MMMm | Tendencia H1: UP | RSI M1: 8.89 -> BUY
[2026-06-15 22:48:48] (Hilo: ACCIONES) [COOLDOWN MANUAL] MMMm en cuarentena anti-spam.
[2026-06-15 22:48:48] (Hilo: ACCIONES) [🎯 ALINEACIÓN] MSFTm | Tendencia H1: DOWN | RSI M1: 95.51 -> SELL
[2026-06-15 22:48:48] (Hilo: ACCIONES) [COOLDOWN MANUAL] MSFTm en cuarentena anti-spam.
[2026-06-15 22:48:48] (Hilo: ACCIONES) [🎯 ALINEACIÓN] NFLXm | Tendencia H1: DOWN | RSI M1: 71.43 -> SELL
[2026-06-15 22:48:48] (Hilo: ACCIONES) [COOLDOWN MANUAL] NFLXm en cuarentena anti-spam.
[2026-06-15 22:48:48] (Hilo: ACCIONES) [🎯 ALINEACIÓN] PGm | Tendencia H1: UP | RSI M1: 24.32 -> BUY
[2026-06-15 22:48:48] (Hilo: ACCIONES) [COOLDOWN MANUAL] PGm en cuarentena anti-spam.
[2026-06-15 22:48:48] (Hilo: ACCIONES) [🎯 ALINEACIÓN] SBUXm | Tendencia H1: UP | RSI M1: 18.37 -> BUY
[2026-06-15 22:48:48] (Hilo: ACCIONES) [COOLDOWN MANUAL] SBUXm en cuarentena anti-spam.
[2026-06-15 22:48:48] (Hilo: ACCIONES) [🎯 ALINEACIÓN] VRTXm | Tendencia H1: UP | RSI M1: 26.01 -> BUY
[2026-06-15 22:48:48] (Hilo: ACCIONES) [COOLDOWN MANUAL] VRTXm en cuarentena anti-spam.
[2026-06-15 22:48:59] (Hilo: CRIPTO) Patrullando 2 activos...
[2026-06-15 22:48:59] (Hilo: ENERGIA) Patrullando 3 activos...
[2026-06-15 22:49:00] (Hilo: FOREX) Patrullando 7 activos...
[2026-06-15 22:49:01] (Hilo: INDICES) Patrullando 14 activos...
[2026-06-15 22:49:01] (Hilo: INDICES) [🎯 ALINEACIÓN] US30m | Tendencia H1: UP | RSI M1: 28.46 -> BUY
[2026-06-15 22:49:01] (Hilo: INDICES) [US30m] 🔥 Condiciones de disparo autorizadas. Ejecutando BUY...
[2026-06-15 22:49:01] (Hilo: INDICES) [US30m] ⚠️ Orden rechazada por el bróker (Posible mercado cerrado o error). Activando cuarentena anti-spam de 5 minutos.
[2026-06-15 22:49:02] (Hilo: METALES) Patrullando 15 activos...
[2026-06-15 22:49:02] (Hilo: METALES) [🎯 ALINEACIÓN] XNIUSDm | Tendencia H1: DOWN | RSI M1: 70.50 -> SELL
[2026-06-15 22:49:02] (Hilo: METALES) [COOLDOWN MANUAL] XNIUSDm en cuarentena anti-spam.
[2026-06-15 22:49:02] (Hilo: METALES) [🎯 ALINEACIÓN] XPBUSDm | Tendencia H1: DOWN | RSI M1: 72.08 -> SELL
[2026-06-15 22:49:02] (Hilo: METALES) [COOLDOWN MANUAL] XPBUSDm en cuarentena anti-spam.
[2026-06-15 22:49:02] (Hilo: METALES) [🎯 ALINEACIÓN] XPTUSDm | Tendencia H1: DOWN | RSI M1: 73.86 -> SELL
[2026-06-15 22:49:02] (Hilo: METALES) [COOLDOWN MANUAL] XPTUSDm en cuarentena anti-spam.
[2026-06-15 22:49:03] (Hilo: ACCIONES) Patrullando 91 activos...
[2026-06-15 22:49:03] (Hilo: ACCIONES) [🎯 ALINEACIÓN] ADBEm | Tendencia H1: DOWN | RSI M1: 70.75 -> SELL
[2026-06-15 22:49:03] (Hilo: ACCIONES) [COOLDOWN MANUAL] ADBEm en cuarentena anti-spam.
[2026-06-15 22:49:04] (Hilo: ACCIONES) [🎯 ALINEACIÓN] AMGNm | Tendencia H1: UP | RSI M1: 25.57 -> BUY
[2026-06-15 22:49:04] (Hilo: ACCIONES) [COOLDOWN MANUAL] AMGNm en cuarentena anti-spam.
[2026-06-15 22:49:04] (Hilo: ACCIONES) [🎯 ALINEACIÓN] CMCSAm | Tendencia H1: DOWN | RSI M1: 76.92 -> SELL
[2026-06-15 22:49:04] (Hilo: ACCIONES) [COOLDOWN MANUAL] CMCSAm en cuarentena anti-spam.
[2026-06-15 22:49:04] (Hilo: ACCIONES) [🎯 ALINEACIÓN] JNJm | Tendencia H1: UP | RSI M1: 10.64 -> BUY
[2026-06-15 22:49:04] (Hilo: ACCIONES) [COOLDOWN MANUAL] JNJm en cuarentena anti-spam.
[2026-06-15 22:49:04] (Hilo: ACCIONES) [🎯 ALINEACIÓN] JPMm | Tendencia H1: UP | RSI M1: 28.81 -> BUY
[2026-06-15 22:49:04] (Hilo: ACCIONES) [COOLDOWN MANUAL] JPMm en cuarentena anti-spam.
[2026-06-15 22:49:04] (Hilo: ACCIONES) [🎯 ALINEACIÓN] LINm | Tendencia H1: UP | RSI M1: 27.91 -> BUY
[2026-06-15 22:49:04] (Hilo: ACCIONES) [COOLDOWN MANUAL] LINm en cuarentena anti-spam.
[2026-06-15 22:49:04] (Hilo: ACCIONES) [🎯 ALINEACIÓN] MCDm | Tendencia H1: UP | RSI M1: 28.07 -> BUY
[2026-06-15 22:49:04] (Hilo: ACCIONES) [COOLDOWN MANUAL] MCDm en cuarentena anti-spam.
[2026-06-15 22:49:04] (Hilo: ACCIONES) [🎯 ALINEACIÓN] MMMm | Tendencia H1: UP | RSI M1: 8.89 -> BUY
[2026-06-15 22:49:04] (Hilo: ACCIONES) [COOLDOWN MANUAL] MMMm en cuarentena anti-spam.
[2026-06-15 22:49:04] (Hilo: ACCIONES) [🎯 ALINEACIÓN] MSFTm | Tendencia H1: DOWN | RSI M1: 95.51 -> SELL
[2026-06-15 22:49:04] (Hilo: ACCIONES) [COOLDOWN MANUAL] MSFTm en cuarentena anti-spam.
[2026-06-15 22:49:04] (Hilo: ACCIONES) [🎯 ALINEACIÓN] NFLXm | Tendencia H1: DOWN | RSI M1: 71.43 -> SELL
[2026-06-15 22:49:04] (Hilo: ACCIONES) [COOLDOWN MANUAL] NFLXm en cuarentena anti-spam.
[2026-06-15 22:49:04] (Hilo: ACCIONES) [🎯 ALINEACIÓN] PGm | Tendencia H1: UP | RSI M1: 24.32 -> BUY
[2026-06-15 22:49:04] (Hilo: ACCIONES) [COOLDOWN MANUAL] PGm en cuarentena anti-spam.
[2026-06-15 22:49:04] (Hilo: ACCIONES) [🎯 ALINEACIÓN] SBUXm | Tendencia H1: UP | RSI M1: 18.37 -> BUY
[2026-06-15 22:49:04] (Hilo: ACCIONES) [COOLDOWN MANUAL] SBUXm en cuarentena anti-spam.
[2026-06-15 22:49:04] (Hilo: ACCIONES) [🎯 ALINEACIÓN] VRTXm | Tendencia H1: UP | RSI M1: 26.01 -> BUY
[2026-06-15 22:49:04] (Hilo: ACCIONES) [COOLDOWN MANUAL] VRTXm en cuarentena anti-spam.
[2026-06-15 22:49:14] (Hilo: CRIPTO) Patrullando 2 activos...
[2026-06-15 22:49:14] (Hilo: ENERGIA) Patrullando 3 activos...
[2026-06-15 22:49:15] (Hilo: FOREX) Patrullando 7 activos...
[2026-06-15 22:49:16] (Hilo: INDICES) Patrullando 14 activos...
[2026-06-15 22:49:16] (Hilo: INDICES) [🎯 ALINEACIÓN] US30m | Tendencia H1: UP | RSI M1: 26.92 -> BUY
[2026-06-15 22:49:16] (Hilo: INDICES) [COOLDOWN MANUAL] US30m en cuarentena anti-spam.
[2026-06-15 22:49:17] (Hilo: METALES) Patrullando 15 activos...
[2026-06-15 22:49:17] (Hilo: METALES) [🎯 ALINEACIÓN] XNIUSDm | Tendencia H1: DOWN | RSI M1: 70.50 -> SELL
[2026-06-15 22:49:17] (Hilo: METALES) [COOLDOWN MANUAL] XNIUSDm en cuarentena anti-spam.
[2026-06-15 22:49:17] (Hilo: METALES) [🎯 ALINEACIÓN] XPBUSDm | Tendencia H1: DOWN | RSI M1: 72.08 -> SELL
[2026-06-15 22:49:17] (Hilo: METALES) [COOLDOWN MANUAL] XPBUSDm en cuarentena anti-spam.
[2026-06-15 22:49:19] (Hilo: ACCIONES) Patrullando 91 activos...
[2026-06-15 22:49:19] (Hilo: ACCIONES) [🎯 ALINEACIÓN] ADBEm | Tendencia H1: DOWN | RSI M1: 70.75 -> SELL
[2026-06-15 22:49:19] (Hilo: ACCIONES) [COOLDOWN MANUAL] ADBEm en cuarentena anti-spam.
[2026-06-15 22:49:19] (Hilo: ACCIONES) [🎯 ALINEACIÓN] AMGNm | Tendencia H1: UP | RSI M1: 25.57 -> BUY
[2026-06-15 22:49:19] (Hilo: ACCIONES) [COOLDOWN MANUAL] AMGNm en cuarentena anti-spam.
[2026-06-15 22:49:19] (Hilo: ACCIONES) [🎯 ALINEACIÓN] CMCSAm | Tendencia H1: DOWN | RSI M1: 76.92 -> SELL
[2026-06-15 22:49:19] (Hilo: ACCIONES) [COOLDOWN MANUAL] CMCSAm en cuarentena anti-spam.
[2026-06-15 22:49:19] (Hilo: ACCIONES) [🎯 ALINEACIÓN] JNJm | Tendencia H1: UP | RSI M1: 10.64 -> BUY
[2026-06-15 22:49:19] (Hilo: ACCIONES) [COOLDOWN MANUAL] JNJm en cuarentena anti-spam.
[2026-06-15 22:49:19] (Hilo: ACCIONES) [🎯 ALINEACIÓN] JPMm | Tendencia H1: UP | RSI M1: 28.81 -> BUY
[2026-06-15 22:49:19] (Hilo: ACCIONES) [COOLDOWN MANUAL] JPMm en cuarentena anti-spam.
[2026-06-15 22:49:19] (Hilo: ACCIONES) [🎯 ALINEACIÓN] LINm | Tendencia H1: UP | RSI M1: 27.91 -> BUY
[2026-06-15 22:49:19] (Hilo: ACCIONES) [COOLDOWN MANUAL] LINm en cuarentena anti-spam.
[2026-06-15 22:49:19] (Hilo: ACCIONES) [🎯 ALINEACIÓN] MCDm | Tendencia H1: UP | RSI M1: 28.07 -> BUY
[2026-06-15 22:49:19] (Hilo: ACCIONES) [COOLDOWN MANUAL] MCDm en cuarentena anti-spam.
[2026-06-15 22:49:19] (Hilo: ACCIONES) [🎯 ALINEACIÓN] MMMm | Tendencia H1: UP | RSI M1: 8.89 -> BUY
[2026-06-15 22:49:19] (Hilo: ACCIONES) [COOLDOWN MANUAL] MMMm en cuarentena anti-spam.
[2026-06-15 22:49:19] (Hilo: ACCIONES) [🎯 ALINEACIÓN] MSFTm | Tendencia H1: DOWN | RSI M1: 95.51 -> SELL
[2026-06-15 22:49:19] (Hilo: ACCIONES) [COOLDOWN MANUAL] MSFTm en cuarentena anti-spam.
[2026-06-15 22:49:19] (Hilo: ACCIONES) [🎯 ALINEACIÓN] NFLXm | Tendencia H1: DOWN | RSI M1: 71.43 -> SELL
[2026-06-15 22:49:19] (Hilo: ACCIONES) [COOLDOWN MANUAL] NFLXm en cuarentena anti-spam.
[2026-06-15 22:49:19] (Hilo: ACCIONES) [🎯 ALINEACIÓN] PGm | Tendencia H1: UP | RSI M1: 24.32 -> BUY
[2026-06-15 22:49:19] (Hilo: ACCIONES) [COOLDOWN MANUAL] PGm en cuarentena anti-spam.
[2026-06-15 22:49:19] (Hilo: ACCIONES) [🎯 ALINEACIÓN] SBUXm | Tendencia H1: UP | RSI M1: 18.37 -> BUY
[2026-06-15 22:49:19] (Hilo: ACCIONES) [COOLDOWN MANUAL] SBUXm en cuarentena anti-spam.
[2026-06-15 22:49:19] (Hilo: ACCIONES) [🎯 ALINEACIÓN] VRTXm | Tendencia H1: UP | RSI M1: 26.01 -> BUY
[2026-06-15 22:49:19] (Hilo: ACCIONES) [COOLDOWN MANUAL] VRTXm en cuarentena anti-spam.
[2026-06-15 22:49:29] (Hilo: CRIPTO) Patrullando 2 activos...
[2026-06-15 22:49:29] (Hilo: ENERGIA) Patrullando 3 activos...
[2026-06-15 22:49:30] (Hilo: FOREX) Patrullando 7 activos...
[2026-06-15 22:49:31] (Hilo: INDICES) Patrullando 14 activos...
[2026-06-15 22:49:31] (Hilo: INDICES) [🎯 ALINEACIÓN] US30m | Tendencia H1: UP | RSI M1: 28.00 -> BUY
[2026-06-15 22:49:31] (Hilo: INDICES) [COOLDOWN MANUAL] US30m en cuarentena anti-spam.
[2026-06-15 22:49:32] (Hilo: METALES) Patrullando 15 activos...
[2026-06-15 22:49:32] (Hilo: METALES) [🎯 ALINEACIÓN] XPBUSDm | Tendencia H1: DOWN | RSI M1: 72.08 -> SELL
[2026-06-15 22:49:32] (Hilo: METALES) [COOLDOWN MANUAL] XPBUSDm en cuarentena anti-spam.
[2026-06-15 22:49:32] (Hilo: METALES) [🎯 ALINEACIÓN] XPTUSDm | Tendencia H1: DOWN | RSI M1: 71.01 -> SELL
[2026-06-15 22:49:32] (Hilo: METALES) [COOLDOWN MANUAL] XPTUSDm en cuarentena anti-spam.
[2026-06-15 22:49:34] (Hilo: ACCIONES) Patrullando 91 activos...
[2026-06-15 22:49:34] (Hilo: ACCIONES) [🎯 ALINEACIÓN] ADBEm | Tendencia H1: DOWN | RSI M1: 70.75 -> SELL
[2026-06-15 22:49:34] (Hilo: ACCIONES) [COOLDOWN MANUAL] ADBEm en cuarentena anti-spam.
[2026-06-15 22:49:34] (Hilo: ACCIONES) [🎯 ALINEACIÓN] AMGNm | Tendencia H1: UP | RSI M1: 25.57 -> BUY
[2026-06-15 22:49:34] (Hilo: ACCIONES) [COOLDOWN MANUAL] AMGNm en cuarentena anti-spam.
[2026-06-15 22:49:34] (Hilo: ACCIONES) [🎯 ALINEACIÓN] CMCSAm | Tendencia H1: DOWN | RSI M1: 76.92 -> SELL
[2026-06-15 22:49:34] (Hilo: ACCIONES) [COOLDOWN MANUAL] CMCSAm en cuarentena anti-spam.
[2026-06-15 22:49:34] (Hilo: ACCIONES) [🎯 ALINEACIÓN] JNJm | Tendencia H1: UP | RSI M1: 10.64 -> BUY
[2026-06-15 22:49:34] (Hilo: ACCIONES) [COOLDOWN MANUAL] JNJm en cuarentena anti-spam.
[2026-06-15 22:49:34] (Hilo: ACCIONES) [🎯 ALINEACIÓN] JPMm | Tendencia H1: UP | RSI M1: 28.81 -> BUY
[2026-06-15 22:49:34] (Hilo: ACCIONES) [COOLDOWN MANUAL] JPMm en cuarentena anti-spam.
[2026-06-15 22:49:34] (Hilo: ACCIONES) [🎯 ALINEACIÓN] LINm | Tendencia H1: UP | RSI M1: 27.91 -> BUY
[2026-06-15 22:49:34] (Hilo: ACCIONES) [COOLDOWN MANUAL] LINm en cuarentena anti-spam.
[2026-06-15 22:49:34] (Hilo: ACCIONES) [🎯 ALINEACIÓN] MCDm | Tendencia H1: UP | RSI M1: 28.07 -> BUY
[2026-06-15 22:49:34] (Hilo: ACCIONES) [COOLDOWN MANUAL] MCDm en cuarentena anti-spam.
[2026-06-15 22:49:34] (Hilo: ACCIONES) [🎯 ALINEACIÓN] MMMm | Tendencia H1: UP | RSI M1: 8.89 -> BUY
[2026-06-15 22:49:34] (Hilo: ACCIONES) [COOLDOWN MANUAL] MMMm en cuarentena anti-spam.
[2026-06-15 22:49:34] (Hilo: ACCIONES) [🎯 ALINEACIÓN] MSFTm | Tendencia H1: DOWN | RSI M1: 95.51 -> SELL
[2026-06-15 22:49:34] (Hilo: ACCIONES) [COOLDOWN MANUAL] MSFTm en cuarentena anti-spam.
[2026-06-15 22:49:34] (Hilo: ACCIONES) [🎯 ALINEACIÓN] NFLXm | Tendencia H1: DOWN | RSI M1: 71.43 -> SELL
[2026-06-15 22:49:34] (Hilo: ACCIONES) [COOLDOWN MANUAL] NFLXm en cuarentena anti-spam.
[2026-06-15 22:49:34] (Hilo: ACCIONES) [🎯 ALINEACIÓN] PGm | Tendencia H1: UP | RSI M1: 24.32 -> BUY
[2026-06-15 22:49:34] (Hilo: ACCIONES) [COOLDOWN MANUAL] PGm en cuarentena anti-spam.
[2026-06-15 22:49:34] (Hilo: ACCIONES) [🎯 ALINEACIÓN] SBUXm | Tendencia H1: UP | RSI M1: 18.37 -> BUY
[2026-06-15 22:49:34] (Hilo: ACCIONES) [COOLDOWN MANUAL] SBUXm en cuarentena anti-spam.
[2026-06-15 22:49:34] (Hilo: ACCIONES) [🎯 ALINEACIÓN] VRTXm | Tendencia H1: UP | RSI M1: 26.01 -> BUY
[2026-06-15 22:49:34] (Hilo: ACCIONES) [COOLDOWN MANUAL] VRTXm en cuarentena anti-spam.
[2026-06-15 22:49:44] (Hilo: CRIPTO) Patrullando 2 activos...
[2026-06-15 22:49:44] (Hilo: ENERGIA) Patrullando 3 activos...
[2026-06-15 22:49:45] (Hilo: FOREX) Patrullando 7 activos...
[2026-06-15 22:49:46] (Hilo: INDICES) Patrullando 14 activos...
[2026-06-15 22:49:46] (Hilo: INDICES) [🎯 ALINEACIÓN] US30m | Tendencia H1: UP | RSI M1: 29.10 -> BUY
[2026-06-15 22:49:46] (Hilo: INDICES) [COOLDOWN MANUAL] US30m en cuarentena anti-spam.
[2026-06-15 22:49:47] (Hilo: METALES) Patrullando 15 activos...
[2026-06-15 22:49:47] (Hilo: METALES) [🎯 ALINEACIÓN] XPBUSDm | Tendencia H1: DOWN | RSI M1: 72.08 -> SELL
[2026-06-15 22:49:47] (Hilo: METALES) [COOLDOWN MANUAL] XPBUSDm en cuarentena anti-spam.
[2026-06-15 22:49:47] (Hilo: METALES) [🎯 ALINEACIÓN] XPTUSDm | Tendencia H1: DOWN | RSI M1: 71.78 -> SELL
[2026-06-15 22:49:47] (Hilo: METALES) [COOLDOWN MANUAL] XPTUSDm en cuarentena anti-spam.
[2026-06-15 22:49:49] (Hilo: ACCIONES) Patrullando 91 activos...
[2026-06-15 22:49:49] (Hilo: ACCIONES) [🎯 ALINEACIÓN] ADBEm | Tendencia H1: DOWN | RSI M1: 70.75 -> SELL
[2026-06-15 22:49:49] (Hilo: ACCIONES) [COOLDOWN MANUAL] ADBEm en cuarentena anti-spam.
[2026-06-15 22:49:49] (Hilo: ACCIONES) [🎯 ALINEACIÓN] AMGNm | Tendencia H1: UP | RSI M1: 25.57 -> BUY
[2026-06-15 22:49:49] (Hilo: ACCIONES) [COOLDOWN MANUAL] AMGNm en cuarentena anti-spam.
[2026-06-15 22:49:49] (Hilo: ACCIONES) [🎯 ALINEACIÓN] CMCSAm | Tendencia H1: DOWN | RSI M1: 76.92 -> SELL
[2026-06-15 22:49:49] (Hilo: ACCIONES) [COOLDOWN MANUAL] CMCSAm en cuarentena anti-spam.
[2026-06-15 22:49:49] (Hilo: ACCIONES) [🎯 ALINEACIÓN] JNJm | Tendencia H1: UP | RSI M1: 10.64 -> BUY
[2026-06-15 22:49:49] (Hilo: ACCIONES) [COOLDOWN MANUAL] JNJm en cuarentena anti-spam.
[2026-06-15 22:49:49] (Hilo: ACCIONES) [🎯 ALINEACIÓN] JPMm | Tendencia H1: UP | RSI M1: 28.81 -> BUY
[2026-06-15 22:49:49] (Hilo: ACCIONES) [COOLDOWN MANUAL] JPMm en cuarentena anti-spam.
[2026-06-15 22:49:49] (Hilo: ACCIONES) [🎯 ALINEACIÓN] LINm | Tendencia H1: UP | RSI M1: 27.91 -> BUY
[2026-06-15 22:49:49] (Hilo: ACCIONES) [COOLDOWN MANUAL] LINm en cuarentena anti-spam.
[2026-06-15 22:49:49] (Hilo: ACCIONES) [🎯 ALINEACIÓN] MCDm | Tendencia H1: UP | RSI M1: 28.07 -> BUY
[2026-06-15 22:49:49] (Hilo: ACCIONES) [COOLDOWN MANUAL] MCDm en cuarentena anti-spam.
[2026-06-15 22:49:49] (Hilo: ACCIONES) [🎯 ALINEACIÓN] MMMm | Tendencia H1: UP | RSI M1: 8.89 -> BUY
[2026-06-15 22:49:49] (Hilo: ACCIONES) [COOLDOWN MANUAL] MMMm en cuarentena anti-spam.
[2026-06-15 22:49:49] (Hilo: ACCIONES) [🎯 ALINEACIÓN] MSFTm | Tendencia H1: DOWN | RSI M1: 95.51 -> SELL
[2026-06-15 22:49:49] (Hilo: ACCIONES) [COOLDOWN MANUAL] MSFTm en cuarentena anti-spam.
[2026-06-15 22:49:49] (Hilo: ACCIONES) [🎯 ALINEACIÓN] NFLXm | Tendencia H1: DOWN | RSI M1: 71.43 -> SELL
[2026-06-15 22:49:49] (Hilo: ACCIONES) [COOLDOWN MANUAL] NFLXm en cuarentena anti-spam.
[2026-06-15 22:49:49] (Hilo: ACCIONES) [🎯 ALINEACIÓN] PGm | Tendencia H1: UP | RSI M1: 24.32 -> BUY
[2026-06-15 22:49:49] (Hilo: ACCIONES) [COOLDOWN MANUAL] PGm en cuarentena anti-spam.
[2026-06-15 22:49:50] (Hilo: ACCIONES) [🎯 ALINEACIÓN] SBUXm | Tendencia H1: UP | RSI M1: 18.37 -> BUY
[2026-06-15 22:49:50] (Hilo: ACCIONES) [COOLDOWN MANUAL] SBUXm en cuarentena anti-spam.
[2026-06-15 22:49:50] (Hilo: ACCIONES) [🎯 ALINEACIÓN] VRTXm | Tendencia H1: UP | RSI M1: 26.01 -> BUY
[2026-06-15 22:49:50] (Hilo: ACCIONES) [COOLDOWN MANUAL] VRTXm en cuarentena anti-spam.
[2026-06-15 22:49:59] (Hilo: CRIPTO) Patrullando 2 activos...
[2026-06-15 22:49:59] (Hilo: ENERGIA) Patrullando 3 activos...
[2026-06-15 22:50:00] (Hilo: FOREX) Patrullando 7 activos...
[2026-06-15 22:50:01] (Hilo: INDICES) Patrullando 14 activos...
[2026-06-15 22:50:02] (Hilo: METALES) Patrullando 15 activos...
[2026-06-15 22:50:02] (Hilo: METALES) [🎯 ALINEACIÓN] XPBUSDm | Tendencia H1: DOWN | RSI M1: 72.08 -> SELL
[2026-06-15 22:50:02] (Hilo: METALES) [COOLDOWN MANUAL] XPBUSDm en cuarentena anti-spam.
[2026-06-15 22:50:02] (Hilo: METALES) [🎯 ALINEACIÓN] XPTUSDm | Tendencia H1: DOWN | RSI M1: 71.78 -> SELL
[2026-06-15 22:50:02] (Hilo: METALES) [COOLDOWN MANUAL] XPTUSDm en cuarentena anti-spam.
[2026-06-16 03:11:16] (Hilo: FOREX) Patrullando 7 activos...
[2026-06-16 03:11:16] (Hilo: ACCIONES) Patrullando 91 activos...
[2026-06-16 03:11:16] (Hilo: ENERGIA) Patrullando 3 activos...
[2026-06-16 03:11:16] (Hilo: INDICES) Patrullando 14 activos...
[2026-06-16 03:11:16] (Hilo: CRIPTO) Patrullando 2 activos...
[2026-06-16 03:11:16] (Hilo: METALES) Patrullando 15 activos...
[2026-06-16 10:38:33] (Hilo: ENERGIA) Patrullando 3 activos...
[2026-06-16 10:38:33] (Hilo: ACCIONES) [🎯 ALINEACIÓN] ADBEm | Tendencia H1: DOWN | RSI M1: 70.75 -> SELL
[2026-06-16 10:38:33] (Hilo: CRIPTO) Patrullando 2 activos...
[2026-06-16 10:38:33] (Hilo: ACCIONES) [ADBEm] 🔥 Condiciones de disparo autorizadas. Ejecutando SELL...
[2026-06-16 10:38:33] (Hilo: ACCIONES) [ADBEm] ⚠️ Orden rechazada por el bróker (Posible mercado cerrado o error). Activando cuarentena anti-spam de 5 minutos.
[2026-06-16 10:38:34] (Hilo: ACCIONES) [🎯 ALINEACIÓN] AMGNm | Tendencia H1: UP | RSI M1: 25.57 -> BUY
[2026-06-16 10:38:34] (Hilo: ACCIONES) [AMGNm] 🔥 Condiciones de disparo autorizadas. Ejecutando BUY...
[2026-06-16 10:38:34] (Hilo: ACCIONES) [AMGNm] ⚠️ Orden rechazada por el bróker (Posible mercado cerrado o error). Activando cuarentena anti-spam de 5 minutos.
[2026-06-16 10:38:34] (Hilo: METALES) [🎯 ALINEACIÓN] XPBUSDm | Tendencia H1: DOWN | RSI M1: 72.08 -> SELL
[2026-06-16 10:38:34] (Hilo: METALES) [XPBUSDm] 🔥 Condiciones de disparo autorizadas. Ejecutando SELL...
[2026-06-16 10:38:34] (Hilo: METALES) [XPBUSDm] ⚠️ Orden rechazada por el bróker (Posible mercado cerrado o error). Activando cuarentena anti-spam de 5 minutos.
[2026-06-16 10:38:34] (Hilo: METALES) [🎯 ALINEACIÓN] XPTUSDm | Tendencia H1: DOWN | RSI M1: 75.80 -> SELL
[2026-06-16 10:38:34] (Hilo: METALES) [XPTUSDm] 🔥 Condiciones de disparo autorizadas. Ejecutando SELL...
[2026-06-16 10:38:34] (Hilo: METALES) [XPTUSDm] ⚠️ Orden rechazada por el bróker (Posible mercado cerrado o error). Activando cuarentena anti-spam de 5 minutos.
[2026-06-16 10:38:34] (Hilo: ACCIONES) [🎯 ALINEACIÓN] CMCSAm | Tendencia H1: DOWN | RSI M1: 76.92 -> SELL
[2026-06-16 10:38:34] (Hilo: ACCIONES) [CMCSAm] 🔥 Condiciones de disparo autorizadas. Ejecutando SELL...
[2026-06-16 10:38:34] (Hilo: ACCIONES) [CMCSAm] ⚠️ Orden rechazada por el bróker (Posible mercado cerrado o error). Activando cuarentena anti-spam de 5 minutos.
[2026-06-16 10:38:35] (Hilo: ACCIONES) [🎯 ALINEACIÓN] JNJm | Tendencia H1: UP | RSI M1: 10.64 -> BUY
[2026-06-16 10:38:35] (Hilo: ACCIONES) [JNJm] 🔥 Condiciones de disparo autorizadas. Ejecutando BUY...
[2026-06-16 10:38:35] (Hilo: ACCIONES) [JNJm] ⚠️ Orden rechazada por el bróker (Posible mercado cerrado o error). Activando cuarentena anti-spam de 5 minutos.
[2026-06-16 10:38:35] (Hilo: ACCIONES) [🎯 ALINEACIÓN] JPMm | Tendencia H1: UP | RSI M1: 28.81 -> BUY
[2026-06-16 10:38:35] (Hilo: ACCIONES) [JPMm] 🔥 Condiciones de disparo autorizadas. Ejecutando BUY...
[2026-06-16 10:38:35] (Hilo: ACCIONES) [JPMm] ⚠️ Orden rechazada por el bróker (Posible mercado cerrado o error). Activando cuarentena anti-spam de 5 minutos.
[2026-06-16 10:38:35] (Hilo: ACCIONES) [🎯 ALINEACIÓN] LINm | Tendencia H1: UP | RSI M1: 27.91 -> BUY
[2026-06-16 10:38:35] (Hilo: ACCIONES) [LINm] 🔥 Condiciones de disparo autorizadas. Ejecutando BUY...
[2026-06-16 10:38:35] (Hilo: ACCIONES) [LINm] ⚠️ Orden rechazada por el bróker (Posible mercado cerrado o error). Activando cuarentena anti-spam de 5 minutos.
[2026-06-16 10:38:35] (Hilo: ACCIONES) [🎯 ALINEACIÓN] MCDm | Tendencia H1: UP | RSI M1: 28.07 -> BUY
[2026-06-16 10:38:35] (Hilo: ACCIONES) [MCDm] 🔥 Condiciones de disparo autorizadas. Ejecutando BUY...
[2026-06-16 10:38:35] (Hilo: ACCIONES) [MCDm] ⚠️ Orden rechazada por el bróker (Posible mercado cerrado o error). Activando cuarentena anti-spam de 5 minutos.
[2026-06-16 10:38:36] (Hilo: ACCIONES) [🎯 ALINEACIÓN] MMMm | Tendencia H1: UP | RSI M1: 8.89 -> BUY
[2026-06-16 10:38:36] (Hilo: ACCIONES) [MMMm] 🔥 Condiciones de disparo autorizadas. Ejecutando BUY...
[2026-06-16 10:38:36] (Hilo: ACCIONES) [MMMm] ⚠️ Orden rechazada por el bróker (Posible mercado cerrado o error). Activando cuarentena anti-spam de 5 minutos.
[2026-06-16 10:38:36] (Hilo: ACCIONES) [🎯 ALINEACIÓN] NFLXm | Tendencia H1: DOWN | RSI M1: 71.43 -> SELL
[2026-06-16 10:38:36] (Hilo: ACCIONES) [NFLXm] 🔥 Condiciones de disparo autorizadas. Ejecutando SELL...
[2026-06-16 10:38:36] (Hilo: ACCIONES) [NFLXm] ⚠️ Orden rechazada por el bróker (Posible mercado cerrado o error). Activando cuarentena anti-spam de 5 minutos.
[2026-06-16 10:38:36] (Hilo: ACCIONES) [🎯 ALINEACIÓN] PGm | Tendencia H1: UP | RSI M1: 24.32 -> BUY
[2026-06-16 10:38:36] (Hilo: ACCIONES) [PGm] 🔥 Condiciones de disparo autorizadas. Ejecutando BUY...
[2026-06-16 10:38:36] (Hilo: ACCIONES) [PGm] ⚠️ Orden rechazada por el bróker (Posible mercado cerrado o error). Activando cuarentena anti-spam de 5 minutos.
[2026-06-16 10:38:36] (Hilo: ACCIONES) [🎯 ALINEACIÓN] SBUXm | Tendencia H1: UP | RSI M1: 18.37 -> BUY
[2026-06-16 10:38:36] (Hilo: ACCIONES) [SBUXm] 🔥 Condiciones de disparo autorizadas. Ejecutando BUY...
[2026-06-16 10:38:36] (Hilo: ACCIONES) [SBUXm] ⚠️ Orden rechazada por el bróker (Posible mercado cerrado o error). Activando cuarentena anti-spam de 5 minutos.
[2026-06-16 10:38:37] (Hilo: ACCIONES) [🎯 ALINEACIÓN] VRTXm | Tendencia H1: UP | RSI M1: 26.01 -> BUY
[2026-06-16 10:38:37] (Hilo: ACCIONES) [VRTXm] 🔥 Condiciones de disparo autorizadas. Ejecutando BUY...
[2026-06-16 10:38:37] (Hilo: ACCIONES) [VRTXm] ⚠️ Orden rechazada por el bróker (Posible mercado cerrado o error). Activando cuarentena anti-spam de 5 minutos.
[2026-06-16 10:38:48] (Hilo: FOREX) Patrullando 7 activos...
[2026-06-16 10:38:48] (Hilo: FOREX) [🎯 ALINEACIÓN] NZDUSDm | Tendencia H1: DOWN | RSI M1: 77.61 -> SELL
[2026-06-16 10:38:48] (Hilo: FOREX) [NZDUSDm] 🔥 Condiciones de disparo autorizadas. Ejecutando SELL...
[2026-06-16 10:38:49] (Hilo: CRIPTO) Patrullando 2 activos...
[2026-06-16 10:38:49] (Hilo: ENERGIA) Patrullando 3 activos...
[2026-06-16 10:38:49] (Hilo: INDICES) Patrullando 14 activos...
[2026-06-16 10:38:49] (Hilo: INDICES) [🎯 ALINEACIÓN] HK50m | Tendencia H1: DOWN | RSI M1: 76.03 -> SELL
[2026-06-16 10:38:49] (Hilo: INDICES) [HK50m] 🔥 Condiciones de disparo autorizadas. Ejecutando SELL...
[2026-06-16 10:38:49] (Hilo: INDICES) [HK50m] ⚠️ Orden rechazada por el bróker (Posible mercado cerrado o error). Activando cuarentena anti-spam de 5 minutos.
[2026-06-16 10:38:49] (Hilo: METALES) Patrullando 15 activos...
[2026-06-16 10:38:50] (Hilo: METALES) [🎯 ALINEACIÓN] XALUSDm | Tendencia H1: DOWN | RSI M1: 77.13 -> SELL
[2026-06-16 10:38:50] (Hilo: METALES) [XALUSDm] 🔥 Condiciones de disparo autorizadas. Ejecutando SELL...
[2026-06-16 10:38:50] (Hilo: METALES) [XALUSDm] ⚠️ Orden rechazada por el bróker (Posible mercado cerrado o error). Activando cuarentena anti-spam de 5 minutos.
[2026-06-16 10:38:50] (Hilo: METALES) [🎯 ALINEACIÓN] XNIUSDm | Tendencia H1: DOWN | RSI M1: 76.52 -> SELL
[2026-06-16 10:38:50] (Hilo: METALES) [XNIUSDm] 🔥 Condiciones de disparo autorizadas. Ejecutando SELL...
[2026-06-16 10:38:50] (Hilo: METALES) [XNIUSDm] ⚠️ Orden rechazada por el bróker (Posible mercado cerrado o error). Activando cuarentena anti-spam de 5 minutos.
[2026-06-16 10:38:50] (Hilo: METALES) [🎯 ALINEACIÓN] XPBUSDm | Tendencia H1: DOWN | RSI M1: 93.54 -> SELL
[2026-06-16 10:38:50] (Hilo: METALES) [COOLDOWN MANUAL] XPBUSDm en cuarentena anti-spam.
[2026-06-16 10:38:52] (Hilo: ACCIONES) Patrullando 91 activos...
[2026-06-16 10:38:52] (Hilo: ACCIONES) [🎯 ALINEACIÓN] BABAm | Tendencia H1: DOWN | RSI M1: 79.25 -> SELL
[2026-06-16 10:38:52] (Hilo: ACCIONES) [BABAm] 🔥 Condiciones de disparo autorizadas. Ejecutando SELL...
[2026-06-16 10:38:52] (Hilo: ACCIONES) [BABAm] ⚠️ Orden rechazada por el bróker (Posible mercado cerrado o error). Activando cuarentena anti-spam de 5 minutos.
[2026-06-16 10:38:52] (Hilo: ACCIONES) [🎯 ALINEACIÓN] BEKEm | Tendencia H1: DOWN | RSI M1: 100.00 -> SELL
[2026-06-16 10:38:52] (Hilo: ACCIONES) [BEKEm] 🔥 Condiciones de disparo autorizadas. Ejecutando SELL...
[2026-06-16 10:38:52] (Hilo: ACCIONES) [BEKEm] ⚠️ Orden rechazada por el bróker (Posible mercado cerrado o error). Activando cuarentena anti-spam de 5 minutos.
[2026-06-16 10:38:52] (Hilo: ACCIONES) [🎯 ALINEACIÓN] BILIm | Tendencia H1: DOWN | RSI M1: 100.00 -> SELL
[2026-06-16 10:38:52] (Hilo: ACCIONES) [BILIm] 🔥 Condiciones de disparo autorizadas. Ejecutando SELL...
[2026-06-16 10:38:52] (Hilo: ACCIONES) [BILIm] ⚠️ Orden rechazada por el bróker (Posible mercado cerrado o error). Activando cuarentena anti-spam de 5 minutos.
[2026-06-16 10:38:53] (Hilo: ACCIONES) [🎯 ALINEACIÓN] EDUm | Tendencia H1: DOWN | RSI M1: 72.41 -> SELL
[2026-06-16 10:38:53] (Hilo: ACCIONES) [EDUm] 🔥 Condiciones de disparo autorizadas. Ejecutando SELL...
[2026-06-16 10:38:53] (Hilo: ACCIONES) [EDUm] ⚠️ Orden rechazada por el bróker (Posible mercado cerrado o error). Activando cuarentena anti-spam de 5 minutos.
[2026-06-16 10:38:53] (Hilo: ACCIONES) [🎯 ALINEACIÓN] GILDm | Tendencia H1: DOWN | RSI M1: 77.87 -> SELL
[2026-06-16 10:38:53] (Hilo: ACCIONES) [GILDm] 🔥 Condiciones de disparo autorizadas. Ejecutando SELL...
[2026-06-16 10:38:53] (Hilo: ACCIONES) [GILDm] ⚠️ Orden rechazada por el bróker (Posible mercado cerrado o error). Activando cuarentena anti-spam de 5 minutos.
[2026-06-16 10:38:53] (Hilo: ACCIONES) [🎯 ALINEACIÓN] JDm | Tendencia H1: DOWN | RSI M1: 77.78 -> SELL
[2026-06-16 10:38:53] (Hilo: ACCIONES) [JDm] 🔥 Condiciones de disparo autorizadas. Ejecutando SELL...
[2026-06-16 10:38:53] (Hilo: ACCIONES) [JDm] ⚠️ Orden rechazada por el bróker (Posible mercado cerrado o error). Activando cuarentena anti-spam de 5 minutos.
[2026-06-16 10:38:53] (Hilo: ACCIONES) [🎯 ALINEACIÓN] LIm | Tendencia H1: DOWN | RSI M1: 100.00 -> SELL
[2026-06-16 10:38:53] (Hilo: ACCIONES) [LIm] 🔥 Condiciones de disparo autorizadas. Ejecutando SELL...
[2026-06-16 10:38:53] (Hilo: ACCIONES) [LIm] ⚠️ Orden rechazada por el bróker (Posible mercado cerrado o error). Activando cuarentena anti-spam de 5 minutos.
[2026-06-16 10:38:53] (Hilo: ACCIONES) [🎯 ALINEACIÓN] MOm | Tendencia H1: DOWN | RSI M1: 70.00 -> SELL
[2026-06-16 10:38:53] (Hilo: ACCIONES) [MOm] 🔥 Condiciones de disparo autorizadas. Ejecutando SELL...
[2026-06-16 10:38:53] (Hilo: ACCIONES) [MOm] ⚠️ Orden rechazada por el bróker (Posible mercado cerrado o error). Activando cuarentena anti-spam de 5 minutos.
[2026-06-16 10:38:54] (Hilo: ACCIONES) [🎯 ALINEACIÓN] NIOm | Tendencia H1: DOWN | RSI M1: 100.00 -> SELL
[2026-06-16 10:38:54] (Hilo: ACCIONES) [NIOm] 🔥 Condiciones de disparo autorizadas. Ejecutando SELL...
[2026-06-16 10:38:54] (Hilo: ACCIONES) [NIOm] ⚠️ Orden rechazada por el bróker (Posible mercado cerrado o error). Activando cuarentena anti-spam de 5 minutos.
[2026-06-16 10:38:54] (Hilo: ACCIONES) [🎯 ALINEACIÓN] PEPm | Tendencia H1: DOWN | RSI M1: 73.83 -> SELL
[2026-06-16 10:38:54] (Hilo: ACCIONES) [PEPm] 🔥 Condiciones de disparo autorizadas. Ejecutando SELL...
[2026-06-16 10:38:54] (Hilo: ACCIONES) [PEPm] ⚠️ Orden rechazada por el bróker (Posible mercado cerrado o error). Activando cuarentena anti-spam de 5 minutos.
[2026-06-16 10:38:54] (Hilo: ACCIONES) [🎯 ALINEACIÓN] TALm | Tendencia H1: DOWN | RSI M1: 75.00 -> SELL
[2026-06-16 10:38:54] (Hilo: ACCIONES) [TALm] 🔥 Condiciones de disparo autorizadas. Ejecutando SELL...
[2026-06-16 10:38:54] (Hilo: ACCIONES) [TALm] ⚠️ Orden rechazada por el bróker (Posible mercado cerrado o error). Activando cuarentena anti-spam de 5 minutos.
[2026-06-16 10:38:54] (Hilo: ACCIONES) [🎯 ALINEACIÓN] TMEm | Tendencia H1: DOWN | RSI M1: 100.00 -> SELL
[2026-06-16 10:38:54] (Hilo: ACCIONES) [TMEm] 🔥 Condiciones de disparo autorizadas. Ejecutando SELL...
[2026-06-16 10:38:54] (Hilo: ACCIONES) [TMEm] ⚠️ Orden rechazada por el bróker (Posible mercado cerrado o error). Activando cuarentena anti-spam de 5 minutos.
[2026-06-16 10:38:55] (Hilo: ACCIONES) [🎯 ALINEACIÓN] ZTOm | Tendencia H1: DOWN | RSI M1: 83.33 -> SELL
[2026-06-16 10:38:55] (Hilo: ACCIONES) [ZTOm] 🔥 Condiciones de disparo autorizadas. Ejecutando SELL...
[2026-06-16 10:38:55] (Hilo: ACCIONES) [ZTOm] ⚠️ Orden rechazada por el bróker (Posible mercado cerrado o error). Activando cuarentena anti-spam de 5 minutos.
